CuisineType,RestaurantID,RestaurantName,Segment,Subregion,GrowthFactor,AOV,MonthlyOrders,InStoreOrders,InStoreRevenue,UberEatsOrders,DoorDashOrders,SelfDeliveryOrders,UberEatsRevenue,DoorDashRevenue,SelfDeliveryRevenue,COGSRate,OPEXRate,CommissionRate,DeliveryRadiusKM,DeliveryCostPerOrder,SD_DeliveryTotalCost,InStoreNetProfit,UberEatsNetProfit,DoorDashNetProfit,SelfDeliveryNetProfit,InStoreShare,UE_share,DD_share,SD_share,TotalRevenue,TotalNetProfit,ProfitMargin,GrowthPotentialScore,GrowthClass
Burgers,25731,Urban Burgers House,Cafe,North Shore,1.03,43.97,668,197,8662.09,212,118,141,9321.64,5188.46,6199.77,0.208741431,0.366171811,0.28,11,3.25,458.25,3682.14,1352.45,752.78,2177.19,0.42,0.45,0.25,0.3,29371.96,7964.5599999999995,0.2711620198311587,64.7475630663099,High
Burgers,25123,Urban Burgers Diner,QSR,South Auckland,1.05,40.45,1388,259,10476.55,508,282,339,20548.6,11406.9,13712.55,0.248216603,0.407612904,0.28,16,4.72,1600.08,3605.72,1318.61,731.99,3119.38,0.23,0.45,0.25,0.3,56144.59999999999,8775.7,0.1563053258906467,71.57982710193171,High
Burgers,25177,King Burgers Eatery,Cafe,West Auckland,1.04,40.03,1717,524,20975.72,537,298,358,21496.11,11928.94,14330.74,0.219687956,0.407931714,0.3,11,3.25,1163.5,7810.95,1555.9,863.42,4172.99,0.44,0.45,0.25,0.3,68731.51000000001,14403.26,0.20955832339490282,73.27543409483215,High
Burgers,25540,Classic Burgers Tavern,QSR,North Shore,1.03,36.28,1083,216,7836.48,390,217,260,14149.2,7872.76,9432.8,0.237290997,0.437815106,0.33,3,0.89,231.4,2546.02,-72.25,-40.2,2833.26,0.25,0.45,0.25,0.3,39291.240000000005,5266.83,0.13404590946989708,53.27686019843695,Medium
Burgers,25258,Lucky Burgers Bistro,Cafe,South Auckland,1.05,34.34,1230,261,8962.74,436,242,291,14972.24,8310.28,9992.94,0.221437568,0.433456664,0.33,9,2.66,774.06,3093.09,226.17,125.53,2674.56,0.27,0.45,0.25,0.3,42238.200000000004,6119.35,0.1448771491209379,63.88835681475913,High
Burgers,26138,King Burgers Kitchen,QSR,North Shore,1.03,36.88,827,160,5900.8,300,167,200,11064.0,6158.96,7376.0,0.265131495,0.395680022,0.29,13,3.84,768.0,2001.48,544.22,302.95,1733.85,0.24,0.45,0.25,0.3,30499.76,4582.5,0.15024708391147998,52.183579124579715,Medium
Burgers,25396,Urban Burgers Eatery,QSR,South Auckland,1.05,46.32,881,176,8152.32,317,176,212,14683.44,8152.32,9819.84,0.224100139,0.372992298,0.28,7,2.07,438.84,3284.63,1804.71,1001.98,3517.65,0.25,0.45,0.25,0.3,40807.92,9608.97,0.23546826204325041,76.61177892890498,High
Burgers,25087,Urban Burgers Tavern,Ghost Kitchen,CBD,0.99,34.74,800,72,2501.28,328,182,218,11394.72,6322.68,7573.32,0.285647805,0.293128232,0.31,18,5.31,1157.58,1053.6,1267.37,703.23,2032.48,0.1,0.45,0.25,0.3,27792.0,5056.68,0.18194732297063904,32.19305995572685,Low
Burgers,25125,Classic Burgers Tavern,Cafe,CBD,0.99,32.79,612,152,4984.08,207,115,138,6787.53,3770.85,4525.02,0.279599561,0.375583385,0.3,8,2.36,325.68,1718.6,304.2,169.0,1234.62,0.33,0.45,0.25,0.3,20067.480000000003,3426.42,0.17074490668484532,27.778319710559664,Low
Burgers,25762,Lucky Burgers Cafe,QSR,South Auckland,1.05,36.07,572,128,4616.96,200,111,133,7214.0,4003.77,4797.31,0.220322184,0.430256453,0.27,11,3.25,432.25,1613.26,572.95,317.98,1244.03,0.29,0.45,0.25,0.3,20632.04,3748.2200000000003,0.181669868805993,60.91323322860887,Medium
Burgers,25009,Lucky Burgers Eatery,Cafe,South Auckland,1.05,45.34,1036,274,12423.16,343,190,229,15551.62,8614.6,10382.86,0.267623493,0.392365171,0.31,13,3.84,879.36,4224.02,466.72,258.54,2650.93,0.36,0.45,0.25,0.3,46972.24,7600.210000000001,0.16180216229841288,72.44278601990322,High
Burgers,25107,King Burgers Eatery,Ghost Kitchen,CBD,0.99,42.53,953,62,2636.86,401,223,267,17054.53,9484.19,11355.51,0.260719021,0.292267443,0.29,10,2.95,787.65,1178.71,2677.79,1489.15,4288.42,0.07,0.45,0.25,0.3,40531.090000000004,9634.07,0.2376958033943819,44.261541103188804,Low
Burgers,25352,King Burgers Bistro,Ghost Kitchen,North Shore,1.03,31.83,1354,100,3183.0,564,314,376,17952.12,9994.62,11968.08,0.259987647,0.224010411,0.33,15,4.43,1665.68,1642.43,3339.13,1859.02,4509.87,0.08,0.45,0.25,0.3,43097.82,11350.45,0.26336482912592796,61.01722588441111,Medium
Burgers,25255,Urban Burgers Diner,Cafe,North Shore,1.03,37.65,1511,302,11370.3,544,302,363,20481.6,11370.3,13666.95,0.210879623,0.369592107,0.28,16,4.72,1713.36,4770.16,2857.76,1586.48,4020.31,0.25,0.45,0.25,0.3,56889.149999999994,13234.71,0.23264031893603615,65.60990221323041,High
Burgers,26270,Top Burgers Diner,Ghost Kitchen,CBD,0.99,42.95,1382,53,2276.35,598,332,399,25684.1,14259.4,17137.05,0.259372561,0.309947346,0.29,18,5.31,2118.69,980.38,3613.24,2006.01,5261.9,0.04,0.45,0.25,0.3,59356.899999999994,11861.529999999999,0.199834054676036,46.59825519264798,Medium
Burgers,25612,Classic Burgers Bistro,QSR,South Auckland,1.05,45.49,998,193,8779.57,362,201,242,16467.38,9143.49,11008.58,0.253722506,0.430719664,0.28,4,1.18,285.56,2770.46,585.54,325.12,3188.28,0.24,0.45,0.25,0.3,45399.020000000004,6869.4,0.1513116362423682,71.46445994282047,High
Burgers,25436,Classic Burgers Tavern,Full-service,North Shore,1.03,42.97,718,242,10398.74,214,119,143,9195.58,5113.43,6144.71,0.36893942,0.501108689,0.32,8,2.36,337.48,1351.34,-1747.6,-971.8,461.04,0.51,0.45,0.25,0.3,30852.46,-907.02,-0.02939862818070261,44.17331174919028,Low
Burgers,25260,Classic Burgers Cafe,Full-service,West Auckland,1.04,32.34,2051,646,20891.64,632,351,422,20438.88,11351.34,13647.48,0.373705843,0.465107345,0.28,13,3.84,1620.48,3367.46,-2428.41,-1348.69,579.31,0.46,0.45,0.25,0.3,66329.34,169.67000000000007,0.0025579931897407706,56.24387158974085,Medium
Burgers,25452,Lucky Burgers Kitchen,Cafe,CBD,0.99,30.92,1308,324,10018.08,443,246,295,13697.56,7606.32,9121.4,0.230996016,0.373214837,0.31,11,3.25,958.75,3965.05,1175.1,652.54,2651.4,0.33,0.45,0.25,0.3,40443.36,8444.09,0.20878804332775516,36.073776969439294,Low
Burgers,25319,King Burgers Diner,Cafe,West Auckland,1.04,45.6,799,184,8390.4,277,154,184,12631.2,7022.4,8390.4,0.279372675,0.399700685,0.29,15,4.43,815.12,2692.7,390.64,217.18,1877.58,0.3,0.45,0.25,0.3,36434.4,5178.099999999999,0.14212118217947872,63.84097273073268,High
Burgers,25132,Lucky Burgers Tavern,Ghost Kitchen,CBD,0.99,36.56,897,42,1535.52,385,214,256,14075.6,7823.84,9359.36,0.294071698,0.265251148,0.3,18,5.31,1359.36,676.67,1980.12,1100.64,2765.1,0.05,0.45,0.25,0.3,32794.32,6522.530000000001,0.19889206423551398,35.92279582183441,Low
Burgers,26489,Classic Burgers Cafe,Cafe,West Auckland,1.04,36.49,1640,468,17077.32,527,293,352,19230.23,10691.57,12844.48,0.22605615,0.371622992,0.3,16,4.72,1661.44,6870.56,1967.65,1093.97,3506.16,0.4,0.45,0.25,0.3,59843.600000000006,13438.34,0.22455768035345466,70.42862114496413,High
Burgers,25040,Lucky Burgers Grill,QSR,North Shore,1.03,41.72,1452,299,12474.28,519,288,346,21652.68,12015.36,14435.12,0.248099703,0.389124023,0.32,18,5.31,1837.26,4525.37,926.22,513.97,3399.46,0.26,0.45,0.25,0.3,60577.44,9365.02,0.15459583633775215,63.23212165634543,Medium
Burgers,25502,Top Burgers Grill,Cafe,West Auckland,1.04,34.21,899,207,7081.47,311,173,208,10639.31,5918.33,7115.68,0.247309529,0.350396152,0.31,3,0.89,185.12,2848.84,981.95,546.23,2677.48,0.3,0.45,0.25,0.3,30754.79,7054.5,0.22937890325376956,60.97584680638259,Medium
Burgers,25889,Top Burgers Bistro,QSR,North Shore,1.03,40.18,1334,231,9281.58,496,276,331,19929.28,11089.68,13299.58,0.238772939,0.433020328,0.31,17,5.02,1661.62,3046.28,362.85,201.91,2703.39,0.21,0.45,0.25,0.3,53600.12,6314.43,0.1178062661053744,58.18522076858644,Medium
Burgers,25283,Urban Burgers Grill,Cafe,South Auckland,1.05,42.16,571,151,6366.16,189,105,126,7968.24,4426.8,5312.16,0.276084447,0.441550264,0.29,4,1.18,148.68,1797.58,-60.84,-33.8,1351.29,0.36,0.45,0.25,0.3,24073.36,3054.23,0.1268717785967559,62.45020607204622,Medium
Burgers,25366,Classic Burgers Tavern,Full-service,West Auckland,1.04,45.99,701,214,9841.86,219,122,146,10071.81,5610.78,6714.54,0.392565074,0.450436521,0.27,4,1.18,172.28,1545.16,-1138.13,-634.03,881.89,0.44,0.45,0.25,0.3,32238.989999999998,654.89,0.020313601635783256,54.93938843440249,Medium
Burgers,25247,Lucky Burgers Kitchen,Cafe,South Auckland,1.05,34.73,1151,304,10557.92,381,212,254,13232.13,7362.76,8821.42,0.201390176,0.416730786,0.31,5,1.48,375.92,4031.85,951.11,529.23,2992.8,0.36,0.45,0.25,0.3,39974.229999999996,8504.990000000002,0.2127618218036971,67.96222682710578,High
Burgers,25004,King Burgers Cafe,Ghost Kitchen,South Auckland,1.05,34.64,1629,106,3671.84,685,381,457,23728.4,13197.84,15830.48,0.259387835,0.336022477,0.32,18,5.31,2426.67,1485.59,2007.18,1116.4,3978.18,0.07,0.45,0.25,0.3,56428.56,8587.35,0.1521809168974009,68.84712533037577,High
Burgers,25853,Classic Burgers Tavern,Ghost Kitchen,CBD,0.99,31.34,1519,72,2256.48,651,362,434,20402.34,11345.08,13601.56,0.272829318,0.31957067,0.32,5,1.48,642.32,919.74,1787.25,993.83,4901.68,0.05,0.45,0.25,0.3,47605.46,8602.5,0.1807040620970788,36.76940745078452,Low
Burgers,25005,Classic Burgers Bistro,Ghost Kitchen,South Auckland,1.05,39.35,1305,85,3344.75,549,305,366,21603.15,12001.75,14402.1,0.285651653,0.280214195,0.3,9,2.66,973.56,1452.07,2897.72,1609.84,5278.88,0.07,0.45,0.25,0.3,51351.75,11238.51,0.21885349574259885,73.97057370149727,High
Burgers,25077,Lucky Burgers House,Cafe,CBD,0.99,39.76,1641,378,15029.28,568,316,379,22583.68,12564.16,15069.04,0.211968362,0.366120141,0.31,14,4.13,1565.27,6341.03,2527.37,1406.07,4792.53,0.3,0.45,0.25,0.3,65246.159999999996,15067.0,0.23092546749111367,48.680515261023835,Medium
Burgers,25856,Top Burgers Cafe,Cafe,West Auckland,1.04,34.59,1501,328,11345.52,528,293,352,18263.52,10134.87,12175.68,0.212431895,0.353694221,0.3,8,2.36,830.72,4922.52,2445.01,1356.79,4451.99,0.28,0.45,0.25,0.3,51919.590000000004,13176.31,0.2537830133096197,69.29641413558649,High
Burgers,25886,Urban Burgers Bistro,Ghost Kitchen,South Auckland,1.05,35.87,1180,77,2761.99,496,276,331,17791.52,9900.12,11872.97,0.25488461,0.256033067,0.32,17,5.02,1661.62,1350.84,3008.23,1673.94,4145.24,0.07,0.45,0.25,0.3,42326.600000000006,10178.25,0.2404693502431095,71.11463240947884,High
Burgers,25133,Top Burgers Corner,Full-service,South Auckland,1.05,44.46,2051,636,28276.56,637,354,424,28321.02,15738.84,18851.04,0.386117483,0.498271016,0.27,12,3.54,1500.96,3269.1,-4372.44,-2429.9,678.44,0.45,0.45,0.25,0.3,91187.45999999999,-2854.7999999999997,-0.031306936282686236,69.38751278370803,High
Burgers,25377,Lucky Burgers Bistro,Full-service,South Auckland,1.05,39.78,1449,442,17582.76,453,252,302,18020.34,10024.56,12013.56,0.380261697,0.519352306,0.28,4,1.18,356.36,1765.06,-3236.71,-1800.55,849.63,0.44,0.45,0.25,0.3,57641.219999999994,-2422.5699999999997,-0.04202843034897596,58.290021705360736,Medium
Burgers,25245,Lucky Burgers Cafe,QSR,North Shore,1.03,43.22,1634,294,12706.68,603,335,402,26061.66,14478.7,17374.44,0.241746065,0.40828571,0.32,3,0.89,357.78,4446.93,781.02,433.9,5722.72,0.22,0.45,0.25,0.3,70621.48,11384.57,0.1612054859229798,66.88722457869997,High
Burgers,25861,Classic Burgers Diner,Cafe,West Auckland,1.04,38.26,1934,490,18747.4,650,361,433,24869.0,13811.86,16566.58,0.236518039,0.380630135,0.28,13,3.84,1662.72,7177.48,2557.82,1420.58,4679.83,0.34,0.45,0.25,0.3,73994.84,15835.71,0.21401100401054993,74.34197189386387,High
Burgers,25257,King Burgers Bistro,QSR,South Auckland,1.05,44.28,1873,350,15498.0,685,381,457,30331.8,16870.68,20235.96,0.216959699,0.412135698,0.3,9,2.66,1215.62,5748.28,2150.66,1196.21,6289.99,0.23,0.45,0.25,0.3,82936.44,15385.14,0.18550518927506413,81.95650898546023,High
Burgers,25378,King Burgers Cafe,QSR,North Shore,1.03,37.56,1595,298,11192.88,584,324,389,21935.04,12169.44,14610.84,0.232022813,0.378713313,0.32,10,2.95,1147.55,4356.98,1519.31,842.9,4539.92,0.23,0.45,0.25,0.3,59908.2,11259.109999999999,0.18793938058562934,63.40813629769033,Medium
Burgers,26108,King Burgers House,Ghost Kitchen,North Shore,1.03,44.4,668,60,2664.0,274,152,182,12165.6,6748.8,8080.8,0.253680309,0.260938313,0.33,11,3.25,591.5,1293.06,1890.31,1048.64,3330.77,0.1,0.45,0.25,0.3,29659.2,7562.780000000001,0.25498934563305825,64.02823607473596,High
Burgers,25501,Classic Burgers Eatery,Cafe,South Auckland,1.05,39.67,1315,395,15669.65,414,230,276,16423.38,9124.1,10948.92,0.254867387,0.375745487,0.3,7,2.07,571.32,5788.17,1139.57,633.1,3473.07,0.43,0.45,0.25,0.3,52166.049999999996,11033.91,0.21151515209604715,73.85707950836932,High
Burgers,26230,Top Burgers Kitchen,Cafe,CBD,0.99,42.19,1387,374,15779.06,456,253,304,19238.64,10674.07,12825.76,0.207379126,0.384480269,0.3,15,4.43,1346.72,6440.08,2080.48,1154.3,3887.99,0.37,0.45,0.25,0.3,58517.53,13562.849999999999,0.23177413674158837,48.148367861633936,Medium
Burgers,26313,Classic Burgers Diner,Full-service,South Auckland,1.05,36.32,604,166,6029.12,197,110,131,7155.04,3995.2,4757.92,0.393435937,0.505011982,0.3,12,3.54,463.74,612.27,-1419.9,-792.84,19.44,0.38,0.45,0.25,0.3,21937.28,-1581.0300000000002,-0.07207046634769672,44.37738837608294,Low
Burgers,25775,Lucky Burgers Tavern,QSR,South Auckland,1.05,36.5,1366,273,9964.5,492,273,328,17958.0,9964.5,11972.0,0.202122342,0.395233107,0.29,3,0.89,291.92,4012.15,2022.87,1122.45,4528.54,0.25,0.45,0.25,0.3,49859.0,11686.01,0.2343811548566959,73.20849934368265,High
Burgers,26274,Urban Burgers Bistro,Cafe,West Auckland,1.04,43.42,1527,352,15283.84,529,294,352,22969.18,12765.48,15283.84,0.220944037,0.393518742,0.31,7,2.07,728.64,5892.49,1735.03,964.27,5163.85,0.3,0.45,0.25,0.3,66302.34,13755.64,0.2074683940265155,74.04617711446633,High
Burgers,26100,Urban Burgers House,QSR,South Auckland,1.05,42.81,1119,216,9246.96,406,226,271,17380.86,9675.06,11601.51,0.232086843,0.351238824,0.32,6,1.77,479.67,3852.97,1680.28,935.33,4354.38,0.24,0.45,0.25,0.3,47904.39,10822.96,0.22592835437420244,75.46092991257285,High
Burgers,25779,Classic Burgers Grill,Full-service,CBD,0.99,34.31,1833,642,22027.02,536,298,357,18390.16,10224.38,12248.67,0.366821484,0.451014979,0.28,5,1.48,528.36,4012.52,-1799.23,-1000.32,1702.9,0.54,0.45,0.25,0.3,62890.229999999996,2915.87,0.04636443530258993,33.58886704470327,Low
Burgers,26101,King Burgers Tavern,Full-service,CBD,0.99,32.18,597,164,5277.52,195,108,130,6275.1,3475.44,4183.4,0.378334257,0.516466749,0.33,18,5.31,690.3,555.19,-1410.65,-781.28,-250.21,0.38,0.45,0.25,0.3,19211.46,-1886.95,-0.09822002075844315,8.981698540702645,Low
Burgers,25053,King Burgers Tavern,Full-service,West Auckland,1.04,33.51,1661,499,16721.49,523,290,349,17525.73,9717.9,11694.99,0.396553314,0.485376675,0.28,12,3.54,1235.46,1974.31,-2837.94,-1573.62,145.37,0.43,0.45,0.25,0.3,55660.11,-2291.88,-0.041176346938588515,50.19091788551461,Medium
Burgers,25631,Classic Burgers Grill,Full-service,South Auckland,1.05,36.33,1499,525,19073.25,438,244,292,15912.54,8864.52,10608.36,0.372706735,0.524310494,0.28,12,3.54,1033.68,1964.22,-2816.79,-1569.17,58.8,0.54,0.45,0.25,0.3,54458.67,-2362.9399999999996,-0.04338960169243942,55.758461778324666,Medium
Burgers,26360,Urban Burgers Bistro,Cafe,North Shore,1.03,44.7,1528,361,16136.7,525,292,350,23467.5,13052.4,15645.0,0.26732464,0.437447388,0.33,12,3.54,1239.0,4764.01,-816.01,-453.86,3379.84,0.31,0.45,0.25,0.3,68301.6,6873.98,0.10064156622978083,62.963273453687016,Medium
Burgers,26079,Top Burgers Eatery,Cafe,CBD,0.99,43.28,562,166,7184.48,178,99,119,7703.84,4284.72,5150.32,0.243581773,0.436767387,0.31,14,4.13,491.47,2296.53,74.35,41.35,1154.83,0.42,0.45,0.25,0.3,24323.36,3567.06,0.1466516139217608,34.65066676988759,Low
Burgers,25111,Classic Burgers Kitchen,Ghost Kitchen,South Auckland,1.05,46.57,1487,122,5681.54,614,341,410,28593.98,15880.37,19093.7,0.297469939,0.321676252,0.29,13,3.84,1574.4,2163.84,2597.87,1442.79,5697.51,0.09,0.45,0.25,0.3,69249.59,11902.01,0.1718711980821836,78.936193063269,High
Burgers,25595,Top Burgers Kitchen,QSR,West Auckland,1.04,37.61,1276,271,10192.31,452,251,302,16999.72,9440.11,11358.22,0.218210295,0.373063065,0.3,14,4.13,1247.26,4165.87,1848.32,1026.39,3395.15,0.27,0.45,0.25,0.3,47990.36,10435.73,0.2174547138216925,67.07390439636794,High
Burgers,25881,Lucky Burgers Diner,QSR,CBD,0.99,36.87,1197,199,7337.13,449,250,299,16554.63,9217.5,11024.13,0.20185687,0.401524103,0.28,15,4.43,1324.57,2910.05,1930.58,1074.94,3047.81,0.2,0.45,0.25,0.3,44133.39,8963.38,0.20309747336427134,39.637199103848616,Low
Burgers,26244,Urban Burgers House,Cafe,West Auckland,1.04,34.3,1728,356,12210.8,617,343,412,21163.1,11764.9,14131.6,0.242821231,0.435210465,0.33,17,5.02,2068.24,3931.49,-169.98,-94.49,2481.69,0.26,0.45,0.25,0.3,59270.399999999994,6148.71,0.1037399781341108,61.336689906787825,Medium
Burgers,26245,Classic Burgers Corner,Full-service,North Shore,1.03,35.96,697,226,8126.96,212,118,141,7623.52,4243.28,5070.36,0.369292362,0.529286201,0.29,6,1.77,249.57,824.25,-1437.63,-800.19,264.67,0.48,0.45,0.25,0.3,25064.12,-1148.9,-0.045838433585539816,36.815392958036355,Low
Burgers,26490,Classic Burgers Eatery,Full-service,West Auckland,1.04,41.27,1437,485,20015.95,428,238,286,17663.56,9822.26,11803.22,0.381961006,0.502269129,0.32,14,4.13,1181.18,2317.24,-3607.43,-2006.0,185.28,0.51,0.45,0.25,0.3,59304.990000000005,-3110.91,-0.05245612553007765,53.74271158146029,Medium
Burgers,25400,Top Burgers Corner,Ghost Kitchen,West Auckland,1.04,44.01,1458,95,4180.95,613,341,409,26978.13,15007.41,18000.09,0.287121943,0.263713604,0.29,14,4.13,1689.17,1877.93,4293.96,2388.65,6395.83,0.07,0.45,0.25,0.3,64166.58,14956.37,0.23308660053255137,75.55106929198028,High
Burgers,26532,King Burgers House,Full-service,North Shore,1.03,34.87,2227,722,25176.14,677,376,452,23606.99,13111.12,15761.24,0.383675678,0.470021477,0.31,8,2.36,1066.72,3683.34,-3864.4,-2146.25,1239.19,0.48,0.45,0.25,0.3,77655.49,-1088.12,-0.014012145181235735,54.16050968345074,Medium
Burgers,25267,King Burgers Kitchen,Cafe,West Auckland,1.04,35.82,818,238,8525.16,261,145,174,9349.02,5193.9,6232.68,0.210430281,0.436889241,0.28,4,1.18,205.32,3006.66,679.49,377.5,1992.82,0.41,0.45,0.25,0.3,29300.760000000002,6056.469999999999,0.2067000992465724,59.978835260497554,Medium
Burgers,25119,Classic Burgers Eatery,Cafe,CBD,0.99,33.49,1265,253,8472.97,455,253,304,15237.95,8472.97,10180.96,0.238450532,0.443626348,0.3,5,1.48,449.92,2693.75,273.11,151.86,2786.84,0.25,0.45,0.25,0.3,42364.85,5905.56,0.13939763742819816,33.15745343434072,Low
Burgers,26494,Top Burgers House,Full-service,CBD,0.99,41.87,1466,475,19888.25,446,248,297,18674.02,10383.76,12435.39,0.387959812,0.479524136,0.31,11,3.25,965.25,2635.51,-3314.34,-1842.95,682.64,0.48,0.45,0.25,0.3,61381.420000000006,-1839.1399999999999,-0.029962487019687713,31.07953249988456,Low
Burgers,25161,Top Burgers Corner,Cafe,West Auckland,1.04,40.42,1119,319,12893.98,360,200,240,14551.2,8084.0,9700.8,0.279486142,0.420557478,0.3,13,3.84,921.6,3867.63,-0.63,-0.35,1988.22,0.4,0.45,0.25,0.3,45229.979999999996,5854.87,0.12944666347409395,61.90764559599749,Medium
Burgers,26214,Urban Burgers Corner,Cafe,CBD,0.99,37.88,1694,370,14015.6,596,331,397,22576.48,12538.28,15038.36,0.258535533,0.35665085,0.33,18,5.31,2108.07,5393.39,1237.5,687.27,3678.9,0.28,0.45,0.25,0.3,64168.72,10997.06,0.17137726917413967,43.6122759365571,Low
Burgers,25528,Lucky Burgers Bistro,QSR,North Shore,1.03,36.79,1652,361,13281.19,581,323,387,21374.99,11883.17,14237.73,0.204108449,0.449127486,0.28,10,2.95,1141.65,4605.44,1427.08,793.37,3795.48,0.28,0.45,0.25,0.3,60777.08,10621.369999999999,0.17475946524578012,62.45951565734804,Medium
Burgers,25973,King Burgers Kitchen,Full-service,West Auckland,1.04,37.44,591,153,5728.32,197,110,131,7375.68,4118.4,4904.64,0.372759494,0.487910197,0.27,13,3.84,503.04,798.13,-963.78,-538.15,180.33,0.35,0.45,0.25,0.3,22127.04,-523.4699999999999,-0.023657479717124383,43.46398588811965,Low
Burgers,25730,Top Burgers Eatery,QSR,CBD,0.99,39.64,1809,395,15657.8,636,354,424,25211.04,14032.56,16807.36,0.239658871,0.433120137,0.32,5,1.48,627.52,5123.56,182.05,101.33,4872.2,0.28,0.45,0.25,0.3,71708.76,10279.14,0.14334566655454647,44.451298620713686,Low
Burgers,26135,King Burgers Tavern,Full-service,CBD,0.99,34.74,1202,395,13722.3,363,202,242,12610.62,7017.48,8407.08,0.380201765,0.464409941,0.31,18,5.31,1285.02,2132.28,-1949.75,-1084.98,21.34,0.49,0.45,0.25,0.3,41757.479999999996,-881.1099999999998,-0.02110065070976505,22.759078308379916,Low
Burgers,26380,Classic Burgers Tavern,Full-service,CBD,0.99,39.01,1834,505,19700.05,598,332,399,23327.98,12951.32,15564.99,0.393061459,0.511228195,0.28,11,3.25,1296.75,1885.5,-4299.11,-2386.79,192.98,0.38,0.45,0.25,0.3,71544.34,-4607.42,-0.06439950386012366,30.182328072193986,Low
Burgers,25895,Top Burgers Corner,Full-service,West Auckland,1.04,46.39,1073,376,17442.64,314,174,209,14566.46,8071.86,9695.51,0.377299416,0.47225636,0.31,6,1.77,369.93,2624.14,-2324.16,-1287.91,1088.7,0.54,0.45,0.25,0.3,49776.47,100.76999999999998,0.002024450508443045,57.97577286865319,Medium
Burgers,25330,Urban Burgers Tavern,Ghost Kitchen,North Shore,1.03,44.91,1161,65,2919.15,493,274,329,22140.63,12305.34,14775.39,0.262536823,0.241623855,0.27,17,5.02,1651.58,1447.43,5000.22,2779.03,5674.64,0.06,0.45,0.25,0.3,52140.51,14901.32,0.2857916042631727,71.74171661803422,High
Burgers,25170,Lucky Burgers Tavern,QSR,West Auckland,1.04,46.04,1530,334,15377.36,538,299,359,24769.52,13765.96,16528.36,0.217860503,0.394324672,0.29,12,3.54,1270.86,5963.57,2422.83,1346.51,5139.08,0.28,0.45,0.25,0.3,70441.20000000001,14871.99,0.21112630108516034,76.5776088046551,High
Burgers,25442,Classic Burgers Grill,Cafe,West Auckland,1.04,43.24,1155,318,13750.32,377,209,251,16301.48,9037.16,10853.24,0.264888013,0.398093697,0.3,4,1.18,296.18,4634.11,603.45,334.54,3361.56,0.38,0.45,0.25,0.3,49942.2,8933.66,0.178879985262964,68.04199229622363,High
Burgers,26588,Lucky Burgers Corner,Cafe,West Auckland,1.04,38.95,2083,540,21033.0,694,386,463,27031.3,15034.7,18033.85,0.24857624,0.371197632,0.33,10,2.95,1365.85,7997.3,1357.68,755.13,5491.09,0.35,0.45,0.25,0.3,81132.85,15601.199999999999,0.19229202474706605,75.04447672953299,High
Burgers,25294,Lucky Burgers Tavern,Ghost Kitchen,CBD,0.99,34.43,998,82,2823.26,412,229,275,14185.16,7884.47,9468.25,0.262558715,0.207000499,0.33,9,2.66,731.5,1497.57,2843.28,1580.37,4290.85,0.09,0.45,0.25,0.3,34361.14,10212.07,0.29719823032646764,41.7767375815854,Low
Burgers,25174,Classic Burgers Corner,Full-service,North Shore,1.03,33.99,1728,544,18490.56,533,296,355,18116.67,10061.04,12066.45,0.383637686,0.547367854,0.32,15,4.43,1572.65,1275.75,-4547.38,-2525.38,-740.13,0.46,0.45,0.25,0.3,58734.72,-6537.14,-0.11129941540540246,41.58799819771802,Low
Burgers,25376,Top Burgers House,Ghost Kitchen,South Auckland,1.05,43.85,1531,100,4385.0,644,358,429,28239.4,15698.3,18811.65,0.29566688,0.349170912,0.29,16,4.72,2024.88,1557.39,1840.14,1022.94,4656.31,0.07,0.45,0.25,0.3,67134.35,9076.78,0.13520321564147117,74.59143314100231,High
Burgers,25418,Top Burgers Eatery,Cafe,North Shore,1.03,43.29,1941,593,25670.97,607,337,404,26277.03,14588.73,17489.16,0.239532026,0.372590852,0.27,6,1.77,715.08,9957.18,3097.46,1719.68,6068.57,0.44,0.45,0.25,0.3,84025.89,20842.89,0.24805318932057727,76.03468124518788,High
Burgers,25015,Lucky Burgers Grill,QSR,CBD,0.99,34.71,1299,276,9579.96,460,256,307,15966.6,8885.76,10655.97,0.221846213,0.446916462,0.32,3,0.89,273.23,3173.24,179.42,99.85,3256.42,0.27,0.45,0.25,0.3,45088.29,6708.93,0.14879539676488063,35.19831753617445,Low
Burgers,26027,Urban Burgers Bistro,Cafe,West Auckland,1.04,38.25,1123,303,11589.75,369,205,246,14114.25,7841.25,9409.5,0.243503914,0.423347631,0.3,13,3.84,944.64,3861.11,467.87,259.93,2190.12,0.37,0.45,0.25,0.3,42954.75,6779.030000000001,0.15781793631670538,61.994135021624885,Medium
Burgers,26391,Classic Burgers Bistro,Ghost Kitchen,North Shore,1.03,43.92,805,45,1976.4,342,190,228,15020.64,8344.8,10013.76,0.295922064,0.232905829,0.28,14,4.13,941.64,931.22,2871.53,1595.29,3776.56,0.06,0.45,0.25,0.3,35355.6,9174.6,0.25949495978006315,65.36397523244422,High
Burgers,26514,Lucky Burgers Corner,QSR,West Auckland,1.04,36.38,638,106,3856.28,239,133,160,8694.82,4838.54,5820.8,0.248522783,0.386922581,0.31,17,5.02,803.2,1405.82,474.34,263.96,1318.8,0.2,0.45,0.25,0.3,23210.44,3462.92,0.1491966546088743,54.689120056108735,Medium
Burgers,26677,Top Burgers Tavern,Cafe,South Auckland,1.05,34.3,1342,333,11421.9,454,252,303,15572.2,8643.6,10392.9,0.216553137,0.409603461,0.29,13,3.84,1163.52,4270.0,1305.63,724.71,2721.8,0.33,0.45,0.25,0.3,46030.6,9022.14,0.1960030935942612,68.47852042024502,High
Burgers,25181,King Burgers Cafe,Full-service,South Auckland,1.05,36.18,2043,594,21490.92,652,362,435,23589.36,13097.16,15738.3,0.370753841,0.519469612,0.28,9,2.66,1157.1,2359.2,-4015.46,-2229.44,570.6,0.41,0.45,0.25,0.3,73915.74,-3315.1000000000004,-0.04484971671798185,61.26951159717666,Medium
Burgers,25468,Top Burgers House,Full-service,West Auckland,1.04,32.39,1216,383,12405.37,375,208,250,12146.25,6737.12,8097.5,0.38519335,0.526770381,0.31,3,0.89,222.5,1092.12,-2696.03,-1495.4,490.37,0.46,0.45,0.25,0.3,39386.240000000005,-2608.9400000000005,-0.06623988479225232,42.84559092322772,Low
Burgers,26586,King Burgers Bistro,Full-service,West Auckland,1.04,36.69,1582,498,18271.62,488,271,325,17904.72,9942.99,11924.25,0.357282415,0.527841171,0.28,12,3.54,1150.5,2098.98,-2956.49,-1641.82,219.32,0.46,0.45,0.25,0.3,58043.579999999994,-2280.0099999999998,-0.03928100230895475,52.2203203533987,Medium
Burgers,26141,Lucky Burgers Eatery,Full-service,West Auckland,1.04,34.93,1402,378,13203.54,461,256,307,16102.73,8942.08,10723.51,0.391132952,0.514671806,0.28,9,2.66,816.62,1243.71,-2991.96,-1661.48,193.48,0.37,0.45,0.25,0.3,48971.86,-3216.25,-0.0656754715871523,47.030260292123266,Medium
Burgers,25268,King Burgers Corner,Cafe,CBD,0.99,37.1,904,253,9386.3,293,163,195,10870.3,6047.3,7234.5,0.217014491,0.400262145,0.28,16,4.72,920.4,3592.36,1116.63,621.2,1848.41,0.39,0.45,0.25,0.3,33538.399999999994,7178.599999999999,0.214041218424254,37.48132139164545,Low
Burgers,25308,Urban Burgers House,QSR,West Auckland,1.04,44.68,1854,334,14923.12,684,380,456,30561.12,16978.4,20374.08,0.241154741,0.358429965,0.31,15,4.43,2020.08,5975.45,2763.19,1535.11,6138.01,0.22,0.45,0.25,0.3,82836.72,16411.760000000002,0.19812179912483258,77.94980313806818,High
Burgers,25067,Classic Burgers Kitchen,Full-service,CBD,0.99,43.14,1160,343,14797.02,368,204,245,15875.52,8800.56,10569.3,0.358276336,0.504268041,0.31,11,3.25,796.25,2033.93,-2739.23,-1518.49,656.56,0.42,0.45,0.25,0.3,50042.399999999994,-1567.23,-0.031318042300129495,28.852709558677738,Low
Burgers,26241,Top Burgers Eatery,QSR,South Auckland,1.05,38.16,1019,190,7250.4,373,207,249,14233.68,7899.12,9501.84,0.245450911,0.423436921,0.32,12,3.54,881.46,2400.7,158.17,87.78,2264.71,0.23,0.45,0.25,0.3,38885.04,4911.360000000001,0.12630461483387956,63.69738123195341,High
Burgers,26201,Classic Burgers House,Full-service,South Auckland,1.05,40.9,1340,409,16728.1,419,233,279,17137.1,9529.7,11411.1,0.385463857,0.521124046,0.32,11,3.25,906.75,1562.61,-3883.06,-2159.31,159.18,0.44,0.45,0.25,0.3,54805.99999999999,-4320.58,-0.07883406926248952,55.624819400245194,Medium
Burgers,25272,Urban Burgers Eatery,QSR,CBD,0.99,32.02,1165,225,7204.5,423,235,282,13544.46,7524.7,9029.64,0.203551977,0.44405027,0.32,8,2.36,665.52,2538.85,438.81,243.78,2516.5,0.24,0.45,0.25,0.3,37303.3,5737.9400000000005,0.15381856296895985,31.809459262184074,Low
Burgers,25192,Lucky Burgers Bistro,Cafe,South Auckland,1.05,43.45,1384,351,15250.95,465,258,310,20204.25,11210.1,13469.5,0.23134802,0.434121697,0.32,9,2.66,824.6,5101.9,293.57,162.89,3681.36,0.34,0.45,0.25,0.3,60134.799999999996,9239.72,0.15365013270186315,73.93909134767026,High
Burgers,25435,Classic Burgers Bistro,QSR,West Auckland,1.04,45.13,1249,225,10154.25,461,256,307,20804.93,11553.28,13854.91,0.213164032,0.396249586,0.33,18,5.31,1630.17,3966.11,1260.5,699.97,3781.37,0.22,0.45,0.25,0.3,56367.369999999995,9707.95,0.1722264139696424,70.21103483261297,High
Burgers,25678,Urban Burgers Eatery,QSR,CBD,0.99,43.24,772,139,6010.36,285,158,190,12323.4,6831.92,8215.6,0.237665633,0.396260367,0.32,12,3.54,672.6,2200.24,567.79,314.77,2334.92,0.22,0.45,0.25,0.3,33381.28,5417.719999999999,0.16229815034055015,37.88518609021219,Low
Burgers,26286,King Burgers Tavern,QSR,South Auckland,1.05,45.42,1742,337,15306.54,632,351,422,28705.44,15942.42,19167.24,0.218293915,0.417047551,0.28,14,4.13,1742.86,5581.66,2430.16,1349.66,5246.64,0.24,0.45,0.25,0.3,79121.64,14608.119999999999,0.18462863004356328,81.49612419189543,High
Burgers,26246,Lucky Burgers Bistro,QSR,West Auckland,1.04,38.73,1299,276,10689.48,460,256,307,17815.8,9914.88,11890.11,0.268982829,0.391698329,0.27,5,1.48,454.36,3627.14,1234.97,687.29,3580.18,0.27,0.45,0.25,0.3,50310.27,9129.58,0.18146553377670208,65.85609247046926,High
Burgers,25399,Urban Burgers Corner,QSR,CBD,0.99,30.37,828,186,5648.82,289,160,193,8776.93,4859.2,5861.41,0.224838664,0.369480476,0.33,13,3.84,741.12,2291.62,664.25,367.75,1636.74,0.29,0.45,0.25,0.3,25146.36,4960.36,0.19725956361079694,29.761037289695135,Low
Burgers,26074,Top Burgers Grill,Full-service,North Shore,1.03,36.77,2031,559,20554.43,662,368,442,24341.74,13531.36,16252.34,0.378746073,0.537014341,0.28,16,4.72,2086.24,1731.5,-4765.15,-2648.9,-717.15,0.38,0.45,0.25,0.3,74679.87,-6399.699999999999,-0.08569511435946527,48.8996054471479,Medium
Burgers,25605,King Burgers Tavern,QSR,North Shore,1.03,43.27,1706,373,16139.71,600,333,400,25962.0,14408.91,17308.0,0.238182747,0.420431646,0.28,6,1.77,708.0,5509.86,1593.69,884.5,5200.7,0.28,0.45,0.25,0.3,73818.62,13188.75,0.17866427196823784,68.86550388755545,High
Burgers,25807,Top Burgers Kitchen,Cafe,CBD,0.99,44.33,1736,513,22741.29,550,306,367,24381.5,13564.98,16269.11,0.258666134,0.408973059,0.32,11,3.25,1192.75,7558.31,301.38,167.67,4214.46,0.42,0.45,0.25,0.3,76956.88,12241.82,0.15907375662838721,48.77431213862287,Medium
Burgers,26050,Top Burgers House,Ghost Kitchen,West Auckland,1.04,32.95,1386,126,4151.7,567,315,378,18682.65,10379.25,12455.1,0.289802646,0.219370783,0.31,13,3.84,1451.52,2037.76,3378.32,1876.84,4661.77,0.1,0.45,0.25,0.3,45668.700000000004,11954.69,0.26176987739961943,67.21066761000746,High
Burgers,25403,Top Burgers Diner,Ghost Kitchen,South Auckland,1.05,34.3,637,57,1955.1,261,145,174,8952.3,4973.5,5968.2,0.27611177,0.269399675,0.3,13,3.84,668.16,888.57,1383.03,768.35,2044.32,0.1,0.45,0.25,0.3,21849.1,5084.2699999999995,0.23269928738483506,63.513156885792064,Medium
Burgers,26578,King Burgers Diner,Cafe,CBD,0.99,38.1,675,159,6057.9,232,129,155,8839.2,4914.9,5905.5,0.222686308,0.359760212,0.33,15,4.43,686.65,2529.5,773.9,430.32,1779.21,0.31,0.45,0.25,0.3,25717.5,5512.93,0.21436492660639644,35.9476018021687,Low
Burgers,25487,Classic Burgers Grill,QSR,South Auckland,1.05,35.26,1439,259,9132.34,531,295,354,18723.06,10401.7,12482.04,0.200697394,0.353761872,0.31,3,0.89,315.06,4068.83,2537.74,1409.85,5246.2,0.22,0.45,0.25,0.3,50739.14000000001,13262.619999999999,0.2613883483243902,74.73085677350421,High
Burgers,25771,Lucky Burgers Corner,Ghost Kitchen,West Auckland,1.04,40.86,660,31,1266.66,283,157,189,11563.38,6415.02,7722.54,0.251700412,0.221080634,0.32,11,3.25,614.25,667.81,2396.15,1329.31,3457.22,0.05,0.45,0.25,0.3,26967.6,7850.49,0.2911082187513906,68.33158815233053,High
Burgers,25327,Urban Burgers Corner,Ghost Kitchen,CBD,0.99,34.39,1281,37,1272.43,560,311,373,19258.4,10695.29,12827.47,0.299884437,0.205399782,0.3,18,5.31,1980.63,629.49,3749.91,2082.54,4365.32,0.03,0.45,0.25,0.3,44053.590000000004,10827.259999999998,0.24577474843707398,41.26439532044561,Low
Burgers,25813,Urban Burgers Tavern,Cafe,North Shore,1.03,44.37,579,153,6788.61,192,106,128,8519.04,4703.22,5679.36,0.272136336,0.428637852,0.3,13,3.84,491.52,2031.33,-6.6,-3.64,1207.89,0.36,0.45,0.25,0.3,25690.230000000003,3228.98,0.1256890265287621,54.35574327772673,Medium
Burgers,26057,Lucky Burgers Tavern,Full-service,South Auckland,1.05,44.05,966,255,11232.75,320,178,213,14096.0,7840.9,9382.65,0.35517197,0.468937209,0.3,11,3.25,692.25,1975.74,-1749.44,-973.13,958.07,0.36,0.45,0.25,0.3,42552.3,211.24,0.004964244000911819,60.0324498163047,Medium
Burgers,25976,Lucky Burgers Tavern,Full-service,North Shore,1.03,34.27,1009,336,11514.72,303,168,202,10383.81,5757.36,6922.54,0.35828266,0.518133828,0.3,4,1.18,238.36,1423.03,-1831.88,-1015.69,617.15,0.5,0.45,0.25,0.3,34578.43,-807.3900000000002,-0.023349527436612946,40.16751714616693,Low
Burgers,25573,Top Burgers Tavern,Cafe,North Shore,1.03,44.39,1946,575,25524.25,617,343,411,27388.63,15225.77,18244.29,0.21225262,0.377365898,0.31,8,2.36,969.96,10474.68,2749.31,1528.39,6517.16,0.42,0.45,0.25,0.3,86382.94,21269.54,0.24622384929246446,76.91032587267082,High
Burgers,26573,King Burgers House,Full-service,South Auckland,1.05,34.62,1576,511,17690.82,479,266,320,16582.98,9208.92,11078.4,0.371734362,0.500425458,0.31,6,1.77,566.4,2261.6,-3020.75,-1677.5,849.86,0.48,0.45,0.25,0.3,54561.12,-1586.79,-0.029082797420580807,56.063448573680766,Medium
Burgers,25819,Lucky Burgers Cafe,Cafe,CBD,0.99,35.4,799,224,7929.6,259,144,172,9168.6,5097.6,6088.8,0.25784453,0.362598595,0.31,18,5.31,913.32,3009.73,637.74,354.57,1397.73,0.39,0.45,0.25,0.3,28284.600000000002,5399.77,0.19090848023305967,33.35367092472655,Low
Burgers,25817,Top Burgers House,QSR,West Auckland,1.04,33.88,1496,259,8774.92,557,309,371,18871.16,10468.92,12569.48,0.210763217,0.417573497,0.32,13,3.84,1424.64,3261.32,974.95,540.86,3246.97,0.21,0.45,0.25,0.3,50684.479999999996,8024.1,0.15831473460909534,62.20359068494344,Medium
Burgers,26669,Classic Burgers Cafe,Cafe,CBD,0.99,44.18,844,232,10249.76,275,153,184,12149.5,6759.54,8129.12,0.22939337,0.38555606,0.29,16,4.72,868.48,3946.68,1154.82,642.5,2261.64,0.38,0.45,0.25,0.3,37287.920000000006,8005.639999999999,0.21469795043542247,42.98208787645793,Low
Burgers,25538,Top Burgers Cafe,Full-service,CBD,0.99,40.02,1573,473,18929.46,495,275,330,19809.9,11005.5,13206.6,0.382410142,0.535522963,0.33,12,3.54,1168.2,1553.48,-4911.53,-2728.63,-84.38,0.43,0.45,0.25,0.3,62951.46,-6171.06,-0.09802886223766694,26.033050236307105,Low
Burgers,25944,Classic Burgers Corner,Cafe,South Auckland,1.05,33.54,1021,270,9055.8,338,188,225,11336.52,6305.52,7546.5,0.23688017,0.38887672,0.32,10,2.95,663.75,3389.07,614.93,342.03,2160.48,0.36,0.45,0.25,0.3,34244.34,6506.51,0.19000249384277812,64.03465778957779,High
Burgers,26510,Classic Burgers Grill,Cafe,West Auckland,1.04,42.18,741,148,6242.64,267,148,178,11262.06,6242.64,7508.04,0.233899443,0.445459345,0.33,14,4.13,735.14,2001.65,-105.4,-58.42,1672.25,0.25,0.45,0.25,0.3,31255.38,3510.08,0.11230322587663308,58.27952172721476,Medium
Burgers,25459,Urban Burgers Bistro,QSR,West Auckland,1.04,35.68,1896,414,14771.52,667,370,445,23798.56,13201.6,15877.6,0.229524979,0.440200649,0.29,12,3.54,1575.3,4878.65,958.47,531.69,3668.66,0.28,0.45,0.25,0.3,67649.28,10037.47,0.14837511943955647,67.30177084506049,High
Burgers,26311,Classic Burgers Corner,QSR,South Auckland,1.05,47.0,1671,278,13066.0,627,348,418,29469.0,16356.0,19646.0,0.258775433,0.433687587,0.33,4,1.18,493.24,4018.28,-661.96,-367.41,5548.63,0.2,0.45,0.25,0.3,78537.0,8537.54,0.10870723353323912,76.99311447198187,High
Burgers,26675,King Burgers Grill,QSR,West Auckland,1.04,36.44,900,156,5684.64,335,186,223,12207.4,6777.84,8126.12,0.258730385,0.352583625,0.31,7,2.07,461.61,2209.54,960.55,533.32,2696.9,0.21,0.45,0.25,0.3,32796.0,6400.31,0.19515520185388463,60.599567296059675,Medium
Burgers,25584,King Burgers Cafe,Cafe,CBD,0.99,35.23,760,209,7363.07,248,138,165,8737.04,4861.74,5812.95,0.204013292,0.418974408,0.32,3,0.89,146.85,2775.97,498.12,277.18,2044.7,0.38,0.45,0.25,0.3,26774.8,5595.969999999999,0.20900137442669972,34.01454868128362,Low
Burgers,25706,Lucky Burgers House,Full-service,CBD,0.99,40.08,767,207,8296.56,252,140,168,10100.16,5611.2,6733.44,0.380485535,0.546463825,0.32,8,2.36,396.48,606.07,-2494.23,-1385.68,95.4,0.37,0.45,0.25,0.3,30741.36,-3178.44,-0.10339295333713278,17.22129545140471,Low
Burgers,26637,Lucky Burgers Cafe,QSR,North Shore,1.03,38.16,1847,381,14538.96,660,366,440,25185.6,13966.56,16790.4,0.268138574,0.418827313,0.28,14,4.13,1817.2,4551.19,831.98,461.37,3438.77,0.26,0.45,0.25,0.3,70481.51999999999,9283.31,0.1317126815653238,62.79577061904824,Medium
Burgers,25049,Urban Burgers Cafe,QSR,North Shore,1.03,45.84,1847,415,19023.6,644,358,430,29520.96,16410.72,19711.2,0.210861114,0.410226645,0.28,3,0.89,382.7,7208.27,2919.98,1623.22,7086.11,0.29,0.45,0.25,0.3,84666.48,18837.579999999998,0.22249159289485046,75.51488032617306,High
Burgers,26479,Urban Burgers Grill,Full-service,West Auckland,1.04,37.76,804,268,10119.68,241,134,161,9100.16,5059.84,6079.36,0.365018412,0.546738259,0.31,12,3.54,569.94,892.99,-2018.02,-1122.05,-33.48,0.5,0.45,0.25,0.3,30359.04,-2280.56,-0.07511963487646513,42.5202755363467,Low
Burgers,25145,Classic Burgers Cafe,Full-service,West Auckland,1.04,43.89,1067,374,16414.86,312,173,208,13693.68,7592.97,9129.12,0.366971562,0.535327719,0.3,13,3.84,798.72,1603.74,-2770.22,-1536.05,93.2,0.54,0.45,0.25,0.3,46830.630000000005,-2609.33,-0.05571844752035152,51.87349371764445,Medium
Burgers,25833,Urban Burgers Corner,Cafe,West Auckland,1.04,42.38,1213,353,14960.14,387,215,258,16401.06,9111.7,10934.04,0.242346809,0.367625953,0.28,12,3.54,913.32,5834.86,1804.56,1002.54,3351.25,0.41,0.45,0.25,0.3,51406.94,11993.21,0.23329943388966545,71.57906506037351,High
Burgers,25228,Top Burgers Eatery,Cafe,West Auckland,1.04,46.7,2055,638,29794.6,638,354,425,29794.6,16531.8,19847.5,0.239928396,0.422890253,0.29,5,1.48,629.0,10046.18,1405.75,779.99,6063.21,0.45,0.45,0.25,0.3,95968.5,18295.13,0.19063682354105776,81.30335775246549,High
Burgers,26441,King Burgers Grill,QSR,CBD,0.99,37.27,1565,282,10510.14,577,321,385,21504.79,11963.67,14348.95,0.232442122,0.364000278,0.27,16,4.72,1817.2,4241.45,2872.13,1597.84,3973.43,0.22,0.45,0.25,0.3,58327.55,12684.85,0.21747613263372112,44.83143888379235,Low
Burgers,25593,Top Burgers Diner,Ghost Kitchen,West Auckland,1.04,38.24,829,61,2332.64,346,192,230,13231.04,7342.08,8795.2,0.280705252,0.289620228,0.33,15,4.43,1018.9,1002.28,1318.8,731.82,2760.17,0.08,0.45,0.25,0.3,31700.960000000003,5813.07,0.18337204930071516,60.60523798337193,Medium
Burgers,25230,Urban Burgers Tavern,Ghost Kitchen,South Auckland,1.05,32.1,975,55,1765.5,414,230,276,13289.4,7383.0,8859.6,0.268912851,0.300634364,0.3,13,3.84,1059.84,759.96,1733.64,963.13,2753.8,0.06,0.45,0.25,0.3,31297.5,6210.530000000001,0.1984353382858056,62.87881274878523,Medium
Burgers,26444,Lucky Burgers Grill,Cafe,CBD,0.99,43.35,764,157,6805.95,273,152,182,11834.55,6589.2,7889.7,0.253676384,0.355854927,0.29,10,2.95,536.9,2657.51,1189.0,662.01,2543.78,0.26,0.45,0.25,0.3,33119.4,7052.300000000001,0.21293562081438674,41.305643856338826,Low
Burgers,25839,Classic Burgers Tavern,QSR,North Shore,1.03,42.63,902,208,8867.04,312,174,208,13300.56,7417.62,8867.04,0.273925773,0.371560125,0.27,7,2.07,430.56,3143.49,1124.08,626.89,2712.93,0.3,0.45,0.25,0.3,38452.259999999995,7607.389999999999,0.19783986688948843,61.12543393694791,Medium
Burgers,25113,Urban Burgers Diner,QSR,North Shore,1.03,43.37,1530,255,11059.35,574,319,382,24894.38,13835.03,16567.34,0.268876347,0.394695023,0.28,14,4.13,1577.66,3720.68,1404.76,780.69,3996.07,0.2,0.45,0.25,0.3,66356.1,9902.199999999999,0.14922817947407996,65.11256711747824,High
Burgers,25274,Top Burgers Eatery,QSR,CBD,0.99,43.97,943,170,7474.9,348,193,232,15301.56,8486.21,10201.04,0.245497362,0.38382775,0.29,9,2.66,617.12,2770.76,1234.45,684.62,3164.15,0.22,0.45,0.25,0.3,41463.71,7853.98,0.18941816832116565,42.14327781852327,Low
Burgers,26448,King Burgers Eatery,Cafe,North Shore,1.03,31.39,1638,387,12147.93,563,313,375,17672.57,9825.07,11771.25,0.224799099,0.42052231,0.27,4,1.18,442.5,4308.61,1496.49,831.97,3732.51,0.31,0.45,0.25,0.3,51416.82,10369.58,0.20167680537224977,59.48011864521769,Medium
Burgers,26168,Top Burgers Tavern,QSR,CBD,0.99,34.97,1300,276,9651.72,461,256,307,16121.17,8952.32,10735.79,0.226521107,0.364868717,0.32,3,0.89,273.23,3943.79,1428.5,793.27,4113.52,0.27,0.45,0.25,0.3,45461.0,10279.08,0.2261076527133147,40.63916838978775,Low
Burgers,25764,Classic Burgers Tavern,Cafe,North Shore,1.03,37.11,1456,336,12468.96,504,280,336,18703.44,10390.8,12468.96,0.23604899,0.409529472,0.29,12,3.54,1189.44,4419.27,1204.9,669.39,3229.83,0.3,0.45,0.25,0.3,54032.159999999996,9523.39,0.17625410496267407,60.767892613894034,Medium
Burgers,25441,King Burgers Diner,QSR,South Auckland,1.05,36.78,1735,347,12762.66,625,347,416,22987.5,12762.66,15300.48,0.237731875,0.408459956,0.29,12,3.54,1472.64,4515.53,1466.79,814.36,3940.79,0.25,0.45,0.25,0.3,63813.3,10737.47,0.16826382587955802,72.8889862249869,High
Burgers,25118,Lucky Burgers Kitchen,Ghost Kitchen,North Shore,1.03,39.18,794,37,1449.66,341,189,227,13360.38,7405.02,8893.86,0.284464302,0.325273342,0.3,17,5.02,1139.54,565.75,1205.94,668.39,2331.4,0.05,0.45,0.25,0.3,31108.92,4771.48,0.1533798023203634,54.02466521721182,Medium
Burgers,25240,Lucky Burgers Diner,Full-service,CBD,0.99,42.77,697,184,7869.68,231,128,154,9879.87,5474.56,6586.58,0.358047952,0.482824533,0.3,14,4.13,636.02,1252.28,-1391.8,-771.21,412.09,0.36,0.45,0.25,0.3,29810.690000000002,-498.64000000000004,-0.01672688555682542,24.63316678651547,Low
Burgers,25362,Urban Burgers Diner,QSR,CBD,0.99,35.17,1766,306,10762.02,657,365,438,23106.69,12837.05,15404.46,0.262723354,0.357786395,0.3,11,3.25,1423.5,4084.08,1836.76,1020.42,4422.34,0.21,0.45,0.25,0.3,62110.219999999994,11363.6,0.18295861776049097,42.82087957724003,Low
Burgers,26132,King Burgers Corner,Full-service,CBD,0.99,39.73,1317,355,14104.15,433,240,289,17203.09,9535.2,11481.97,0.360780012,0.525970331,0.29,17,5.02,1450.78,1597.29,-3040.65,-1685.35,-150.45,0.37,0.45,0.25,0.3,52324.41,-3279.16,-0.06266979407890122,25.46449682733251,Low
Burgers,25406,Lucky Burgers House,Cafe,CBD,0.99,37.64,749,181,6812.84,256,142,170,9635.84,5344.88,6398.8,0.228273103,0.430526345,0.31,4,1.18,200.6,2324.54,300.64,166.76,1982.67,0.32,0.45,0.25,0.3,28192.36,4774.61,0.16935829423290563,33.30152941111112,Low
Burgers,25729,Lucky Burgers Tavern,Full-service,South Auckland,1.05,42.75,1015,295,12611.25,324,180,216,13851.0,7695.0,9234.0,0.380284497,0.536712756,0.31,8,2.36,509.76,1046.77,-3144.14,-1746.74,256.69,0.41,0.45,0.25,0.3,43391.25,-3587.4199999999996,-0.08267611557629706,53.528972269589026,Medium
Burgers,25851,King Burgers Diner,Cafe,West Auckland,1.04,36.7,1417,382,14019.4,466,259,310,17102.2,9505.3,11377.0,0.231182709,0.371880023,0.27,9,2.66,824.6,5564.82,2170.91,1206.58,3691.36,0.37,0.45,0.25,0.3,52003.899999999994,12633.67,0.24293697203478973,69.49469324606883,High
Burgers,26337,Classic Burgers Tavern,Full-service,West Auckland,1.04,42.88,2113,570,24441.6,694,386,463,29758.72,16551.68,19853.44,0.369565805,0.465491834,0.28,9,2.66,1231.58,4031.46,-3423.97,-1904.4,2043.09,0.37,0.45,0.25,0.3,90605.44,746.1800000000001,0.008235487847087327,66.34560409143772,High
Burgers,25975,Classic Burgers Eatery,QSR,CBD,0.99,30.06,825,148,4448.88,305,169,203,9168.3,5080.14,6102.18,0.20249474,0.436107657,0.32,8,2.36,479.08,1607.81,379.55,210.31,1726.23,0.22,0.45,0.25,0.3,24799.5,3923.9,0.15822496421298818,26.833935468939078,Low
Burgers,25328,Classic Burgers House,QSR,West Auckland,1.04,32.52,970,168,5463.36,361,200,241,11739.72,6504.0,7837.32,0.215737534,0.401023594,0.33,10,2.95,710.95,2093.77,625.01,346.27,2292.62,0.21,0.45,0.25,0.3,31544.399999999998,5357.67,0.16984536082474228,56.26188534764128,Medium
Burgers,26583,Lucky Burgers Cafe,QSR,North Shore,1.03,43.03,1024,211,9079.33,366,203,244,15748.98,8735.09,10499.32,0.253250067,0.390933547,0.27,5,1.48,361.12,3230.57,1351.52,749.61,3374.71,0.26,0.45,0.25,0.3,44062.719999999994,8706.41,0.19759129713281434,62.73965026315401,Medium
Burgers,25857,Classic Burgers Diner,Ghost Kitchen,West Auckland,1.04,32.08,671,55,1764.4,277,154,185,8886.16,4940.32,5934.8,0.275974804,0.327067296,0.32,13,3.84,710.4,700.39,683.86,380.2,1645.47,0.09,0.45,0.25,0.3,21525.68,3409.92,0.15841172032660525,51.95942551103323,Medium
Burgers,25979,Classic Burgers Bistro,Cafe,West Auckland,1.04,35.84,1759,493,17669.12,570,316,380,20428.8,11325.44,13619.2,0.205955267,0.354645486,0.29,4,1.18,448.4,7763.8,3052.05,1692.01,5535.87,0.39,0.45,0.25,0.3,63042.56,18043.73,0.28621505852554213,75.27721937625151,High
Burgers,26625,Urban Burgers House,Cafe,West Auckland,1.04,45.87,1169,276,12660.12,402,223,268,18439.74,10229.01,12293.16,0.267751501,0.361398966,0.28,11,3.25,871.0,4695.0,1675.24,929.3,3687.91,0.31,0.45,0.25,0.3,53622.03,10987.45,0.20490552110764923,72.2044310959001,High
Burgers,26345,Lucky Burgers Eatery,Full-service,South Auckland,1.05,40.74,2077,737,30025.38,603,335,402,24566.22,13647.9,16377.48,0.377221892,0.537403646,0.27,11,3.25,1306.5,2563.4,-4535.55,-2519.75,91.72,0.55,0.45,0.25,0.3,84616.98,-4400.179999999999,-0.05200114681474096,65.06855884938079,High
Burgers,25982,Lucky Burgers Diner,Full-service,CBD,0.99,35.49,767,227,8056.23,243,135,162,8624.07,4791.15,5749.38,0.392701402,0.531614782,0.29,12,3.54,573.48,609.73,-1848.28,-1026.82,-138.34,0.42,0.45,0.25,0.3,27220.829999999998,-2403.71,-0.08830406714269919,14.289651902540742,Low
Burgers,26387,King Burgers Tavern,QSR,West Auckland,1.04,39.14,1607,311,12172.54,583,324,389,22818.62,12681.36,15225.46,0.248795144,0.413692678,0.28,10,2.95,1147.55,4108.38,1312.35,729.33,3991.23,0.24,0.45,0.25,0.3,62897.98,10141.289999999999,0.1612339537772119,68.09515733898586,High
Burgers,25984,Urban Burgers Eatery,Full-service,North Shore,1.03,32.55,1689,592,19269.6,494,274,329,16079.7,8918.7,10708.95,0.372221826,0.533280636,0.3,17,5.02,1651.58,1820.93,-3304.42,-1832.81,-639.61,0.54,0.45,0.25,0.3,54976.95,-3955.9100000000003,-0.07195579238208014,42.587713027546776,Low
Burgers,25136,Lucky Burgers Bistro,Full-service,South Auckland,1.05,36.91,718,201,7418.91,233,129,155,8600.03,4761.39,5721.05,0.375037105,0.523758488,0.29,6,1.77,274.35,750.83,-1623.65,-898.93,304.65,0.39,0.45,0.25,0.3,26501.38,-1467.1,-0.05535938128505006,47.21280046004694,Medium
Burgers,25986,Urban Burgers Diner,Full-service,CBD,0.99,34.6,1341,396,13701.6,425,236,284,14705.0,8165.6,9826.4,0.367587539,0.451949392,0.31,5,1.48,420.32,2472.63,-1904.84,-1057.75,1352.98,0.42,0.45,0.25,0.3,46398.6,863.0200000000002,0.01860013017634153,26.778602722161114,Low
Burgers,25865,Lucky Burgers Tavern,Full-service,South Auckland,1.05,33.02,1182,325,10731.5,386,214,257,12745.72,7066.28,8486.14,0.365703986,0.51030378,0.28,5,1.48,380.36,1330.62,-1988.43,-1102.39,671.86,0.38,0.45,0.25,0.3,39029.64,-1088.3400000000001,-0.027884961275584406,50.6118532271689,Medium
Burgers,25017,King Burgers Corner,QSR,West Auckland,1.04,44.7,816,173,7733.1,289,161,193,12918.3,7196.7,8627.1,0.205784262,0.446330713,0.31,13,3.84,741.12,2690.23,489.41,272.65,2260.12,0.27,0.45,0.25,0.3,36475.200000000004,5712.41,0.15661079308680964,64.22203375851574,High
Burgers,26233,Urban Burgers Diner,Cafe,West Auckland,1.04,35.51,766,226,8025.26,243,135,162,8628.93,4793.85,5752.62,0.253127012,0.428174694,0.29,4,1.18,191.16,2557.64,247.64,137.58,1642.19,0.42,0.45,0.25,0.3,27200.66,4585.049999999999,0.1685639245518307,56.59536119735639,Medium
Burgers,25868,Urban Burgers Cafe,QSR,CBD,0.99,32.03,1723,355,11370.65,616,342,410,19730.48,10954.26,13132.3,0.234714274,0.38996787,0.33,3,0.89,364.9,4267.61,894.14,496.42,4563.89,0.26,0.45,0.25,0.3,55187.69,10222.060000000001,0.18522355257123466,39.81913951923106,Low
Burgers,25752,Lucky Burgers Cafe,QSR,West Auckland,1.04,42.74,571,106,4530.44,209,116,140,8932.66,4957.84,5983.6,0.204433186,0.368527347,0.31,16,4.72,660.8,1934.68,1045.47,580.26,1894.43,0.23,0.45,0.25,0.3,24404.54,5454.84,0.22351742749504805,64.45776626437757,High
Burgers,26679,Classic Burgers Bistro,Full-service,South Auckland,1.05,43.21,2217,768,33185.28,652,362,435,28172.92,15642.02,18796.35,0.350344858,0.518257091,0.28,9,2.66,1157.1,4360.48,-4186.55,-2324.43,1312.7,0.53,0.45,0.25,0.3,95796.57,-837.8000000000004,-0.008745615839899074,71.58286977048613,High
Burgers,25428,Urban Burgers House,Cafe,West Auckland,1.04,44.37,1007,214,9495.18,357,198,238,15840.09,8785.26,10560.06,0.217458677,0.386310461,0.33,17,5.02,1194.76,3762.28,1049.1,581.86,2989.46,0.27,0.45,0.25,0.3,44680.59,8382.7,0.18761390572505873,68.04090996212099,High
Burgers,25993,Urban Burgers Tavern,Cafe,CBD,0.99,29.79,1320,403,12005.37,413,229,275,12303.27,6821.91,8192.25,0.205143918,0.38628743,0.27,15,4.43,1218.25,4905.02,1704.85,945.3,2128.85,0.44,0.45,0.25,0.3,39322.8,9684.02,0.24626984853570955,37.75270876507521,Low
Burgers,25792,Lucky Burgers House,Cafe,South Auckland,1.05,31.95,1477,332,10607.4,515,286,344,16454.25,9137.7,10990.8,0.250087345,0.435533619,0.32,5,1.48,509.12,3334.74,-92.49,-51.36,2946.16,0.29,0.45,0.25,0.3,47190.15000000001,6137.049999999999,0.1300493853060437,63.43963080110613,Medium
Burgers,26481,Classic Burgers Corner,Full-service,CBD,0.99,37.26,1844,646,24069.96,539,300,359,20083.14,11178.0,13376.34,0.39807918,0.524663152,0.29,5,1.48,531.32,1859.59,-4272.53,-2378.03,502.1,0.54,0.45,0.25,0.3,68707.44,-4288.869999999999,-0.062422206386964774,28.915816015826547,Low
Burgers,25633,King Burgers Bistro,Cafe,CBD,0.99,34.47,1323,328,11306.16,448,249,298,15442.56,8583.03,10272.06,0.220614446,0.41704996,0.28,4,1.18,351.64,4096.62,1271.47,706.69,3370.29,0.33,0.45,0.25,0.3,45603.81,9445.07,0.20711142336572316,39.17241669959889,Low
Burgers,25634,Lucky Burgers Tavern,Full-service,South Auckland,1.05,32.98,1176,392,12928.16,353,196,235,11641.94,6464.08,7750.3,0.377704025,0.525246279,0.27,16,4.72,1109.2,1254.67,-2013.48,-1117.96,-357.04,0.5,0.45,0.25,0.3,38784.48,-2233.81,-0.057595460864758266,48.513272312113834,Medium
Burgers,25514,Top Burgers Grill,Cafe,South Auckland,1.05,33.28,1492,395,13145.6,494,274,329,16440.32,9118.72,10949.12,0.222624633,0.388613134,0.28,12,3.54,1164.66,5110.51,1788.09,991.77,3091.94,0.36,0.45,0.25,0.3,49653.76,10982.310000000001,0.22117781211332235,70.87892428983777,High
Burgers,26363,Urban Burgers Bistro,Full-service,West Auckland,1.04,39.07,944,244,9533.08,315,175,210,12307.05,6837.25,8204.7,0.386807537,0.548085523,0.29,17,5.02,1054.2,620.67,-2767.77,-1537.65,-520.02,0.35,0.45,0.25,0.3,36882.08,-4204.77,-0.11400577190874268,42.504959518473626,Low
Burgers,25273,Urban Burgers Diner,QSR,West Auckland,1.04,35.47,1810,326,11563.22,668,371,445,23693.96,13159.37,15784.15,0.274782668,0.353325877,0.28,5,1.48,658.6,4300.26,2177.27,1209.23,5211.39,0.22,0.45,0.25,0.3,64200.700000000004,12898.150000000001,0.20090357270247833,69.7515647484358,High
Burgers,25799,Classic Burgers Tavern,Cafe,North Shore,1.03,40.97,1453,360,14749.2,492,273,328,20157.24,11184.81,13438.16,0.256673604,0.374815879,0.29,8,2.36,774.08,5435.24,1582.56,878.13,4178.02,0.33,0.45,0.25,0.3,59529.41,12073.95,0.20282327676353587,65.84553112144475,High
Burgers,25679,King Burgers Corner,Cafe,West Auckland,1.04,35.23,1472,405,14268.15,480,267,320,16910.4,9406.41,11273.6,0.230352622,0.405054508,0.31,11,3.25,1040.0,5202.07,923.19,513.52,3070.27,0.38,0.45,0.25,0.3,51858.560000000005,9709.050000000001,0.18722174314134446,65.05832410281884,High
Burgers,26530,Classic Burgers Corner,QSR,South Auckland,1.05,32.53,1788,334,10865.02,654,364,436,21274.62,11840.92,14183.08,0.257132618,0.365716955,0.31,4,1.18,514.48,4097.75,1428.6,795.12,4834.67,0.23,0.45,0.25,0.3,58163.64,11156.14,0.19180608366326454,71.37814715867714,High
Burgers,26289,Classic Burgers Corner,Cafe,West Auckland,1.04,32.53,1605,450,14638.5,520,289,346,16915.6,9401.17,11255.38,0.217269171,0.38000099,0.28,13,3.84,1328.64,5895.36,2076.05,1153.8,3204.24,0.39,0.45,0.25,0.3,52210.649999999994,12329.449999999999,0.23614818049574177,67.43403444517436,High
Burgers,26330,Lucky Burgers Corner,Full-service,West Auckland,1.04,39.35,825,248,9758.8,260,144,173,10231.0,5666.4,6807.55,0.392022967,0.486661771,0.29,8,2.36,408.28,1183.89,-1725.81,-955.84,417.58,0.43,0.45,0.25,0.3,32463.749999999996,-1080.1799999999998,-0.03327342035347118,46.92751950328373,Medium
Burgers,25885,Top Burgers Diner,Full-service,North Shore,1.03,34.32,1174,323,11085.36,383,213,255,13144.56,7310.16,8751.6,0.387164082,0.515003905,0.28,6,1.77,451.35,1084.5,-2394.52,-1331.68,404.84,0.38,0.45,0.25,0.3,40291.68,-2236.8599999999997,-0.05551667242467923,39.78469648372953,Low
Burgers,26249,King Burgers Cafe,QSR,North Shore,1.03,35.41,1436,249,8817.09,534,297,356,18908.94,10516.77,12605.96,0.213341123,0.359465804,0.32,4,1.18,420.08,3766.6,2026.91,1127.32,4965.1,0.21,0.45,0.25,0.3,50848.76,11885.93,0.23375063620037145,62.96693299928852,Medium
Burgers,25888,Urban Burgers Bistro,QSR,West Auckland,1.04,41.3,1555,290,11977.0,569,316,380,23499.7,13050.8,15694.0,0.211456354,0.357483346,0.28,17,5.02,1907.6,5162.81,3549.87,1971.46,4857.46,0.23,0.45,0.25,0.3,64221.5,15541.599999999999,0.2419999532866719,74.84370691400723,High
Burgers,25243,Classic Burgers Kitchen,QSR,South Auckland,1.05,43.9,852,186,8165.4,300,166,200,13170.0,7287.4,8780.0,0.222447801,0.436314927,0.28,4,1.18,236.0,2786.34,806.49,446.26,2760.06,0.28,0.45,0.25,0.3,37402.8,6799.15,0.18178184520944954,70.608879248546,High
Burgers,26335,Classic Burgers Grill,Cafe,North Shore,1.03,37.85,1666,374,14155.9,581,323,388,21990.85,12225.55,14685.8,0.25632837,0.380535144,0.3,16,4.72,1831.36,5140.52,1388.43,771.88,3501.59,0.29,0.45,0.25,0.3,63058.100000000006,10802.420000000002,0.17130899916109113,63.28651681574006,Medium
Burgers,26133,Top Burgers Grill,Full-service,South Auckland,1.05,43.17,2337,819,35356.23,683,380,455,29485.11,16404.6,19642.35,0.381036338,0.471940108,0.3,12,3.54,1610.7,5198.2,-4510.53,-2509.52,1277.19,0.54,0.45,0.25,0.3,100888.29000000001,-544.6599999999999,-0.005398644381820723,73.03969434090043,High
Burgers,25892,Urban Burgers Kitchen,Full-service,South Auckland,1.05,40.54,860,258,10459.32,271,150,181,10986.34,6081.0,7337.74,0.391001239,0.52250762,0.31,6,1.77,320.37,904.64,-2455.54,-1359.16,314.28,0.43,0.45,0.25,0.3,34864.4,-2595.7800000000007,-0.07445359736579435,50.54690290677608,Medium
Burgers,26377,Classic Burgers Kitchen,Cafe,West Auckland,1.04,38.11,1642,349,13300.39,582,323,388,22180.02,12309.53,14786.68,0.234164984,0.38107506,0.3,13,3.84,1489.92,5117.46,1879.98,1043.36,4199.4,0.27,0.45,0.25,0.3,62576.62,12240.2,0.19560340587267258,69.89310951657883,High
Burgers,25287,Lucky Burgers Corner,QSR,South Auckland,1.05,47.23,526,98,4628.54,193,107,128,9115.39,5053.61,6045.44,0.211309204,0.362645366,0.31,5,1.48,189.44,1971.97,1057.8,586.45,2386.19,0.23,0.45,0.25,0.3,24842.98,6002.41,0.24161392876377955,74.063623327049,High
Burgers,25368,Top Burgers Diner,QSR,South Auckland,1.05,38.55,1561,341,13145.55,549,305,366,21163.95,11757.75,14109.3,0.266912924,0.354677672,0.32,5,1.48,541.68,4974.4,1236.17,686.76,4797.41,0.28,0.45,0.25,0.3,60176.55,11694.74,0.19434048645194846,74.33206681344309,High
Burgers,25451,Classic Burgers Corner,Cafe,South Auckland,1.05,41.44,984,300,12432.0,308,171,205,12763.52,7086.24,8495.2,0.222411846,0.436329521,0.32,11,3.25,666.25,4242.53,271.33,150.64,2232.81,0.44,0.45,0.25,0.3,40776.96000000001,6897.3099999999995,0.16914723412436825,69.03456691458499,High
Burgers,25048,King Burgers Tavern,Cafe,South Auckland,1.05,40.63,554,114,4631.82,198,110,132,8044.74,4469.3,5363.16,0.200429156,0.354530769,0.28,7,2.07,273.24,2061.35,1327.7,737.61,2113.58,0.26,0.45,0.25,0.3,22509.02,6240.24,0.27723286042662004,71.08117240175145,High
Burgers,26503,Urban Burgers Diner,Cafe,CBD,0.99,36.75,1997,560,20580.0,647,359,431,23777.25,13193.25,15839.25,0.2639237,0.382818425,0.27,9,2.66,1146.46,7270.05,1979.64,1098.44,4448.88,0.39,0.45,0.25,0.3,73389.75,14797.010000000002,0.20162229739166576,47.87345931996177,Medium
Burgers,25453,Lucky Burgers Bistro,QSR,CBD,0.99,40.73,1883,423,17228.79,657,365,438,26759.61,14866.45,17839.74,0.250732703,0.35585398,0.33,4,1.18,516.84,6778.04,1696.92,942.73,6501.55,0.29,0.45,0.25,0.3,76694.59000000001,15919.239999999998,0.20756666148159858,50.49442251637234,Medium
Burgers,26020,Classic Burgers Bistro,QSR,South Auckland,1.05,44.75,1737,301,13469.75,646,359,431,28908.5,16065.25,19287.25,0.272589227,0.380867167,0.3,6,1.77,762.87,4667.86,1345.51,747.73,5921.0,0.21,0.45,0.25,0.3,77730.75,12682.1,0.16315422146319186,79.4209025633628,High
Burgers,25295,Lucky Burgers Kitchen,Full-service,West Auckland,1.04,43.59,1826,640,27897.6,534,296,356,23277.06,12902.64,15518.04,0.373207673,0.532346804,0.31,8,2.36,840.16,2634.8,-5017.47,-2781.22,625.45,0.54,0.45,0.25,0.3,79595.34,-4538.44,-0.05701891593151056,59.5342138404219,Medium
Burgers,26671,Classic Burgers Cafe,Full-service,West Auckland,1.04,42.22,1874,641,27063.02,555,308,370,23432.1,13003.76,15621.4,0.394817594,0.49837289,0.3,9,2.66,984.2,2890.59,-4526.86,-2512.2,684.31,0.52,0.45,0.25,0.3,79120.28,-3464.1599999999994,-0.04378346487145899,59.7535732010458,Medium
Burgers,26024,King Burgers Tavern,Cafe,North Shore,1.03,43.59,1346,363,15823.17,442,246,295,19266.78,10723.14,12859.05,0.245329593,0.43988708,0.29,14,4.13,1218.35,4980.87,477.49,265.76,2829.46,0.37,0.45,0.25,0.3,58672.14,8553.58,0.14578605791436958,63.129045587879205,Medium
Burgers,26308,King Burgers Corner,QSR,North Shore,1.03,40.48,654,143,5788.64,230,128,153,9310.4,5181.44,6193.44,0.250099211,0.405282784,0.28,13,3.84,587.52,1994.87,601.62,334.81,1546.85,0.28,0.45,0.25,0.3,26473.92,4478.15,0.16915326479795964,54.72827232527487,Medium
Burgers,26269,King Burgers Bistro,QSR,West Auckland,1.04,46.32,1416,264,12228.48,518,288,346,23993.76,13340.16,16026.72,0.253642576,0.438303784,0.29,13,3.84,1328.64,3767.03,433.17,240.84,3608.45,0.23,0.45,0.25,0.3,65589.12,8049.49,0.12272599479913743,69.66248748667681,High
Burgers,25056,King Burgers Bistro,QSR,North Shore,1.03,42.74,1118,209,8932.66,409,227,273,17480.66,9701.98,11668.02,0.265899495,0.386587539,0.31,13,3.84,1048.32,3104.22,655.75,363.95,3006.47,0.23,0.45,0.25,0.3,47783.32000000001,7130.389999999999,0.14922341101455483,60.22439662100697,Medium
Burgers,25664,Classic Burgers Diner,Full-service,South Auckland,1.05,33.27,2067,547,18198.69,684,380,456,22756.68,12642.6,15171.12,0.371119314,0.52432491,0.3,6,1.77,807.12,1902.78,-4447.66,-2470.92,779.11,0.36,0.45,0.25,0.3,68769.09,-4236.6900000000005,-0.06160747510254972,57.891239605769684,Medium
Burgers,25098,Urban Burgers House,QSR,South Auckland,1.05,32.49,1402,271,8804.79,509,283,339,16537.41,9194.67,11014.11,0.26689529,0.420822645,0.32,12,3.54,1200.06,2749.58,-127.63,-70.96,2239.45,0.24,0.45,0.25,0.3,45550.98,4790.44,0.1051665628269688,61.43718019354792,Medium
Burgers,26272,Classic Burgers House,Full-service,South Auckland,1.05,40.98,1981,694,28440.12,579,322,386,23727.42,13195.56,15818.28,0.352443372,0.465550076,0.29,14,4.13,1594.18,5176.29,-2562.41,-1425.03,1284.85,0.54,0.45,0.25,0.3,81181.37999999999,2473.7,0.030471273092425876,69.81651800548137,High
Burgers,25952,Urban Burgers Diner,QSR,CBD,0.99,38.99,1361,236,9201.64,506,281,338,19728.94,10956.19,13178.62,0.220859476,0.38831839,0.31,13,3.84,1297.92,3596.2,1594.54,885.5,3852.58,0.21,0.45,0.25,0.3,53065.39,9928.82,0.18710538073874516,42.11354642766311,Low
Burgers,26638,King Burgers Tavern,QSR,South Auckland,1.05,42.95,1770,342,14688.9,643,357,428,27616.85,15333.15,18382.6,0.249971203,0.427493212,0.32,13,3.84,1643.52,4737.69,70.02,38.88,4285.52,0.24,0.45,0.25,0.3,76021.5,9132.11,0.12012535927336346,75.32301288227852,High
Burgers,26678,Classic Burgers Eatery,Full-service,West Auckland,1.04,32.08,1076,296,9495.68,351,195,234,11260.08,6255.6,7506.72,0.398038577,0.502873965,0.29,14,4.13,966.42,940.9,-2149.69,-1194.27,-222.6,0.38,0.45,0.25,0.3,34518.08,-2625.66,-0.07606622384559047,40.44040367771754,Low
Burgers,25549,Classic Burgers Kitchen,Full-service,CBD,0.99,36.24,2259,792,28702.08,660,367,440,23918.4,13300.08,15945.6,0.395926966,0.537365406,0.3,6,1.77,778.8,1914.65,-5579.98,-3102.81,284.89,0.54,0.45,0.25,0.3,81866.16,-6483.249999999999,-0.07919328328090629,31.286693043166864,Low
Burgers,25711,Urban Burgers Bistro,Full-service,West Auckland,1.04,34.78,2294,754,26224.12,693,385,462,24102.54,13390.3,16068.36,0.36136256,0.486428521,0.28,5,1.48,683.76,3991.54,-3080.09,-1711.16,1761.99,0.49,0.45,0.25,0.3,79785.32,962.2799999999997,0.012060865332118736,61.54576790531223,Medium
Burgers,25916,King Burgers Tavern,Ghost Kitchen,West Auckland,1.04,42.82,1305,85,3639.7,549,305,366,23508.18,13060.1,15672.12,0.266825651,0.231089033,0.33,15,4.43,1621.38,1827.44,4045.41,2247.45,6247.36,0.07,0.45,0.25,0.3,55880.100000000006,14367.66,0.257115860565747,74.5319128784277,High
Burgers,26280,Urban Burgers Cafe,Cafe,South Auckland,1.05,36.28,956,220,7981.6,331,184,221,12008.68,6675.52,8017.88,0.236116116,0.406607019,0.32,7,2.07,457.47,2851.64,447.65,248.84,2407.13,0.3,0.45,0.25,0.3,34683.68,5955.26,0.17170208005609555,64.47319376525955,High
Burgers,25797,King Burgers Kitchen,QSR,North Shore,1.03,43.64,1482,324,14139.36,521,290,347,22736.44,12655.6,15143.08,0.245809585,0.388785905,0.27,4,1.18,409.46,5166.59,2169.16,1207.4,5123.89,0.28,0.45,0.25,0.3,64674.48,13667.04,0.2113204466429417,69.0201344522809,High
Burgers,25554,King Burgers Grill,Ghost Kitchen,CBD,0.99,38.48,888,25,962.0,388,216,259,14930.24,8311.68,9966.32,0.264472639,0.286908549,0.28,13,3.84,994.56,431.57,2517.52,1401.51,3476.52,0.03,0.45,0.25,0.3,34170.24,7827.120000000001,0.22906248244086086,39.51109508833294,Low
Burgers,25434,Urban Burgers Kitchen,Ghost Kitchen,North Shore,1.03,31.95,1561,74,2364.3,669,372,446,21374.55,11885.4,14249.7,0.296564737,0.310099169,0.32,5,1.48,660.08,929.96,1567.53,871.63,4944.84,0.05,0.45,0.25,0.3,49873.95,8313.96,0.16669944931171482,56.793945415937166,Medium
Burgers,26284,King Burgers Bistro,Full-service,West Auckland,1.04,34.17,1860,636,21732.12,551,306,367,18827.67,10456.02,12540.39,0.351476475,0.466235793,0.31,11,3.25,1192.75,3961.5,-2404.52,-1335.36,1093.21,0.52,0.45,0.25,0.3,63556.2,1314.8300000000002,0.02068767484525507,57.02403479698557,Medium
Burgers,26567,Lucky Burgers Corner,QSR,South Auckland,1.05,35.83,1452,317,11358.11,511,284,340,18309.13,10175.72,12182.2,0.224479052,0.441456094,0.3,11,3.25,1105.0,3794.35,623.7,346.63,2964.64,0.28,0.45,0.25,0.3,52025.16,7729.32,0.148568884747303,67.76028963941226,High
Burgers,25841,Classic Burgers Grill,Ghost Kitchen,North Shore,1.03,43.79,1051,68,2977.72,442,246,295,19355.18,10772.34,12918.05,0.274847668,0.252528993,0.31,13,3.84,1132.8,1407.34,3147.6,1751.83,4972.57,0.07,0.45,0.25,0.3,46023.29000000001,11279.34,0.24507895893579096,66.87623866286972,High
Burgers,25234,Lucky Burgers Tavern,QSR,South Auckland,1.05,32.29,935,192,6199.68,334,186,223,10784.86,6005.94,7200.67,0.27688488,0.446010594,0.32,9,2.66,593.18,1717.96,-462.62,-257.63,1402.16,0.26,0.45,0.25,0.3,30191.15,2399.8700000000003,0.07948918805676498,54.609730605535574,Medium
Burgers,26369,Classic Burgers Tavern,QSR,CBD,0.99,37.02,1109,249,9217.98,387,215,258,14326.74,7959.3,9551.16,0.239561068,0.365068233,0.29,7,2.07,534.06,3644.52,1509.62,838.68,3242.19,0.29,0.45,0.25,0.3,41055.18,9235.01,0.22494140812438285,40.30904651266673,Low
Burgers,25157,Lucky Burgers Diner,Cafe,West Auckland,1.04,34.2,688,159,5437.8,238,132,159,8139.6,4514.4,5437.8,0.236957102,0.352045322,0.29,13,3.84,610.56,2234.92,984.87,546.23,1624.36,0.3,0.45,0.25,0.3,23529.600000000002,5390.38,0.2290893172854617,58.7220050084065,Medium
Burgers,25683,Top Burgers Tavern,Full-service,South Auckland,1.05,36.03,1564,541,19492.23,460,256,307,16573.8,9223.68,11061.21,0.350697084,0.538399681,0.32,18,5.31,1630.17,2161.75,-3465.53,-1928.64,-403.45,0.53,0.45,0.25,0.3,56350.92,-3635.87,-0.06452192794722783,54.76290862776497,Medium
Burgers,26656,King Burgers Bistro,Cafe,West Auckland,1.04,36.03,1779,490,17654.7,580,322,387,20897.4,11601.66,13943.61,0.205670054,0.393928523,0.29,14,4.13,1598.31,7068.97,2307.1,1280.84,3984.73,0.38,0.45,0.25,0.3,64097.37000000001,14641.64,0.22842809307152537,71.75988084863593,High
Burgers,26171,Lucky Burgers Corner,Cafe,West Auckland,1.04,32.71,1073,228,7457.88,380,211,254,12429.8,6901.81,8308.34,0.252243951,0.388911582,0.31,11,3.25,825.5,2676.22,607.13,337.12,2155.9,0.27,0.45,0.25,0.3,35097.83,5776.37,0.1645791207034737,57.157139965483026,Medium
Burgers,25847,Urban Burgers Diner,Ghost Kitchen,CBD,0.99,34.17,817,60,2050.2,341,189,227,11651.97,6458.13,7756.59,0.286487936,0.28225717,0.29,11,3.25,737.75,884.16,1645.9,912.24,2607.32,0.08,0.45,0.25,0.3,27916.89,6049.620000000001,0.2167010723615704,34.22266183932099,Low
Burgers,26253,Top Burgers Grill,Cafe,South Auckland,1.05,40.69,1604,424,17252.56,531,295,354,21606.39,12003.55,14404.26,0.20288624,0.419319695,0.28,17,5.02,1777.08,6517.91,2112.98,1173.88,3664.76,0.36,0.45,0.25,0.3,65266.76,13469.53,0.20637656902227106,77.4368327930102,High
Burgers,25689,Top Burgers Grill,Cafe,North Shore,1.03,33.55,583,127,4260.85,205,114,137,6877.75,3824.7,4596.35,0.278869404,0.401834239,0.27,12,3.54,484.98,1360.47,339.05,188.54,982.62,0.28,0.45,0.25,0.3,19559.65,2870.68,0.1467654073564711,46.51115664006005,Medium
Burgers,26175,Urban Burgers Eatery,QSR,South Auckland,1.05,35.36,1437,268,9476.48,526,292,351,18599.36,10325.12,12411.36,0.251496324,0.380554727,0.3,13,3.84,1347.84,3486.86,1263.81,701.58,3218.91,0.23,0.45,0.25,0.3,50812.32,8671.16,0.17065073982057893,68.68494536542798,High
Burgers,26296,Lucky Burgers Tavern,QSR,West Auckland,1.04,35.53,863,183,6501.99,306,170,204,10872.18,6040.1,7248.12,0.227525227,0.439100263,0.31,10,2.95,601.8,2167.6,254.13,141.18,1814.54,0.27,0.45,0.25,0.3,30662.389999999996,4377.45,0.14276284399226546,55.89816777968603,Medium
Burgers,25205,Lucky Burgers Eatery,Cafe,CBD,0.99,34.14,558,111,3789.54,201,112,134,6862.14,3823.68,4574.76,0.235506527,0.417362198,0.28,13,3.84,514.56,1315.47,460.66,256.69,1073.48,0.25,0.45,0.25,0.3,19050.120000000003,3106.3,0.16305934030861746,27.852230432927662,Low
Burgers,26500,Top Burgers Corner,Cafe,South Auckland,1.05,34.63,645,174,6025.62,212,118,141,7341.56,4086.34,4882.83,0.261287535,0.379190826,0.3,16,4.72,665.52,2166.34,436.98,243.23,1089.96,0.37,0.45,0.25,0.3,22336.35,3936.51,0.17623783653103575,60.078917154952414,Medium
Burgers,25733,Top Burgers Eatery,Full-service,North Shore,1.03,41.97,1988,588,24678.36,630,350,420,26441.1,14689.5,17627.4,0.372292827,0.542617246,0.27,9,2.66,1117.2,2099.88,-4889.23,-2716.24,382.71,0.42,0.45,0.25,0.3,83436.35999999999,-5122.879999999999,-0.06139865161903036,54.554767883580524,Medium
Burgers,26058,King Burgers Bistro,QSR,North Shore,1.03,41.0,724,140,5740.0,263,146,175,10783.0,5986.0,7175.0,0.244181077,0.406234253,0.31,15,4.43,775.25,2006.62,426.84,236.95,1733.02,0.24,0.45,0.25,0.3,29684.0,4403.43,0.14834355208192967,54.51246378190018,Medium
Burgers,25210,King Burgers House,QSR,CBD,0.99,44.41,1500,260,11546.6,558,310,372,24780.78,13767.1,16520.52,0.244055181,0.412344997,0.32,14,4.13,1536.36,3967.41,584.82,324.9,4140.09,0.21,0.45,0.25,0.3,66615.0,9017.22,0.1353632064850259,44.75685505617191,Low
Burgers,26624,King Burgers House,Full-service,West Auckland,1.04,45.44,976,263,11950.72,321,178,214,14586.24,8088.32,9724.16,0.379812816,0.547967098,0.27,6,1.77,378.78,863.08,-2884.87,-1599.71,323.5,0.37,0.45,0.25,0.3,44349.44,-3298.0,-0.07436396040175479,50.99101783947382,Medium
Burgers,26666,Lucky Burgers Corner,Cafe,CBD,0.99,30.13,942,254,7653.02,310,172,206,9340.3,5182.36,6206.78,0.233285598,0.435655094,0.31,5,1.48,304.88,2533.6,196.7,109.14,1749.93,0.37,0.45,0.25,0.3,28382.46,4589.37,0.1616974004367486,28.362174123413215,Low
Burgers,26544,Lucky Burgers Cafe,Cafe,CBD,0.99,37.97,764,237,8998.89,237,132,158,8998.89,5012.04,5999.26,0.250163233,0.400088281,0.32,13,3.84,606.72,3147.35,267.7,149.1,1491.51,0.45,0.45,0.25,0.3,29009.08,5055.66,0.17427853623761938,34.07494661631387,Low
Burgers,26467,Top Burgers Kitchen,Ghost Kitchen,CBD,0.99,35.27,654,31,1093.37,280,156,187,9875.6,5502.12,6595.49,0.290142655,0.310639221,0.27,11,3.25,607.75,436.49,1276.11,710.97,2025.29,0.05,0.45,0.25,0.3,23066.58,4448.86,0.1928703778366797,31.844449274100224,Low
Burgers,26064,Lucky Burgers Grill,Cafe,North Shore,1.03,37.53,815,173,6492.69,289,160,193,10846.17,6004.8,7243.29,0.236922437,0.421518147,0.31,4,1.18,227.74,2217.64,342.3,189.51,2246.27,0.27,0.45,0.25,0.3,30586.95,4995.719999999999,0.16332847832163713,53.49703730023303,Medium
Burgers,25821,Lucky Burgers Kitchen,Full-service,CBD,0.99,43.95,1767,604,26545.8,523,291,349,22985.85,12789.45,15338.55,0.372618225,0.490142874,0.29,18,5.31,1853.19,3643.12,-3511.34,-1953.73,251.86,0.52,0.45,0.25,0.3,77659.65,-1570.0900000000001,-0.020217577596602615,36.69991039944751,Low
Burgers,26550,Lucky Burgers House,Ghost Kitchen,South Auckland,1.05,36.91,1669,109,4023.19,702,390,468,25910.82,14394.9,17273.88,0.292186636,0.200301468,0.27,18,5.31,2485.08,2041.82,6154.13,3418.96,6281.62,0.07,0.45,0.25,0.3,61602.78999999999,17896.53,0.2905149263531733,80.53772975684218,High
Burgers,25461,Urban Burgers Bistro,Ghost Kitchen,CBD,0.99,43.34,1312,85,3683.9,552,307,368,23923.68,13305.38,15949.12,0.272898288,0.286234182,0.32,11,3.25,1196.0,1624.11,2891.6,1608.19,5835.45,0.07,0.45,0.25,0.3,56862.08,11959.349999999999,0.2103220634911702,46.901620778342355,Medium
Burgers,26553,Top Burgers Eatery,Cafe,CBD,0.99,39.57,1278,287,11356.59,446,248,297,17648.22,9813.36,11752.29,0.229424154,0.437893017,0.33,6,1.77,525.69,3778.14,47.35,26.33,3384.1,0.29,0.45,0.25,0.3,50570.46,7235.92,0.143085904300653,38.77233240267248,Low
Burgers,26634,King Burgers Eatery,Full-service,North Shore,1.03,43.9,1343,397,17428.3,426,236,284,18701.4,10360.4,12467.6,0.376072447,0.475723232,0.28,3,0.89,252.76,2582.95,-2464.76,-1365.46,1594.99,0.42,0.45,0.25,0.3,58957.7,347.7199999999996,0.005897787735953058,53.94309982816562,Medium
Burgers,26191,Urban Burgers Diner,QSR,CBD,0.99,30.26,1335,231,6990.06,497,276,331,15039.22,8351.76,10016.06,0.256929046,0.400165947,0.33,5,1.48,489.88,2396.93,194.08,107.78,2944.68,0.21,0.45,0.25,0.3,40397.1,5643.469999999999,0.13969987944679196,31.13810854801411,Low
Burgers,26030,King Burgers Grill,Cafe,West Auckland,1.04,44.95,1893,587,26385.65,588,326,392,26430.6,14653.7,17620.4,0.272363113,0.420315178,0.3,7,2.07,811.44,8108.88,193.52,107.29,4603.69,0.45,0.45,0.25,0.3,85090.35,13013.380000000001,0.15293602623564248,75.55033499319383,High
Burgers,25709,Urban Burgers House,QSR,West Auckland,1.04,34.47,1194,261,8996.67,420,233,280,14477.4,8031.51,9651.6,0.264220882,0.392079221,0.29,13,3.84,1075.2,3092.15,777.43,431.29,2242.05,0.28,0.45,0.25,0.3,41157.18,6542.92,0.15897396274477504,59.56978724511477,Medium
Burgers,25629,Urban Burgers Eatery,Cafe,North Shore,1.03,31.54,1028,272,8578.88,340,189,227,10723.6,5961.06,7159.58,0.237896357,0.370157765,0.32,17,5.02,1139.54,3362.46,771.52,428.87,1666.63,0.36,0.45,0.25,0.3,32423.120000000003,6229.48,0.19213080049051415,52.53164710591675,Medium
Burgers,26113,Classic Burgers Tavern,Cafe,South Auckland,1.05,38.68,1118,295,11410.6,370,206,247,14311.6,7968.08,9553.96,0.247202176,0.357885528,0.28,14,4.13,1020.11,4506.19,1644.58,915.63,2752.87,0.36,0.45,0.25,0.3,43244.24,9819.27,0.22706538489287825,71.97477705478018,High
Burgers,25548,King Burgers Eatery,Full-service,CBD,0.99,42.37,1039,275,11651.75,344,191,229,14575.28,8092.67,9702.73,0.398462305,0.525687976,0.3,14,4.13,945.77,883.78,-3267.05,-1813.97,-209.82,0.36,0.45,0.25,0.3,44022.42999999999,-4407.06,-0.10010942149263458,22.28123690051655,Low
Burgers,26562,Top Burgers House,QSR,South Auckland,1.05,40.77,530,95,3873.15,196,109,130,7990.92,4443.93,5300.1,0.271988563,0.414969184,0.32,7,2.07,269.1,1212.46,-55.6,-30.92,1390.06,0.22,0.45,0.25,0.3,21608.1,2516.0,0.11643781729999399,60.119502556550486,Medium
Burgers,26682,King Burgers House,Cafe,CBD,0.99,37.19,1487,393,14615.67,492,274,328,18297.48,10190.06,12198.32,0.266967582,0.43412401,0.3,15,4.43,1453.04,4368.75,-19.97,-11.12,2193.14,0.36,0.45,0.25,0.3,55301.53,6530.799999999999,0.1180943818371752,37.24687397652674,Low
Burgers,25835,Top Burgers House,Full-service,West Auckland,1.04,32.7,1247,336,10987.2,410,228,273,13407.0,7455.6,8927.1,0.392805653,0.510969362,0.29,16,4.72,1288.56,1057.24,-2597.94,-1444.71,-429.55,0.37,0.45,0.25,0.3,40776.9,-3414.96,-0.08374741581630776,42.26015974825334,Low
Burgers,25472,Urban Burgers Eatery,Full-service,West Auckland,1.04,41.22,1904,667,27493.74,557,309,371,22959.54,12736.98,15292.62,0.399503627,0.522762945,0.31,15,4.43,1643.53,2137.18,-5332.73,-2958.37,-454.78,0.54,0.45,0.25,0.3,78482.87999999999,-6608.7,-0.08420562548163371,56.48766251514926,Medium
Burgers,26565,King Burgers Cafe,Cafe,West Auckland,1.04,36.36,892,250,9090.0,289,160,193,10508.04,5817.6,7017.48,0.201447499,0.406881636,0.31,12,3.54,683.22,3560.29,858.2,475.13,2065.32,0.39,0.45,0.25,0.3,32433.12,6958.9400000000005,0.21456276793598644,61.75339554583895,Medium
Burgers,25353,King Burgers Grill,Cafe,CBD,0.99,36.75,616,169,6210.75,201,112,134,7386.75,4116.0,4924.5,0.203970047,0.408083536,0.32,9,2.66,356.44,2409.44,501.9,279.67,1554.0,0.38,0.45,0.25,0.3,22638.0,4745.01,0.20960376358335542,33.84346934598307,Low
Burgers,25515,King Burgers House,Full-service,South Auckland,1.05,43.36,2194,731,31696.16,658,366,439,28530.88,15869.76,19035.04,0.369602838,0.490447119,0.31,3,0.89,390.71,4435.88,-4851.67,-2698.65,2273.24,0.5,0.45,0.25,0.3,95131.84,-841.2000000000003,-0.008842465361754806,71.46274506117001,High
Burgers,26121,Top Burgers Cafe,QSR,North Shore,1.03,39.09,1033,186,7270.74,381,212,254,14893.29,8287.08,9928.86,0.203553366,0.365151354,0.31,9,2.66,675.64,3135.84,1806.49,1005.18,3606.63,0.22,0.45,0.25,0.3,40379.97,9554.14,0.23660592120301227,62.07330805459736,Medium
Burgers,26042,Urban Burgers Tavern,Full-service,South Auckland,1.05,31.66,604,169,5350.54,196,109,130,6205.36,3450.94,4115.8,0.387936294,0.465761834,0.29,4,1.18,153.4,782.79,-891.7,-495.89,448.75,0.39,0.45,0.25,0.3,19122.64,-156.05000000000007,-0.00816048411725578,44.67344854112164,Low
Burgers,26531,Classic Burgers Grill,Full-service,North Shore,1.03,33.65,2229,781,26280.65,652,362,434,21939.8,12181.3,14604.1,0.364005264,0.480285178,0.31,4,1.18,512.12,4092.15,-3385.1,-1879.46,1761.88,0.54,0.45,0.25,0.3,75005.85,589.4700000000003,0.00785898699901408,54.60523013282354,Medium
Burgers,26046,King Burgers Eatery,QSR,West Auckland,1.04,36.88,1752,372,13719.36,621,345,414,22902.48,12723.6,15268.32,0.214621344,0.352614082,0.32,13,3.84,1589.76,5937.25,2582.59,1434.77,5017.83,0.27,0.45,0.25,0.3,64613.759999999995,14972.44,0.23172215949048627,72.4279912112823,High
Burgers,25480,Urban Burgers Eatery,Full-service,CBD,0.99,31.8,917,280,8904.0,287,159,191,9126.6,5056.2,6073.8,0.352518946,0.53294725,0.29,15,4.43,846.13,1019.81,-1601.41,-887.19,-150.47,0.44,0.45,0.25,0.3,29160.6,-1619.2600000000002,-0.0555290357537225,14.905462205010709,Low
Burgers,25239,Top Burgers House,QSR,South Auckland,1.05,37.51,1410,263,9865.13,516,287,344,19355.16,10765.37,12903.44,0.203787864,0.391328165,0.33,10,2.95,1014.8,3994.23,1449.39,806.15,4209.6,0.23,0.45,0.25,0.3,52889.100000000006,10459.369999999999,0.19776040809921133,72.07506276202629,High
Burgers,25846,Classic Burgers Tavern,QSR,South Auckland,1.05,47.16,1190,274,12921.84,412,229,275,19429.92,10799.64,12969.0,0.21229837,0.353666315,0.28,6,1.77,486.75,5608.53,2992.89,1663.53,5142.25,0.3,0.45,0.25,0.3,56120.399999999994,15407.2,0.27453831405335677,83.22496506974993,High
Burgers,26615,Lucky Burgers Kitchen,Ghost Kitchen,North Shore,1.03,42.6,1391,66,2811.6,596,331,398,25389.6,14100.6,16954.8,0.253053117,0.244501442,0.3,3,0.89,354.22,1412.68,5140.01,2854.6,8164.64,0.05,0.45,0.25,0.3,59256.59999999999,17571.93,0.29653962596571526,72.90490231175826,High
Burgers,25121,Top Burgers Eatery,Full-service,South Auckland,1.05,32.36,2057,533,17247.88,686,381,457,22198.96,12329.16,14788.52,0.380920617,0.516802579,0.32,15,4.43,2024.51,1764.06,-4833.23,-2684.34,-511.99,0.35,0.45,0.25,0.3,66564.52,-6265.5,-0.09412672096185776,54.81302669028977,Medium
Burgers,25242,Urban Burgers Grill,Full-service,South Auckland,1.05,40.49,1561,506,20487.94,475,264,316,19232.75,10689.36,12794.84,0.390296199,0.518385925,0.29,13,3.84,1213.44,1870.92,-3821.2,-2123.78,-45.04,0.48,0.45,0.25,0.3,63204.89,-4119.1,-0.06517059044007513,58.52358734706507,Medium
Burgers,26496,King Burgers Tavern,Full-service,North Shore,1.03,42.42,1473,464,19682.88,454,252,303,19258.68,10689.84,12853.26,0.384389365,0.455317755,0.28,11,3.25,984.75,3155.03,-2305.4,-1279.65,1075.54,0.46,0.45,0.25,0.3,62484.659999999996,645.52,0.010330855605199741,54.34002187184666,Medium
Burgers,25972,Top Burgers Diner,QSR,West Auckland,1.04,36.51,1190,245,8944.95,425,236,284,15516.75,8616.36,10368.84,0.243372947,0.403086854,0.31,5,1.48,420.32,3162.4,675.6,375.16,3245.48,0.26,0.45,0.25,0.3,43446.899999999994,7458.639999999999,0.17167254740844573,62.13738038808418,Medium
Burgers,26094,Classic Burgers House,QSR,South Auckland,1.05,35.24,1109,249,8774.76,387,215,258,13637.88,7576.6,9091.92,0.272624118,0.37615006,0.27,14,4.13,1065.54,3081.92,1107.75,615.42,2127.78,0.29,0.45,0.25,0.3,39081.159999999996,6932.870000000001,0.1773967302915267,65.57613485462858,High
Burgers,26579,Top Burgers House,QSR,CBD,0.99,37.09,1279,213,7900.17,480,266,320,17803.2,9865.94,11868.8,0.269427786,0.447769112,0.3,18,5.31,1699.2,2234.19,-306.16,-169.66,1657.33,0.2,0.45,0.25,0.3,47438.11,3415.7,0.07200329018167038,31.862716971651682,Low
Burgers,26499,King Burgers Bistro,Full-service,North Shore,1.03,43.77,1362,360,15757.2,451,250,301,19740.27,10942.5,13174.77,0.398786766,0.541071645,0.29,5,1.48,445.48,947.66,-4537.47,-2515.23,346.87,0.36,0.45,0.25,0.3,59614.740000000005,-5758.170000000001,-0.09658970247962166,47.12957766511233,Medium
Burgers,26421,Classic Burgers Kitchen,Full-service,South Auckland,1.05,44.6,782,211,9410.6,257,143,171,11462.2,6377.8,7626.6,0.357330624,0.453170109,0.32,16,4.72,807.12,1783.3,-1495.83,-832.31,638.12,0.37,0.45,0.25,0.3,34877.200000000004,93.28000000000009,0.0026745266248437397,58.41036848272173,Medium
Burgers,26584,Urban Burgers Corner,QSR,CBD,0.99,34.04,1848,404,13752.16,650,361,433,22126.0,12288.44,14739.32,0.23744634,0.429754122,0.3,12,3.54,1532.82,4576.71,725.72,403.06,3372.42,0.28,0.45,0.25,0.3,62905.920000000006,9077.91,0.14430931142887662,40.111074982856856,Low
Burgers,25816,King Burgers Bistro,QSR,South Auckland,1.05,42.63,1180,258,10998.54,415,230,277,17691.45,9804.9,11808.51,0.2215695,0.43377974,0.31,6,1.77,490.29,3790.66,613.02,339.75,3579.52,0.28,0.45,0.25,0.3,50303.4,8322.95,0.1654550189450415,71.87693036589448,High
Burgers,25937,King Burgers Bistro,Cafe,CBD,0.99,37.94,1145,290,11002.6,385,214,256,14606.9,8119.16,9712.64,0.219882669,0.408589818,0.28,16,4.72,1208.32,4087.77,1336.93,743.13,2400.19,0.34,0.45,0.25,0.3,43441.3,8568.02,0.1972321270311892,39.6139658951714,Low
Burgers,26299,King Burgers Eatery,Full-service,South Auckland,1.05,43.03,1673,469,20181.07,542,301,361,23322.26,12952.03,15533.83,0.392292053,0.496667761,0.28,10,2.95,1064.95,2240.91,-3940.52,-2188.37,659.93,0.39,0.45,0.25,0.3,71989.19,-3228.05,-0.04484076011967908,63.25878964295936,Medium
Burgers,26022,Lucky Burgers House,Full-service,CBD,0.99,32.09,708,245,7862.05,208,116,139,6674.72,3722.44,4460.51,0.364883195,0.470524621,0.33,13,3.84,533.76,1294.03,-1104.05,-615.72,200.41,0.53,0.45,0.25,0.3,22719.72,-225.33,-0.009917815888576091,16.021984973033078,Low
Burgers,25537,Lucky Burgers Bistro,Cafe,West Auckland,1.04,33.6,2023,478,16060.8,695,386,464,23352.0,12969.6,15590.4,0.237761563,0.352279457,0.29,8,2.36,1095.04,6584.27,2801.28,1555.82,5296.38,0.31,0.45,0.25,0.3,67972.8,16237.75,0.23888599557470047,72.94799646313055,High
Burgers,26386,Lucky Burgers Grill,QSR,CBD,0.99,40.93,531,122,4993.46,184,102,123,7531.12,4174.86,5034.39,0.207575804,0.392601752,0.28,9,2.66,327.18,1996.5,902.4,500.24,1685.68,0.3,0.45,0.25,0.3,21733.829999999998,5084.820000000001,0.23395876382579606,38.18224250187881,Low
Burgers,26349,King Burgers House,Cafe,South Auckland,1.05,43.51,1561,469,20406.19,491,273,328,21363.41,11878.23,14271.28,0.222180357,0.38161318,0.32,9,2.66,872.48,8085.06,1628.03,905.2,4781.89,0.43,0.45,0.25,0.3,67919.11,15400.18,0.22674295938212383,80.78030185579517,High
Burgers,26592,Top Burgers Tavern,Ghost Kitchen,West Auckland,1.04,40.65,998,65,2642.25,420,233,280,17073.0,9471.45,11382.0,0.254982055,0.30106661,0.28,15,4.43,1240.4,1173.03,2799.14,1552.86,3812.65,0.07,0.45,0.25,0.3,40568.7,9337.68,0.23016956422069232,67.61238935755163,High
Burgers,26633,Classic Burgers Eatery,Cafe,CBD,0.99,30.63,1593,338,10352.94,565,314,376,17305.95,9617.82,11516.88,0.220199717,0.416346237,0.29,5,1.48,556.48,3762.82,1271.19,706.47,3629.38,0.27,0.45,0.25,0.3,48793.59,9369.86,0.1920305515540054,37.702127857164115,Low
Burgers,26309,Top Burgers Cafe,Full-service,West Auckland,1.04,46.76,1053,295,13794.2,341,190,227,15945.16,8884.4,10614.52,0.35917512,0.452749522,0.29,4,1.18,267.86,2594.35,-1625.2,-905.54,1728.47,0.39,0.45,0.25,0.3,49238.28,1792.08,0.03639607232421604,60.39783083243052,Medium
Burgers,25018,Lucky Burgers House,QSR,West Auckland,1.04,31.81,1329,282,8970.42,471,262,314,14982.51,8334.22,9988.34,0.269880897,0.375582012,0.32,18,5.31,1667.34,3180.35,517.45,287.84,1873.9,0.27,0.45,0.25,0.3,42275.490000000005,5859.540000000001,0.13860371577005967,57.334137268301866,Medium
Burgers,25462,Classic Burgers Grill,Cafe,West Auckland,1.04,42.89,1191,267,11451.63,416,231,277,17842.24,9907.59,11880.53,0.26586262,0.354065314,0.3,6,1.77,490.29,4352.44,1428.67,793.32,4025.17,0.29,0.45,0.25,0.3,51081.990000000005,10599.599999999999,0.20750170461252582,70.04826803101034,High
Burgers,25748,King Burgers House,QSR,CBD,0.99,34.92,895,161,5622.12,330,184,220,11523.6,6425.28,7682.4,0.204639992,0.432947134,0.33,12,3.54,778.8,2037.53,373.51,208.26,2005.4,0.22,0.45,0.25,0.3,31253.4,4624.700000000001,0.14797430039611692,31.06203579324798,Low
Burgers,25586,Classic Burgers Corner,QSR,West Auckland,1.04,32.07,874,196,6285.72,305,170,203,9781.35,5451.9,6510.21,0.271731525,0.447104084,0.31,7,2.07,420.21,1767.32,-282.05,-157.21,1410.23,0.29,0.45,0.25,0.3,28029.18,2738.29,0.09769426005327306,50.00309100127499,Medium
Burgers,25668,Lucky Burgers Bistro,QSR,CBD,0.99,42.18,644,124,5230.32,234,130,156,9870.12,5483.4,6580.08,0.271654561,0.40805593,0.33,3,0.89,138.84,1675.22,-95.84,-53.25,1968.69,0.24,0.45,0.25,0.3,27163.92,3494.82,0.1286566887253386,33.357656826781344,Low
Burgers,26127,King Burgers Cafe,Ghost Kitchen,North Shore,1.03,45.5,1161,65,2957.5,493,274,329,22431.5,12467.0,14969.5,0.285928342,0.293624113,0.31,4,1.18,388.22,1243.47,2477.5,1376.95,5905.67,0.06,0.45,0.25,0.3,52825.5,11003.59,0.2083007259751446,67.03046275235836,High
Burgers,26277,Classic Burgers House,Full-service,West Auckland,1.04,42.43,1989,547,23209.21,649,360,433,27537.07,15274.8,18372.19,0.363928655,0.478824666,0.31,17,5.02,2173.66,3649.57,-4206.38,-2333.28,715.31,0.38,0.45,0.25,0.3,84393.27,-2174.78,-0.025769590395063494,62.36043672450127,Medium
Burgers,26359,Classic Burgers Corner,QSR,South Auckland,1.05,46.28,1946,389,18002.92,701,389,467,32442.28,18002.92,21612.76,0.206978575,0.418698744,0.27,18,5.31,2479.77,6738.9,3384.47,1878.11,5610.38,0.25,0.45,0.25,0.3,90060.87999999999,17611.86,0.19555505120536246,85.12355361473251,High
Burgers,26279,King Burgers Diner,QSR,West Auckland,1.04,32.93,561,101,3325.93,207,115,138,6816.51,3786.95,4544.34,0.240024389,0.398121364,0.29,15,4.43,611.34,1203.5,489.8,272.11,1033.05,0.22,0.45,0.25,0.3,18473.73,2998.46,0.16230939826445445,51.79265932577173,Medium
Burgers,25673,Lucky Burgers Diner,QSR,West Auckland,1.04,43.08,1157,253,10899.24,407,226,271,17533.56,9736.08,11674.68,0.258244109,0.422158598,0.3,16,4.72,1279.12,3483.37,343.61,190.8,2452.08,0.28,0.45,0.25,0.3,49843.560000000005,6469.860000000001,0.12980332865469482,64.62035352142624,High
Burgers,25028,Urban Burgers Kitchen,Cafe,CBD,0.99,35.61,1933,522,18588.42,635,353,423,22612.35,12570.33,15063.03,0.225109695,0.364110324,0.31,6,1.77,748.71,7635.75,2278.87,1266.84,5438.88,0.37,0.45,0.25,0.3,68834.13,16620.34,0.2414549294078388,48.90042143828808,Medium
Burgers,26120,Urban Burgers Kitchen,Cafe,South Auckland,1.05,42.66,956,220,9385.2,331,184,221,14120.46,7849.44,9427.86,0.210449504,0.355556332,0.28,12,3.54,782.34,4073.12,2174.47,1208.77,3309.3,0.3,0.45,0.25,0.3,40782.96,10765.66,0.26397446384470374,76.1747637433457,High
Burgers,25798,Top Burgers Tavern,QSR,West Auckland,1.04,46.45,1520,332,15421.4,535,297,356,24850.75,13795.65,16536.2,0.27325189,0.420943902,0.27,7,2.07,736.92,4715.93,889.76,493.94,4319.92,0.28,0.45,0.25,0.3,70604.0,10419.55,0.14757733272902385,72.5449863737031,High
Burgers,26404,Top Burgers Eatery,Cafe,West Auckland,1.04,45.98,1403,386,17748.28,458,254,305,21058.84,11678.92,14023.9,0.214476971,0.351445858,0.33,15,4.43,1351.15,7704.12,2191.74,1215.51,4736.3,0.38,0.45,0.25,0.3,64509.939999999995,15847.670000000002,0.24566245139896276,77.51221568750691,High
Burgers,25354,Classic Burgers Diner,QSR,CBD,0.99,36.87,1558,301,11097.87,566,314,377,20868.42,11577.18,13899.99,0.238315882,0.421141669,0.28,4,1.18,444.86,3779.3,1263.43,700.91,4288.68,0.24,0.45,0.25,0.3,57443.46,10032.32,0.1746468614529835,41.52917838971831,Low
Burgers,25437,King Burgers Corner,QSR,CBD,0.99,43.71,1707,307,13418.97,630,350,420,27537.3,15298.5,18358.2,0.211043595,0.405638395,0.31,11,3.25,1365.0,5143.73,2018.98,1121.66,5672.03,0.22,0.45,0.25,0.3,74612.97,13956.399999999998,0.18705058919380904,49.819278488171534,Medium
Burgers,25681,Top Burgers Grill,Full-service,North Shore,1.03,37.76,1299,450,16992.0,382,212,255,14424.32,8005.12,9628.8,0.396251626,0.498289342,0.31,18,5.31,1354.05,1791.96,-2950.36,-1637.37,-338.61,0.53,0.45,0.25,0.3,49050.240000000005,-3134.38,-0.0639014202580864,43.49729746289941,Low
Burgers,25642,Classic Burgers Kitchen,Full-service,North Shore,1.03,40.81,1393,425,17344.25,436,242,290,17793.16,9876.02,11834.9,0.397319778,0.511895336,0.28,4,1.18,342.2,1574.6,-3366.73,-1868.69,732.23,0.44,0.45,0.25,0.3,56848.33000000001,-2928.59,-0.051515849278246165,47.94625829162239,Medium
Burgers,25871,Urban Burgers Cafe,QSR,West Auckland,1.04,33.42,1350,287,9591.54,478,266,319,15974.76,8889.72,10660.98,0.200827289,0.383602185,0.29,18,5.31,1693.89,3985.96,2005.96,1116.29,2736.5,0.27,0.45,0.25,0.3,45117.0,9844.71,0.21820400292572642,64.30117240463224,High
Burgers,26170,King Burgers House,Ghost Kitchen,West Auckland,1.04,41.0,889,25,1025.0,389,216,259,15949.0,8856.0,10619.0,0.288388713,0.263804073,0.28,11,3.25,841.75,459.0,2676.36,1486.1,3913.51,0.03,0.45,0.25,0.3,36449.0,8534.970000000001,0.23416197975253097,67.03250603087282,High
Burgers,26534,Lucky Burgers House,Cafe,West Auckland,1.04,44.79,2103,590,26426.1,681,378,454,30501.99,16930.62,20334.66,0.245683662,0.435131374,0.28,8,2.36,1071.44,8434.81,1195.22,663.43,5419.08,0.39,0.45,0.25,0.3,94193.37,15712.539999999999,0.16681152824238055,78.56237105387775,High
Burgers,25968,Lucky Burgers House,QSR,North Shore,1.03,37.17,1605,300,11151.0,587,326,392,21818.79,12117.42,14570.64,0.214260496,0.439951509,0.29,13,3.84,1505.28,3855.88,1217.23,676.01,3533.07,0.23,0.45,0.25,0.3,59657.85,9282.19,0.15559042104266246,60.99960967108036,Medium
Burgers,25566,Top Burgers Cafe,Full-service,CBD,0.99,38.56,1376,452,17429.12,416,231,277,16040.96,8907.36,10681.12,0.393109111,0.475082364,0.3,7,2.07,573.39,2297.31,-2697.95,-1498.14,834.47,0.49,0.45,0.25,0.3,53058.560000000005,-1064.31,-0.02005915727829779,27.95021231988557,Low
Burgers,26294,Urban Burgers Kitchen,Full-service,North Shore,1.03,45.38,715,215,9756.7,225,125,150,10210.5,5672.5,6807.0,0.38304929,0.547464359,0.3,13,3.84,576.0,677.96,-2353.66,-1307.59,-103.01,0.43,0.45,0.25,0.3,32446.7,-3086.3,-0.09511907220148737,41.78847206211142,Low
Burgers,25567,King Burgers Eatery,Cafe,CBD,0.99,35.08,1379,421,14768.68,431,240,287,15119.48,8419.2,10067.96,0.236935639,0.428326792,0.29,12,3.54,1015.98,4943.63,676.41,376.65,2354.14,0.44,0.45,0.25,0.3,48375.32,8350.83,0.17262583482651897,37.96532026582183,Low
Burgers,25082,Classic Burgers House,Full-service,CBD,0.99,38.58,765,222,8564.76,244,136,163,9413.52,5246.88,6288.54,0.362746076,0.526983709,0.28,7,2.07,337.41,944.44,-1597.75,-890.55,356.03,0.41,0.45,0.25,0.3,29513.7,-1187.83,-0.040246732873208034,20.16271210636049,Low
Burgers,25823,Classic Burgers Bistro,Cafe,North Shore,1.03,40.69,1268,277,11271.13,446,248,297,18147.74,10091.12,12084.93,0.24235975,0.383713378,0.32,18,5.31,1577.07,4214.58,978.65,544.18,2941.81,0.28,0.45,0.25,0.3,51594.920000000006,8679.22,0.1682184990305247,61.322732016782645,Medium
Burgers,25784,Classic Burgers Diner,Full-service,South Auckland,1.05,37.54,2076,719,26991.26,611,339,407,22936.94,12726.06,15278.78,0.366015143,0.522909006,0.27,9,2.66,1082.62,2998.08,-3645.23,-2022.48,614.48,0.53,0.45,0.25,0.3,77933.04,-2055.15,-0.026370715167790198,64.03182621402426,High
Burgers,25490,King Burgers Eatery,Full-service,North Shore,1.03,37.97,883,290,11011.3,267,148,178,10137.99,5619.56,6758.66,0.351409105,0.466645761,0.28,3,0.89,158.42,2003.45,-994.08,-551.03,1071.29,0.49,0.45,0.25,0.3,33527.51,1529.63,0.04562313157165564,46.6657818671614,Medium
Burgers,26139,Classic Burgers Bistro,Cafe,North Shore,1.03,32.11,955,231,7417.41,326,181,217,10467.86,5811.91,6967.87,0.236294739,0.421600318,0.29,13,3.84,833.28,2537.53,545.43,302.83,1550.46,0.32,0.45,0.25,0.3,30665.05,4936.25,0.1609731599981086,50.153511811623616,Medium
Burgers,25223,Urban Burgers Tavern,Full-service,West Auckland,1.04,35.32,2056,608,21474.56,652,362,434,23028.64,12785.84,15328.88,0.39151518,0.490375293,0.31,12,3.54,1536.36,2536.35,-4418.98,-2453.48,274.13,0.42,0.45,0.25,0.3,72617.92,-4061.9799999999996,-0.05593633086709175,54.920323338180076,Medium
Burgers,26652,Classic Burgers Corner,Full-service,West Auckland,1.04,42.52,1375,464,19729.28,410,228,273,17433.2,9694.56,11607.96,0.390601998,0.541005217,0.3,11,3.25,887.25,1349.34,-4037.65,-2245.33,-93.35,0.51,0.45,0.25,0.3,58464.99999999999,-5026.990000000001,-0.0859828957495938,51.90592079382677,Medium
Burgers,26410,Classic Burgers Tavern,Ghost Kitchen,West Auckland,1.04,37.99,1169,76,2887.24,492,273,328,18691.08,10371.27,12460.72,0.276286292,0.261323866,0.31,6,1.77,580.56,1335.03,2848.33,1580.48,5181.15,0.07,0.45,0.25,0.3,44410.31,10944.99,0.2464515559562633,68.22487133950771,High
Burgers,26154,Urban Burgers Bistro,Ghost Kitchen,West Auckland,1.04,42.2,1484,84,3544.8,630,350,420,26586.0,14770.0,17724.0,0.259973189,0.297896988,0.31,12,3.54,1486.8,1567.26,3512.8,1951.56,6349.51,0.06,0.45,0.25,0.3,62624.8,13381.130000000001,0.21367142090673344,72.96102832299428,High
Burgers,25942,Lucky Burgers Eatery,Cafe,West Auckland,1.04,36.32,996,252,9152.64,335,186,223,12167.2,6755.52,8099.36,0.249211879,0.408902552,0.3,8,2.36,526.28,3129.16,509.63,282.96,2242.77,0.34,0.45,0.25,0.3,36174.72,6164.52,0.17040961201634733,59.84249568881083,Medium
Burgers,25670,Urban Burgers Cafe,QSR,CBD,0.99,44.05,1528,343,15109.15,533,296,356,23478.65,13038.8,15681.8,0.22102776,0.370199644,0.31,17,5.02,1787.12,6176.21,2319.05,1287.88,4623.17,0.29,0.45,0.25,0.3,67308.40000000001,14406.31,0.21403435529592144,50.040775282449346,Medium
Burgers,26186,Lucky Burgers Cafe,QSR,South Auckland,1.05,42.65,1925,372,15865.8,699,388,466,29812.35,16548.2,19874.9,0.255556126,0.417250605,0.3,17,5.02,2339.32,5191.18,810.7,450.0,4163.61,0.24,0.45,0.25,0.3,82101.25,10615.49,0.1292975441908619,77.31771728648897,High
Burgers,26268,Lucky Burgers Grill,Ghost Kitchen,South Auckland,1.05,38.79,714,34,1318.86,306,170,204,11869.74,6594.3,7913.16,0.271578204,0.283060144,0.32,9,2.66,542.64,587.37,1488.01,826.67,2981.58,0.05,0.45,0.25,0.3,27696.06,5883.63,0.21243563163857962,66.8225270292104,High
Burgers,25581,King Burgers Corner,Ghost Kitchen,North Shore,1.03,42.52,1607,132,5612.64,664,369,442,28233.28,15689.88,18793.84,0.297142433,0.282183994,0.32,15,4.43,1958.06,2361.09,2842.35,1579.56,5948.01,0.09,0.45,0.25,0.3,68329.64,12731.01,0.18631753365011144,67.6915485654348,High
Burgers,26323,Lucky Burgers House,Ghost Kitchen,West Auckland,1.04,31.54,1391,103,3248.62,580,322,386,18293.2,10155.88,12174.44,0.290860172,0.261603491,0.31,8,2.36,910.96,1453.88,2515.98,1396.8,4537.54,0.08,0.45,0.25,0.3,43872.14,9904.2,0.22575146778798574,63.62498165914495,High
Burgers,26686,Lucky Burgers Tavern,QSR,North Shore,1.03,44.43,728,159,7064.37,256,142,171,11374.08,6309.06,7597.53,0.22103797,0.427857679,0.29,16,4.72,807.12,2480.33,695.01,385.51,1860.41,0.28,0.45,0.25,0.3,32345.04,5421.26,0.1676071508954696,58.802100695268976,Medium
Burgers,26595,Urban Burgers Grill,Cafe,South Auckland,1.05,45.98,1698,361,16598.78,602,334,401,27679.96,15357.32,18437.98,0.222722592,0.435949815,0.27,10,2.95,1182.95,5665.62,1974.34,1095.4,5110.44,0.27,0.45,0.25,0.3,78074.04,13845.8,0.17734191800501165,81.02290895109115,High
Burgers,26151,Urban Burgers Corner,Ghost Kitchen,CBD,0.99,35.21,753,62,2183.02,311,173,207,10950.31,6091.33,7288.47,0.287408648,0.272643319,0.32,17,5.02,1039.14,960.42,1313.47,730.64,2167.41,0.09,0.45,0.25,0.3,26513.13,5171.94,0.19507089506218236,32.98534380748907,Low
Burgers,25598,Top Burgers Diner,Cafe,North Shore,1.03,40.75,2131,651,26528.25,666,370,444,27139.5,15077.5,18093.0,0.233744969,0.37785114,0.29,5,1.48,657.12,10303.68,2670.63,1483.68,6370.27,0.44,0.45,0.25,0.3,86838.25,20828.260000000002,0.23985121763738906,75.30189686878602,High
Burgers,26043,King Burgers Diner,Cafe,North Shore,1.03,38.27,831,166,6352.82,299,166,200,11442.73,6352.82,7654.0,0.254668769,0.361227567,0.33,10,2.95,590.0,2440.14,619.09,343.71,2349.93,0.25,0.45,0.25,0.3,31802.37,5752.87,0.1808943798842665,55.48527642399321,Medium
Burgers,25237,Top Burgers Bistro,QSR,West Auckland,1.04,37.33,1566,303,11310.99,568,316,379,21203.44,11796.28,14148.07,0.20258136,0.375410876,0.33,14,4.13,1565.27,4773.33,1950.88,1085.35,4405.33,0.24,0.45,0.25,0.3,58458.78,12214.89,0.2089487669773471,69.3193081402322,High
Burgers,26208,Urban Burgers Corner,QSR,North Shore,1.03,37.13,831,171,6349.23,297,165,198,11027.61,6126.45,7351.74,0.22267398,0.40907623,0.28,17,5.02,993.96,2338.1,973.18,540.66,1713.32,0.26,0.45,0.25,0.3,30855.03,5565.259999999999,0.18036799834581266,54.469322096127456,Medium
Burgers,25672,Lucky Burgers Bistro,Cafe,West Auckland,1.04,39.53,1862,559,22097.27,586,326,391,23164.58,12886.78,15456.23,0.253144158,0.376590095,0.31,12,3.54,1384.14,8181.86,1396.03,776.63,4338.77,0.43,0.45,0.25,0.3,73604.86,14693.289999999999,0.19962391070372254,73.70588019465136,High
Burgers,25563,Urban Burgers Tavern,Full-service,West Auckland,1.04,39.26,1524,395,15507.7,508,282,339,19944.08,11071.32,13309.14,0.352919551,0.463440341,0.29,18,5.31,1800.09,2847.84,-2121.25,-1177.54,644.0,0.35,0.45,0.25,0.3,59832.24,193.05000000000018,0.003226521353704962,56.681657482919675,Medium
Burgers,25550,Top Burgers Corner,Cafe,West Auckland,1.04,38.65,1887,529,20445.85,611,340,407,23615.15,13141.0,15730.55,0.269452203,0.356036591,0.32,16,4.72,1921.04,7657.2,1287.29,716.33,3970.23,0.39,0.45,0.25,0.3,72932.55,13631.05,0.18689940225592,72.3557665954321,High
Burgers,26039,Classic Burgers Grill,Cafe,West Auckland,1.04,42.51,1058,302,12838.02,340,189,227,14453.4,8034.39,9649.77,0.264760888,0.385405248,0.29,18,5.31,1205.37,4491.17,864.8,480.73,2170.45,0.4,0.45,0.25,0.3,44975.58,8007.150000000001,0.17803327939295058,66.33389623935228,High
Burgers,25917,King Burgers Kitchen,Cafe,West Auckland,1.04,38.8,1425,385,14938.0,468,260,312,18158.4,10088.0,12105.6,0.208901476,0.417478325,0.27,8,2.36,736.32,5581.14,1881.58,1045.32,3786.58,0.37,0.45,0.25,0.3,55290.0,12294.62,0.22236606981370954,69.99990417210915,High
Burgers,26457,Top Burgers Bistro,QSR,North Shore,1.03,38.74,1128,253,9801.22,394,219,262,15263.56,8484.06,10149.88,0.246101893,0.444769303,0.28,3,0.89,233.18,3029.84,444.61,247.13,2904.44,0.29,0.45,0.25,0.3,43698.719999999994,6626.02,0.1516296129497615,57.05156318295433,Medium
Burgers,26200,Classic Burgers Bistro,Cafe,West Auckland,1.04,36.79,1679,397,14605.63,577,320,385,21227.83,11772.8,14164.15,0.231192793,0.359439315,0.3,13,3.84,1478.4,5979.08,2321.64,1287.57,4319.95,0.31,0.45,0.25,0.3,61770.409999999996,13908.239999999998,0.22516023448767783,71.1386207404883,High
Burgers,26551,Top Burgers Cafe,Ghost Kitchen,CBD,0.99,33.99,845,40,1359.6,362,201,242,12304.38,6831.99,8225.58,0.296113993,0.258441539,0.29,5,1.48,358.16,605.63,1912.65,1062.0,3305.88,0.05,0.45,0.25,0.3,28721.550000000003,6886.16,0.2397558627581032,35.915854062728556,Low
Burgers,25112,Classic Burgers Cafe,QSR,CBD,0.99,38.54,1525,305,11754.7,549,305,366,21158.46,11754.7,14105.64,0.246604163,0.387914123,0.29,15,4.43,1621.38,4296.13,1597.08,887.26,3533.97,0.25,0.45,0.25,0.3,58773.5,10314.44,0.1754947382749028,42.67453152728155,Low
Burgers,25571,Classic Burgers Tavern,Cafe,South Auckland,1.05,39.35,1923,578,22744.3,605,336,404,23806.75,13221.6,15897.4,0.213036691,0.44229356,0.31,13,3.84,1551.36,7839.27,825.37,458.39,3927.99,0.43,0.45,0.25,0.3,75670.05,13051.02,0.17247272864230961,77.36599752989885,High
Burgers,26384,Urban Burgers Tavern,QSR,North Shore,1.03,38.79,1616,323,12529.17,582,323,388,22575.78,12529.17,15050.52,0.255428562,0.355401323,0.31,12,3.54,1373.52,4875.98,1787.33,991.94,4483.69,0.25,0.45,0.25,0.3,62684.64,12138.939999999999,0.19365094862154428,65.07221992843513,High
Burgers,26090,Classic Burgers Kitchen,Cafe,CBD,0.99,38.97,838,178,6936.66,297,165,198,11574.09,6430.05,7716.06,0.246713899,0.37251954,0.31,11,3.25,643.5,2641.25,819.06,455.03,2294.52,0.27,0.45,0.25,0.3,32656.86,6209.860000000001,0.1901548403612595,36.78483615087503,Low
Burgers,25601,Urban Burgers Tavern,QSR,West Auckland,1.04,35.83,1436,259,9279.97,530,294,353,18989.9,10534.02,12647.99,0.223330448,0.410070207,0.32,14,4.13,1457.89,3402.03,884.92,490.88,3178.85,0.22,0.45,0.25,0.3,51451.88,7956.68,0.15464313451714495,63.00059026571307,Medium
Burgers,25359,Lucky Burgers Kitchen,Cafe,West Auckland,1.04,39.61,1699,350,13863.5,607,337,405,24043.27,13348.57,16042.05,0.273720501,0.435513706,0.32,14,4.13,1672.65,4031.03,-702.89,-390.23,2991.83,0.26,0.45,0.25,0.3,67297.39,5929.74,0.08811248103381127,64.54541899686151,High
Burgers,25958,Top Burgers Cafe,QSR,North Shore,1.03,45.69,566,106,4843.14,207,115,138,9457.83,5254.35,6305.22,0.200906161,0.379106372,0.3,4,1.18,162.84,2034.06,1134.82,630.46,2485.27,0.23,0.45,0.25,0.3,25860.54,6284.610000000001,0.2430192873002652,63.25566837939427,Medium
Burgers,26658,Classic Burgers Grill,Ghost Kitchen,CBD,0.99,34.09,1088,80,2727.2,454,252,302,15476.86,8590.68,10295.18,0.274295224,0.329923098,0.28,12,3.54,1069.08,1079.38,1791.94,994.64,3005.56,0.08,0.45,0.25,0.3,37089.92,6871.52,0.18526650906769282,34.89550922602974,Low
Burgers,25727,Urban Burgers Diner,Full-service,North Shore,1.03,36.25,1782,544,19720.0,557,310,371,20191.25,11237.5,13448.75,0.366730907,0.509351469,0.3,15,4.43,1643.53,2443.66,-3555.32,-1978.73,23.01,0.44,0.45,0.25,0.3,64597.5,-3067.38,-0.04748450017415535,48.399111087217086,Medium
Burgers,25120,Urban Burgers Eatery,Cafe,West Auckland,1.04,42.45,1226,268,11376.6,431,240,287,18295.95,10188.0,12183.15,0.237274351,0.355845061,0.28,10,2.95,846.65,4628.92,2321.4,1292.66,4110.44,0.28,0.45,0.25,0.3,52043.700000000004,12353.419999999998,0.23736629025223027,72.05028917604841,High
Burgers,25381,King Burgers Diner,Cafe,CBD,0.99,39.54,1330,337,13324.98,447,248,298,17674.38,9805.92,11782.92,0.241751656,0.44004215,0.31,6,1.77,527.46,4240.09,145.04,80.47,3221.94,0.34,0.45,0.25,0.3,52588.2,7687.540000000001,0.14618374464233425,39.50368030480886,Low
Burgers,26440,Urban Burgers Eatery,Cafe,North Shore,1.03,45.52,1211,327,14885.04,398,221,265,18116.96,10059.92,12062.8,0.212935674,0.376308752,0.32,15,4.43,1173.95,6114.11,1644.22,912.99,3780.91,0.37,0.45,0.25,0.3,55124.72,12452.23,0.22589194103843066,68.7597903755037,High
Burgers,25148,Lucky Burgers Cafe,QSR,West Auckland,1.04,46.63,1277,230,10724.9,471,262,314,21962.73,12217.06,14641.82,0.262106712,0.362004435,0.29,8,2.36,741.04,4031.37,1886.35,1049.31,4762.66,0.22,0.45,0.25,0.3,59546.509999999995,11729.689999999999,0.19698366873222292,73.46383551014513,High
Burgers,26158,Top Burgers Tavern,Full-service,North Shore,1.03,38.36,1107,327,12543.72,351,195,234,13464.36,7480.2,8976.24,0.351834394,0.472950531,0.3,15,4.43,1036.62,2197.85,-1680.15,-933.42,536.15,0.42,0.45,0.25,0.3,42464.52,120.42999999999984,0.002836014630566879,46.48254163430826,Medium
Burgers,26612,Classic Burgers House,Full-service,West Auckland,1.04,31.69,696,247,7827.43,202,112,135,6401.38,3549.28,4278.15,0.380892307,0.515172829,0.27,5,1.48,199.8,813.54,-1063.05,-589.41,244.85,0.55,0.45,0.25,0.3,22056.239999999998,-594.0699999999999,-0.02693432788181485,39.40537037649069,Low
Burgers,25430,Lucky Burgers Kitchen,Full-service,CBD,0.99,38.32,1929,531,20347.92,629,350,419,24103.28,13412.0,16056.08,0.351228578,0.522572464,0.27,9,2.66,1114.54,2567.89,-3466.08,-1928.66,911.72,0.38,0.45,0.25,0.3,73919.28,-1915.1300000000003,-0.0259083962939033,33.183200232727685,Low
Burgers,26197,Urban Burgers Corner,Ghost Kitchen,North Shore,1.03,36.93,826,68,2511.24,341,190,227,12593.13,7016.7,8383.11,0.252041993,0.301198174,0.32,17,5.02,1139.54,1121.92,1596.3,889.44,2605.7,0.09,0.45,0.25,0.3,30504.18,6213.360000000001,0.2036888059275811,55.81512643728372,Medium
Burgers,25559,Top Burgers Eatery,Cafe,West Auckland,1.04,31.56,1981,421,13286.76,702,390,468,22155.12,12308.4,14770.08,0.226288954,0.432838282,0.29,15,4.43,2073.24,4529.09,1127.09,626.16,2961.48,0.27,0.45,0.25,0.3,62520.36,9243.82,0.14785295542124197,64.61965162878205,High
Burgers,25742,Lucky Burgers Eatery,QSR,North Shore,1.03,31.12,1518,263,8184.56,565,314,376,17582.8,9771.68,11701.12,0.2540616,0.443246989,0.31,13,3.84,1443.84,2477.4,-128.51,-71.42,2097.99,0.21,0.45,0.25,0.3,47240.16,4375.46,0.09262161686158556,50.63763008388267,Medium
Burgers,25763,King Burgers Bistro,Cafe,CBD,0.99,42.59,535,120,5110.8,187,104,124,7964.33,4429.36,5281.16,0.251316445,0.351504382,0.3,14,4.13,512.12,2029.9,773.97,430.44,1585.45,0.29,0.45,0.25,0.3,22785.65,4819.76,0.21152611402351917,38.14143754001267,Low
Burgers,25998,Lucky Burgers House,Cafe,West Auckland,1.04,33.37,672,185,6173.45,219,122,146,7308.03,4071.14,4872.02,0.24673714,0.419577346,0.28,5,1.48,216.08,2059.99,392.34,218.56,1409.64,0.38,0.45,0.25,0.3,22424.64,4080.5299999999997,0.1819663548667894,54.665805021061644,Medium
Burgers,26533,Top Burgers Diner,Ghost Kitchen,West Auckland,1.04,37.94,1147,44,1669.36,496,276,331,18818.24,10471.44,12558.14,0.264851969,0.21753749,0.29,14,4.13,1367.03,864.08,4283.23,2383.41,5133.2,0.04,0.45,0.25,0.3,43517.18,12663.919999999998,0.2910096656079277,70.95061389481995,High
Burgers,25914,Urban Burgers Diner,Cafe,North Shore,1.03,31.66,1372,348,11017.68,461,256,307,14595.26,8104.96,9719.62,0.240962068,0.423614705,0.28,10,2.95,905.65,3695.59,808.92,449.2,2354.54,0.34,0.45,0.25,0.3,43437.520000000004,7308.25,0.1682474045479576,54.65509666361969,Medium
Burgers,25957,Classic Burgers Cafe,Full-service,CBD,0.99,31.88,1549,434,13835.92,502,279,334,16003.76,8894.52,10647.92,0.394481477,0.455416794,0.32,11,3.25,1085.5,2076.8,-2719.01,-1511.16,512.77,0.39,0.45,0.25,0.3,49382.119999999995,-1640.6,-0.03322255099619052,23.1431908364013,Low
Burgers,26169,Classic Burgers House,QSR,South Auckland,1.05,41.73,1289,232,9681.36,476,264,317,19863.48,11016.72,13228.41,0.254704415,0.368392519,0.31,5,1.48,469.16,3648.93,1328.93,737.05,4516.67,0.22,0.45,0.25,0.3,53789.97,10231.58,0.19021352865599292,73.9200257555585,High
Burgers,25432,King Burgers Eatery,Cafe,North Shore,1.03,40.76,876,207,8437.32,301,167,201,12268.76,6806.92,8192.76,0.241914646,0.409190202,0.3,18,5.31,1067.31,2943.74,599.88,332.83,1791.1,0.31,0.45,0.25,0.3,35705.76,5667.549999999999,0.15872929185655196,56.608856300885115,Medium
Burgers,26165,Classic Burgers Corner,QSR,South Auckland,1.05,39.13,1578,315,12325.95,568,316,379,22225.84,12365.08,14830.27,0.26268868,0.415173902,0.33,7,2.07,784.53,3970.65,-174.75,-97.22,3992.85,0.25,0.45,0.25,0.3,61747.14,7691.530000000001,0.12456495960784582,70.3111357105062,High
Burgers,26406,Top Burgers Grill,Full-service,West Auckland,1.04,37.89,1724,492,18641.88,554,308,370,20991.06,11670.12,14019.3,0.399093572,0.507960964,0.32,7,2.07,765.9,1732.68,-4766.12,-2649.75,537.13,0.4,0.45,0.25,0.3,65322.36,-5146.0599999999995,-0.07877945622295336,52.09025413975756,Medium
Burgers,26696,Top Burgers House,Full-service,West Auckland,1.04,40.31,988,277,11165.87,320,178,213,12899.2,7175.18,8586.03,0.364305329,0.497658483,0.29,5,1.48,315.24,1541.29,-1960.21,-1090.37,869.94,0.39,0.45,0.25,0.3,39826.28,-639.3499999999999,-0.01605347022117054,50.63231324428341,Medium
Burgers,26640,Urban Burgers Cafe,Full-service,North Shore,1.03,34.45,1497,420,14469.0,485,269,323,16708.25,9267.05,11127.35,0.356300591,0.514156294,0.32,8,2.36,762.28,1874.36,-3182.2,-1764.97,679.19,0.39,0.45,0.25,0.3,51571.65,-2393.62,-0.04641348492825031,43.91674552939182,Low
Burgers,25600,Classic Burgers Tavern,QSR,West Auckland,1.04,44.6,1185,221,9856.6,434,241,289,19356.4,10748.6,12889.4,0.219056068,0.381411946,0.28,17,5.02,1450.78,3938.03,2313.71,1284.8,3698.95,0.23,0.45,0.25,0.3,52851.0,11235.49,0.212588030500842,71.79827795525745,High
Burgers,25840,Top Burgers Diner,QSR,West Auckland,1.04,40.44,615,123,4974.12,221,123,148,8937.24,4974.12,5985.12,0.207354236,0.405242016,0.28,3,0.89,131.72,1926.99,959.89,534.24,2186.94,0.25,0.45,0.25,0.3,24870.6,5608.0599999999995,0.225489533827089,63.07650393524498,Medium
Burgers,26449,Lucky Burgers Tavern,Cafe,West Auckland,1.04,31.69,1081,314,9950.66,345,192,230,10933.05,6084.48,7288.7,0.218144443,0.355344522,0.31,16,4.72,1085.6,4244.07,1273.82,708.91,2023.11,0.41,0.45,0.25,0.3,34256.89,8249.91,0.24082483844855734,61.49908586796736,Medium
Burgers,25321,Urban Burgers Diner,Full-service,CBD,0.99,43.59,1149,340,14820.6,364,202,243,15866.76,8805.18,10592.37,0.387669529,0.542980143,0.27,11,3.25,789.75,1027.81,-3183.66,-1766.76,-55.17,0.42,0.45,0.25,0.3,50084.91,-3977.7799999999997,-0.07942072772018557,25.88418910095131,Low
Chicken Dishes,26442,Classic Chicken Dishes Diner,Full-service,North Shore,1.03,44.65,1872,544,24289.6,797,332,199,35586.05,14823.8,8885.35,0.361944255,0.465298341,0.3,12,3.54,704.46,4196.21,-4528.06,-1886.22,830.55,0.41,0.6,0.25,0.15,83584.8,-1387.5200000000007,-0.016600147395220193,58.65318935169106,Medium
Chicken Dishes,25027,Urban Chicken Dishes Cafe,Cafe,North Shore,1.03,39.82,1377,407,16206.74,582,242,146,23175.24,9636.44,5813.72,0.244531284,0.439912853,0.28,11,3.25,474.5,5114.13,824.02,342.63,1360.05,0.42,0.6,0.25,0.15,54832.14000000001,7640.83,0.1393494764202163,59.78002531165822,Medium
Chicken Dishes,26400,Urban Chicken Dishes Tavern,QSR,South Auckland,1.05,46.2,1073,221,10210.2,511,213,128,23608.2,9840.6,5913.6,0.249170164,0.39798906,0.27,10,2.95,377.6,3602.57,1955.72,815.2,1708.96,0.26,0.6,0.25,0.15,49572.6,8082.45,0.16304268890475787,73.65630489940878,High
Chicken Dishes,26078,Urban Chicken Dishes Diner,QSR,West Auckland,1.04,41.28,1546,319,13168.32,736,307,184,30382.08,12672.96,7595.52,0.232272156,0.429688365,0.33,16,4.72,868.48,4451.41,244.26,101.88,1699.11,0.26,0.6,0.25,0.15,63818.880000000005,6496.66,0.10179840197759658,65.28954147926598,High
Chicken Dishes,25610,King Chicken Dishes Tavern,Cafe,South Auckland,1.05,43.18,600,165,7124.7,261,109,65,11269.98,4706.62,2806.7,0.215217293,0.433281878,0.33,8,2.36,153.4,2504.34,242.31,101.2,833.16,0.38,0.6,0.25,0.15,25908.0,3681.0099999999998,0.1420800524934383,64.65762467052723,High
Chicken Dishes,25524,Lucky Chicken Dishes Eatery,QSR,South Auckland,1.05,46.25,1163,247,11423.75,550,229,137,25437.5,10591.25,6336.25,0.224442922,0.412300766,0.29,6,1.77,242.49,4149.75,1863.46,775.88,2059.19,0.27,0.6,0.25,0.15,53788.75,8848.28,0.1645005693569752,74.74685912953922,High
Chicken Dishes,26183,Classic Chicken Dishes Kitchen,Full-service,North Shore,1.03,40.63,1724,559,22712.17,699,291,175,28400.37,11823.33,7110.25,0.362177372,0.518651019,0.27,13,3.84,672.0,2706.65,-4283.58,-1783.29,175.34,0.48,0.6,0.25,0.15,70046.12,-3184.8799999999997,-0.045468328581226194,51.69027985824633,Medium
Chicken Dishes,26144,Top Chicken Dishes Eatery,Ghost Kitchen,CBD,0.99,34.35,1071,88,3022.8,590,246,147,20266.5,8450.1,5049.45,0.292466924,0.265248913,0.33,14,4.13,607.11,1336.94,2275.61,948.81,1626.18,0.09,0.6,0.25,0.15,36788.85,6187.540000000001,0.16819063384694008,33.78981468239601,Low
Chicken Dishes,25269,Top Chicken Dishes Tavern,QSR,South Auckland,1.05,42.92,1256,217,9313.64,623,260,156,26739.16,11159.2,6695.52,0.23040034,0.402880303,0.29,5,1.48,230.88,3415.49,2051.41,856.13,2224.5,0.21,0.6,0.25,0.15,53907.520000000004,8547.529999999999,0.15855913980090344,72.46363420820845,High
Chicken Dishes,25069,Urban Chicken Dishes Bistro,Full-service,South Auckland,1.05,44.53,1059,313,13937.89,448,186,112,19949.44,8282.58,4987.36,0.371326761,0.544503274,0.31,6,1.77,198.24,1173.15,-4505.18,-1870.46,221.55,0.42,0.6,0.25,0.15,47157.270000000004,-4980.94,-0.10562401088951924,53.97861947241582,Medium
Chicken Dishes,25246,Lucky Chicken Dishes Diner,Full-service,CBD,0.99,37.12,844,241,8945.92,362,151,90,13437.44,5605.12,3340.8,0.36444736,0.499855997,0.28,10,2.95,265.5,1213.93,-1939.07,-808.84,187.84,0.4,0.6,0.25,0.15,31329.28,-1346.14,-0.04296747323909136,19.557080257579436,Low
Chicken Dishes,25026,Lucky Chicken Dishes Eatery,Full-service,CBD,0.99,36.56,1959,617,22557.52,805,336,201,29430.8,12284.16,7348.56,0.368867105,0.478825512,0.29,11,3.25,653.25,3435.68,-4052.4,-1691.44,465.99,0.46,0.6,0.25,0.15,71621.04,-1842.1700000000003,-0.0257210730254685,31.998509951534963,Low
Chicken Dishes,25715,Classic Chicken Dishes Corner,Cafe,CBD,0.99,36.98,627,159,5879.82,281,117,70,10391.38,4326.66,2588.6,0.269088426,0.443697705,0.31,16,4.72,330.4,1688.77,-236.78,-98.59,413.08,0.34,0.6,0.25,0.15,23186.46,1766.48,0.07618584294454608,25.172148341757495,Low
Chicken Dishes,25618,Urban Chicken Dishes Bistro,Full-service,CBD,0.99,31.17,581,144,4488.48,262,109,66,8166.54,3397.53,2057.22,0.381881071,0.546755019,0.3,18,5.31,350.46,320.32,-1867.17,-776.8,-203.65,0.33,0.6,0.25,0.15,18109.77,-2527.3,-0.13955450566186098,5.16051339200838,Low
Chicken Dishes,25334,Classic Chicken Dishes Grill,Full-service,South Auckland,1.05,33.05,1046,247,8163.35,479,200,120,15830.95,6610.0,3966.0,0.386459062,0.501272464,0.28,10,2.95,354.0,916.49,-2655.35,-1108.71,91.26,0.31,0.6,0.25,0.15,34570.3,-2756.3099999999995,-0.07973057798167789,45.71145703325937,Low
Chicken Dishes,25995,Urban Chicken Dishes Kitchen,Cafe,North Shore,1.03,41.85,1676,366,15317.1,786,328,196,32894.1,13726.8,8202.6,0.216816678,0.415236765,0.28,3,0.89,174.44,5635.87,2892.92,1207.22,2843.68,0.28,0.6,0.25,0.15,70140.6,12579.69,0.17934962061915638,67.37387347097494,High
Chicken Dishes,25615,Lucky Chicken Dishes Diner,Cafe,West Auckland,1.04,41.26,1751,444,18319.44,784,327,196,32347.84,13492.02,8086.96,0.243740166,0.43886211,0.29,3,0.89,174.44,5814.55,886.26,369.65,2392.34,0.34,0.6,0.25,0.15,72246.26000000001,9462.8,0.13097979051095515,69.40003944483402,High
Chicken Dishes,25297,King Chicken Dishes Tavern,Ghost Kitchen,South Auckland,1.05,40.44,1513,125,5055.0,833,347,208,33686.52,14032.68,8411.52,0.292890323,0.321109368,0.32,13,3.84,798.72,1951.23,2223.32,926.16,2448.13,0.09,0.6,0.25,0.15,61185.72,7548.84,0.12337584652105099,70.6721197635147,High
Chicken Dishes,26336,Classic Chicken Dishes Diner,QSR,West Auckland,1.04,34.75,1560,321,11154.75,743,310,186,25819.25,10772.5,6463.5,0.233758512,0.374096158,0.28,8,2.36,438.96,4374.28,2895.51,1208.09,2095.67,0.26,0.6,0.25,0.15,54210.0,10573.55,0.19504796163069543,66.10081535646357,High
Chicken Dishes,25108,Urban Chicken Dishes Eatery,Cafe,West Auckland,1.04,46.15,1739,380,17537.0,815,340,204,37612.25,15691.0,9414.6,0.25358986,0.35675399,0.28,16,4.72,962.88,6833.4,4124.41,1720.61,2705.58,0.28,0.6,0.25,0.15,80254.85,15384.0,0.1916893496156307,77.56785748065455,High
Chicken Dishes,26023,Classic Chicken Dishes Cafe,Cafe,North Shore,1.03,39.76,2199,682,27116.32,910,379,228,36181.6,15069.04,9065.28,0.252683397,0.378598332,0.28,7,2.07,471.96,9998.28,3209.97,1336.9,2870.57,0.45,0.6,0.25,0.15,87432.23999999999,17415.72,0.1991910535518706,72.42940237769054,High
Chicken Dishes,26153,Classic Chicken Dishes Bistro,Full-service,CBD,0.99,30.05,1767,581,17459.05,712,296,178,21395.6,8894.8,5348.9,0.363809833,0.534899392,0.27,17,5.02,893.56,1768.44,-3609.64,-1500.63,-351.77,0.49,0.6,0.25,0.15,53098.35,-3693.6,-0.06956148354892383,21.421515828260233,Low
Chicken Dishes,25766,Lucky Chicken Dishes Diner,QSR,South Auckland,1.05,40.28,1342,223,8982.44,671,280,168,27027.88,11278.4,6767.04,0.248494999,0.410611087,0.29,16,4.72,792.96,3062.06,1375.55,574.0,1513.88,0.2,0.6,0.25,0.15,54055.76,6525.49,0.12071775514764753,68.5516955440543,High
Chicken Dishes,25710,King Chicken Dishes Eatery,Cafe,South Auckland,1.05,33.32,915,242,8063.44,404,168,101,13461.28,5597.76,3365.32,0.224992689,0.362242971,0.29,11,3.25,328.25,3328.3,1652.57,687.21,1060.83,0.36,0.6,0.25,0.15,30487.800000000003,6728.91,0.22070828331332532,64.79520913844095,High
Chicken Dishes,26525,King Chicken Dishes Cafe,Full-service,North Shore,1.03,35.83,2195,722,25869.26,884,368,221,31673.72,13185.44,7918.43,0.393687133,0.517130615,0.28,11,3.25,718.25,2307.08,-6043.91,-2516.02,-12.07,0.49,0.6,0.25,0.15,78646.85,-6264.92,-0.07965888017129738,50.22759381118463,Medium
Chicken Dishes,25712,Classic Chicken Dishes House,Cafe,North Shore,1.03,44.49,1359,395,17573.55,578,241,145,25715.22,10722.09,6451.05,0.252607616,0.449872616,0.3,8,2.36,342.2,5228.48,-63.78,-26.59,1577.11,0.41,0.6,0.25,0.15,60461.91,6715.219999999999,0.1110652971432758,61.701951330418304,Medium
Chicken Dishes,25349,Classic Chicken Dishes Cafe,QSR,CBD,0.99,31.62,486,87,2750.94,239,100,60,7557.18,3162.0,1897.2,0.273522345,0.437762877,0.31,8,2.36,141.6,794.24,-160.86,-67.3,406.15,0.22,0.6,0.25,0.15,15367.320000000002,972.23,0.0632660737200761,18.204618830370936,Low
Chicken Dishes,25795,Classic Chicken Dishes Diner,Full-service,CBD,0.99,39.3,1886,509,20003.7,826,344,207,32461.8,13519.2,8135.1,0.387120261,0.481964347,0.3,12,3.54,732.78,2618.79,-5488.79,-2285.89,332.23,0.37,0.6,0.25,0.15,74119.8,-4823.66,-0.06507923658725469,30.934500540131037,Low
Chicken Dishes,26008,King Chicken Dishes Bistro,QSR,CBD,0.99,38.11,761,166,6326.26,357,149,89,13605.27,5678.39,3391.79,0.25042742,0.407182395,0.31,13,3.84,341.76,2166.05,440.68,183.92,819.56,0.28,0.6,0.25,0.15,29001.71,3610.21,0.1244826598155764,30.810156103040498,Low
Chicken Dishes,25850,Top Chicken Dishes Eatery,QSR,West Auckland,1.04,42.53,1220,259,11015.27,577,240,144,24539.81,10207.2,6124.32,0.272642807,0.430930687,0.32,3,0.89,128.16,3265.22,-578.49,-240.62,1687.25,0.27,0.6,0.25,0.15,51886.6,4133.36,0.07966141547143192,61.434998012704725,Medium
Chicken Dishes,26015,King Chicken Dishes Kitchen,QSR,West Auckland,1.04,39.58,1621,354,14011.32,760,317,190,30080.8,12546.86,7520.2,0.278203928,0.431124492,0.32,4,1.18,224.2,4072.69,-882.22,-367.98,1961.71,0.28,0.6,0.25,0.15,64159.17999999999,4784.200000000001,0.0745676612450471,62.78464072410057,Medium
Chicken Dishes,25422,Urban Chicken Dishes House,Full-service,West Auckland,1.04,39.75,1299,329,13077.75,582,242,146,23134.5,9619.5,5803.5,0.351225983,0.451469495,0.31,15,4.43,646.78,2580.3,-2607.15,-1084.07,498.28,0.34,0.6,0.25,0.15,51635.25,-612.6399999999999,-0.01186476292842583,53.71334566163556,Medium
Chicken Dishes,26012,Urban Chicken Dishes Eatery,Cafe,South Auckland,1.05,39.07,2084,551,21527.57,920,383,230,35944.4,14963.81,8986.1,0.268489274,0.367201792,0.32,3,0.89,204.7,7842.69,1592.66,663.03,3069.02,0.36,0.6,0.25,0.15,81421.88,13167.400000000001,0.16171820154484273,78.09920868239575,High
Chicken Dishes,25425,Lucky Chicken Dishes Diner,Ghost Kitchen,West Auckland,1.04,32.36,1105,52,1682.72,632,263,158,20451.52,8510.68,5112.88,0.296541054,0.223851377,0.29,17,5.02,793.16,807.05,3877.76,1613.69,1659.02,0.05,0.6,0.25,0.15,35757.8,7957.52,0.22253941797314153,61.09706024174707,Medium
Chicken Dishes,26099,Classic Chicken Dishes Cafe,QSR,CBD,0.99,35.98,580,123,4425.54,274,114,69,9858.52,4101.72,2482.62,0.270001643,0.351826888,0.32,16,4.72,325.68,1673.61,573.48,238.6,613.18,0.27,0.6,0.25,0.15,20868.4,3098.87,0.14849581184949492,28.68606999032899,Low
Chicken Dishes,25128,Classic Chicken Dishes Cafe,QSR,North Shore,1.03,40.82,925,179,7306.78,448,186,112,18287.36,7592.52,4571.84,0.269563128,0.368867953,0.32,4,1.18,132.16,2641.9,760.19,315.61,1520.88,0.24,0.6,0.25,0.15,37758.5,5238.58,0.13873909186011096,55.83107754920127,Medium
Chicken Dishes,26088,Lucky Chicken Dishes Bistro,QSR,South Auckland,1.05,39.76,1254,258,10258.08,598,249,149,23776.48,9900.24,5924.24,0.278205859,0.37755539,0.3,16,4.72,703.28,3531.23,1051.84,437.97,1336.07,0.26,0.6,0.25,0.15,49859.03999999999,6357.11,0.12750165265917676,67.63304679675588,High
Chicken Dishes,25254,Urban Chicken Dishes Kitchen,QSR,North Shore,1.03,34.75,817,141,4899.75,406,169,101,14108.5,5872.75,3509.75,0.22061184,0.445624219,0.27,13,3.84,387.84,1635.36,899.61,374.47,783.59,0.21,0.6,0.25,0.15,28390.75,3693.0299999999997,0.1300786347666053,48.887832202312694,Medium
Chicken Dishes,26102,Lucky Chicken Dishes Corner,Full-service,South Auckland,1.05,36.99,982,270,9987.3,427,178,107,15794.73,6584.22,3957.93,0.382685287,0.470556372,0.29,7,2.07,221.49,1465.72,-2262.46,-943.13,359.37,0.38,0.6,0.25,0.15,36324.18,-1380.5,-0.03800498731148232,51.235168578591285,Medium
Chicken Dishes,26224,Top Chicken Dishes Corner,Ghost Kitchen,CBD,0.99,35.98,1538,126,4533.48,847,353,212,30475.06,12700.94,7627.76,0.2851546,0.312763985,0.3,11,3.25,689.0,1822.83,3110.94,1296.53,2377.98,0.09,0.6,0.25,0.15,55337.240000000005,8608.28,0.15556034236618957,39.26732376053486,Low
Chicken Dishes,25728,Top Chicken Dishes House,Full-service,South Auckland,1.05,45.72,1358,388,17739.36,582,242,146,26609.04,11064.24,6675.12,0.36910095,0.538826958,0.3,5,1.48,216.08,1633.3,-5532.76,-2300.56,398.51,0.4,0.6,0.25,0.15,62087.76,-5801.51,-0.09344047844534897,58.97665041005187,Medium
Chicken Dishes,26106,Lucky Chicken Dishes Corner,Cafe,North Shore,1.03,31.58,927,274,8652.92,392,163,98,12379.36,5147.54,3094.84,0.244575531,0.411475086,0.33,8,2.36,231.28,2976.17,172.68,71.81,833.19,0.42,0.6,0.25,0.15,29274.66,4053.85,0.13847641612233924,47.887236704194784,Medium
Chicken Dishes,25499,Lucky Chicken Dishes Cafe,Full-service,CBD,0.99,34.67,1345,417,14457.39,557,232,139,19311.19,8043.44,4819.13,0.392548738,0.529197091,0.33,6,1.77,246.03,1131.35,-4861.51,-2024.9,131.09,0.45,0.6,0.25,0.15,46631.15,-5623.97,-0.12060543220572514,17.50605231015684,Low
Chicken Dishes,26459,King Chicken Dishes Cafe,Full-service,South Auckland,1.05,41.58,1157,287,11933.46,522,218,130,21704.76,9064.44,5405.4,0.379103111,0.474927578,0.32,3,0.89,115.7,1741.92,-3777.29,-1577.49,673.32,0.33,0.6,0.25,0.15,48108.060000000005,-2939.5399999999995,-0.06110285885566783,55.47342980627913,Medium
Chicken Dishes,25124,Top Chicken Dishes Cafe,QSR,South Auckland,1.05,37.23,1946,401,14929.23,927,386,232,34512.21,14370.78,8637.36,0.200368718,0.363881418,0.29,18,5.31,1231.92,6505.41,5030.15,2094.54,2531.81,0.26,0.6,0.25,0.15,72449.58,16161.909999999998,0.22307803578709492,79.19328885368854,High
Chicken Dishes,25669,Classic Chicken Dishes Diner,Full-service,North Shore,1.03,38.18,1710,452,17257.36,755,314,189,28825.9,11988.52,7216.02,0.374131189,0.463714917,0.29,17,5.02,948.78,2798.35,-3685.28,-1532.69,221.33,0.36,0.6,0.25,0.15,65287.8,-2198.2900000000004,-0.033670762378269756,50.229895768350005,Medium
Chicken Dishes,25503,Lucky Chicken Dishes Corner,QSR,South Auckland,1.05,34.98,1278,271,9479.58,604,252,151,21127.92,8814.96,5281.98,0.232261857,0.388033886,0.28,7,2.07,312.57,3599.44,2106.54,878.89,1693.02,0.27,0.6,0.25,0.15,44704.44,8277.89,0.18516930309383137,67.65866384400947,High
Chicken Dishes,25747,Lucky Chicken Dishes Cafe,Full-service,North Shore,1.03,45.55,1170,340,15487.0,498,208,124,22683.9,9474.4,5648.2,0.358018622,0.47737462,0.29,10,2.95,365.8,2549.26,-2844.41,-1188.03,563.93,0.41,0.6,0.25,0.15,53293.5,-919.2499999999997,-0.017248820212596275,51.97852304865089,Medium
Chicken Dishes,25263,Lucky Chicken Dishes Kitchen,Full-service,West Auckland,1.04,32.66,1394,458,14958.28,562,234,140,18354.92,7642.44,4572.4,0.377910199,0.545449625,0.32,4,1.18,165.2,1146.41,-4466.85,-1859.86,185.23,0.49,0.6,0.25,0.15,45528.04,-4995.070000000001,-0.10971414539259763,42.02763117203759,Low
Chicken Dishes,26196,Classic Chicken Dishes Grill,QSR,CBD,0.99,44.09,1348,286,12609.74,637,266,159,28085.33,11727.94,7010.31,0.276163032,0.403236617,0.31,6,1.77,281.43,4042.69,297.71,124.32,1966.08,0.27,0.6,0.25,0.15,59433.32,6430.799999999999,0.10820193117261495,41.04904436331164,Low
Chicken Dishes,25266,Urban Chicken Dishes Kitchen,Cafe,West Auckland,1.04,39.33,1694,410,16125.3,770,321,193,30284.1,12624.93,7590.69,0.219555714,0.416442148,0.33,9,2.66,513.38,5869.64,1029.72,429.27,2249.65,0.32,0.6,0.25,0.15,66625.01999999999,9578.28,0.14376400937665762,67.99976376670477,High
Chicken Dishes,26560,Lucky Chicken Dishes Diner,Ghost Kitchen,South Auckland,1.05,36.31,847,24,871.44,494,206,123,17937.14,7479.86,4466.13,0.256718571,0.219190211,0.27,13,3.84,472.32,456.71,4557.67,1900.57,1868.34,0.03,0.6,0.25,0.15,30754.57,8783.289999999999,0.28559300292606915,71.01931631591832,High
Chicken Dishes,26601,Top Chicken Dishes Tavern,Full-service,South Auckland,1.05,36.06,1239,307,11070.42,559,233,140,20157.54,8401.98,5048.4,0.39147963,0.542518934,0.32,8,2.36,330.4,730.66,-5119.99,-2134.09,2.8,0.33,0.6,0.25,0.15,44678.340000000004,-6520.62,-0.14594588787318416,45.876855656995495,Medium
Chicken Dishes,26225,King Chicken Dishes Eatery,Ghost Kitchen,South Auckland,1.05,36.32,574,47,1707.04,316,132,79,11477.12,4794.24,2869.28,0.259631792,0.248714608,0.32,7,2.07,163.53,839.27,1970.09,822.95,1247.16,0.09,0.6,0.25,0.15,20847.68,4879.469999999999,0.23405338147937801,64.67717819340686,High
Chicken Dishes,26563,Top Chicken Dishes Diner,Full-service,CBD,0.99,34.46,776,188,6478.48,353,147,88,12164.38,5065.62,3032.48,0.39016705,0.484435609,0.32,9,2.66,234.08,812.38,-2367.22,-985.78,146.18,0.32,0.6,0.25,0.15,26740.96,-2394.44,-0.08954203588801599,13.415321756165389,Low
Chicken Dishes,25755,Classic Chicken Dishes Diner,Cafe,North Shore,1.03,38.31,1698,411,15745.41,772,322,193,29575.32,12335.82,7393.83,0.264337462,0.376248777,0.32,18,5.31,1024.83,5659.12,1165.67,486.2,1632.61,0.32,0.6,0.25,0.15,65050.38,8943.6,0.13748728293362777,61.74195127082168,Medium
Chicken Dishes,26605,Urban Chicken Dishes Grill,Full-service,North Shore,1.03,34.49,968,245,8450.05,434,181,108,14968.66,6242.69,3724.92,0.350764283,0.542664918,0.31,4,1.18,127.44,900.53,-3045.06,-1269.95,269.53,0.34,0.6,0.25,0.15,33386.32,-3144.95,-0.09419876164848356,35.152828672109294,Low
Chicken Dishes,25100,Urban Chicken Dishes Cafe,Cafe,CBD,0.99,39.0,1716,481,18759.0,741,309,185,28899.0,12051.0,7215.0,0.226575083,0.356397571,0.33,16,4.72,873.2,7823.02,2515.0,1048.77,2135.65,0.39,0.6,0.25,0.15,66924.0,13522.44,0.20205666128743052,46.87378343275398,Medium
Chicken Dishes,25988,Urban Chicken Dishes Grill,QSR,West Auckland,1.04,32.14,1986,434,13948.76,931,388,233,29922.34,12470.32,7488.62,0.274404365,0.424805827,0.31,12,3.54,824.82,4195.64,-275.59,-114.85,1427.68,0.28,0.6,0.25,0.15,63830.04,5232.88,0.08198146202007707,60.735059651638664,Medium
Chicken Dishes,25194,Top Chicken Dishes Grill,Full-service,CBD,0.99,42.13,906,219,9226.47,412,172,103,17357.56,7246.36,4339.39,0.380105295,0.477796748,0.32,17,5.02,517.06,1311.06,-3087.95,-1289.14,99.56,0.32,0.6,0.25,0.15,38169.78,-2966.47,-0.07771776520587753,22.179851890780583,Low
Chicken Dishes,26488,Urban Chicken Dishes Kitchen,Cafe,North Shore,1.03,40.1,1532,397,15919.7,681,284,170,27308.1,11388.4,6817.0,0.227174993,0.391697818,0.3,4,1.18,200.6,6067.43,2215.43,923.91,2397.54,0.35,0.6,0.25,0.15,61433.200000000004,11604.310000000001,0.18889313921462664,64.99244428172557,High
Chicken Dishes,26409,King Chicken Dishes Grill,QSR,CBD,0.99,35.86,699,157,5630.02,325,136,81,11654.5,4876.96,2904.66,0.212010085,0.381449992,0.3,15,4.43,358.83,2288.83,1241.67,519.59,822.03,0.29,0.6,0.25,0.15,25066.14,4872.12,0.19437057321151163,32.92761924597863,Low
Chicken Dishes,25278,King Chicken Dishes Bistro,Cafe,North Shore,1.03,35.66,975,283,10091.78,415,173,104,14798.9,6169.18,3708.64,0.243387985,0.425715676,0.31,17,5.02,522.08,3339.33,309.24,128.91,705.1,0.41,0.6,0.25,0.15,34768.5,4482.58,0.12892647079971814,51.25958861209141,Medium
Chicken Dishes,25035,King Chicken Dishes House,QSR,West Auckland,1.04,43.39,733,137,5944.43,358,149,89,15533.62,6465.11,3861.71,0.279572834,0.427455027,0.28,4,1.18,105.02,1741.55,201.5,83.87,1026.35,0.23,0.6,0.25,0.15,31804.870000000003,3053.27,0.09600007797547985,58.13789121531452,Medium
Chicken Dishes,26452,King Chicken Dishes Tavern,Full-service,South Auckland,1.05,46.38,1671,494,22911.72,706,294,177,32744.28,13635.72,8209.26,0.396182682,0.468002406,0.31,13,3.84,679.68,3111.75,-5703.57,-2375.14,435.26,0.42,0.6,0.25,0.15,77500.98,-4531.699999999999,-0.058472808988996,65.20093468777277,High
Chicken Dishes,25281,Top Chicken Dishes Tavern,Full-service,North Shore,1.03,45.08,1054,322,14515.76,439,183,110,19790.12,8249.64,4958.8,0.357244657,0.452993982,0.28,10,2.95,324.5,2754.53,-1785.83,-744.44,616.49,0.44,0.6,0.25,0.15,47514.32,840.7500000000002,0.017694665523993614,52.7039585218799,Medium
Chicken Dishes,25632,Classic Chicken Dishes House,Full-service,North Shore,1.03,40.05,1279,384,15379.2,537,224,134,21506.85,8971.2,5366.7,0.353959596,0.499846138,0.31,11,3.25,435.5,2248.35,-3522.95,-1469.53,349.08,0.43,0.6,0.25,0.15,51223.95,-2395.05,-0.04675644888767853,46.41058394864571,Medium
Chicken Dishes,26616,Classic Chicken Dishes Kitchen,Cafe,West Auckland,1.04,36.03,822,230,8286.9,355,148,89,12790.65,5332.44,3206.67,0.26196017,0.40420688,0.29,12,3.54,315.06,2766.44,560.65,233.74,755.43,0.39,0.6,0.25,0.15,29616.659999999996,4316.26,0.14573756797694273,56.09606024166302,Medium
Chicken Dishes,25485,Classic Chicken Dishes Diner,Ghost Kitchen,South Auckland,1.05,36.15,1549,101,3651.15,869,362,217,31414.35,13086.3,7844.55,0.298081422,0.201828701,0.33,16,4.72,1024.24,1825.9,5343.26,2225.85,2898.74,0.07,0.6,0.25,0.15,55996.350000000006,12293.75,0.2195455596659425,73.83872758818403,High
Chicken Dishes,25526,Lucky Chicken Dishes Grill,Full-service,North Shore,1.03,39.19,864,251,9836.69,368,153,92,14421.92,5996.07,3605.48,0.381625039,0.452628684,0.29,8,2.36,217.12,1630.39,-1791.98,-745.03,380.47,0.41,0.6,0.25,0.15,33860.16,-526.1499999999999,-0.015538910625348486,43.39564719339953,Low
Chicken Dishes,25690,Urban Chicken Dishes Eatery,QSR,West Auckland,1.04,34.72,1548,329,11422.88,731,305,183,25380.32,10589.6,6353.76,0.211169311,0.353692921,0.32,9,2.66,486.78,4970.53,2922.23,1219.26,2277.98,0.27,0.6,0.25,0.15,53746.56,11390.0,0.2119205396587242,67.08473255611327,High
Chicken Dishes,25164,King Chicken Dishes Eatery,Cafe,CBD,0.99,33.91,1708,404,13699.64,782,326,196,26517.62,11054.66,6646.36,0.27508448,0.434299942,0.31,13,3.84,752.64,3981.33,-514.03,-214.29,1178.9,0.31,0.6,0.25,0.15,57918.28,4431.91,0.07652005549888567,33.95712818706943,Low
Chicken Dishes,26581,Top Chicken Dishes Bistro,Full-service,South Auckland,1.05,35.77,708,175,6259.75,320,133,80,11446.4,4757.41,2861.6,0.359229356,0.543293463,0.3,13,3.84,307.2,610.18,-2318.16,-963.48,-28.26,0.33,0.6,0.25,0.15,25325.16,-2699.7200000000003,-0.10660228800133939,42.67580101452829,Low
Chicken Dishes,25410,Classic Chicken Dishes Tavern,Full-service,North Shore,1.03,38.6,1792,493,19029.8,779,325,195,30069.4,12545.0,7527.0,0.385923194,0.500383128,0.28,10,2.95,575.25,2163.57,-5000.73,-2086.31,280.52,0.38,0.6,0.25,0.15,69171.2,-4642.949999999999,-0.06712258859178385,49.20326336179273,Medium
Chicken Dishes,25370,Urban Chicken Dishes Tavern,Cafe,West Auckland,1.04,34.22,1902,503,17212.66,839,350,210,28710.58,11977.0,7186.2,0.200822498,0.443855505,0.28,13,3.84,806.4,6116.04,2162.54,902.13,1747.01,0.36,0.6,0.25,0.15,65086.44,10927.72,0.16789549405375373,67.42394902826648,High
Chicken Dishes,25532,Urban Chicken Dishes Diner,Full-service,CBD,0.99,32.81,1776,559,18340.79,730,304,183,23951.3,9974.24,6004.23,0.366434604,0.460967472,0.3,18,5.31,971.73,3165.58,-3051.45,-1270.74,64.59,0.46,0.6,0.25,0.15,58270.56,-1092.02,-0.018740509787446697,27.312899837875676,Low
Chicken Dishes,26464,Urban Chicken Dishes Grill,QSR,North Shore,1.03,35.82,917,200,7164.0,430,179,108,15402.6,6411.78,3868.56,0.254136428,0.361826371,0.28,12,3.54,382.32,2751.24,1602.44,667.06,1103.35,0.28,0.6,0.25,0.15,32846.939999999995,6124.09,0.18644324250599906,54.65891887433646,Medium
Chicken Dishes,25778,Lucky Chicken Dishes Grill,Cafe,South Auckland,1.05,43.68,1907,451,19699.68,874,364,218,38176.32,15899.52,9522.24,0.247065823,0.448757321,0.3,10,2.95,643.1,5992.19,159.46,66.41,2253.35,0.31,0.6,0.25,0.15,83297.76000000001,8471.41,0.10170033383850897,76.15517403424957,High
Chicken Dishes,25899,Lucky Chicken Dishes Kitchen,QSR,South Auckland,1.05,42.28,577,122,5158.16,273,114,68,11542.44,4819.92,2875.04,0.215359401,0.375734022,0.29,6,1.77,120.36,2109.21,1372.47,573.12,1055.26,0.27,0.6,0.25,0.15,24395.559999999998,5110.06,0.2094668046152661,68.1791606287935,High
Chicken Dishes,25051,Top Chicken Dishes Kitchen,QSR,South Auckland,1.05,36.53,1539,317,11580.01,733,306,183,26776.49,11178.18,6684.99,0.265349925,0.408302288,0.32,11,3.25,594.75,3779.11,169.97,70.96,1586.88,0.26,0.6,0.25,0.15,56219.67,5606.92,0.0997323534627649,65.99112573895947,High
Chicken Dishes,26508,Lucky Chicken Dishes Corner,Cafe,North Shore,1.03,31.08,1351,335,10411.8,610,254,152,18958.8,7894.32,4724.16,0.226666595,0.354756897,0.32,6,1.77,269.04,4358.13,1868.89,778.19,1708.38,0.33,0.6,0.25,0.15,41989.08,8713.59,0.2075203838712351,56.57960623296985,Medium
Chicken Dishes,26146,Lucky Chicken Dishes Grill,Cafe,West Auckland,1.04,32.19,1034,306,9850.14,437,182,109,14067.03,5858.58,3508.71,0.232472665,0.365741711,0.27,16,4.72,514.48,3957.64,1853.83,772.08,895.27,0.42,0.6,0.25,0.15,33284.46,7478.82,0.2246940464108476,60.34700530761631,Medium
Chicken Dishes,26267,Top Chicken Dishes Kitchen,Full-service,South Auckland,1.05,34.82,1242,361,12570.02,529,220,132,18419.78,7660.4,4596.24,0.387304793,0.520932094,0.31,12,3.54,467.28,1153.46,-4019.88,-1671.78,-45.51,0.41,0.6,0.25,0.15,43246.439999999995,-4583.71,-0.10599045840536239,47.532829584616834,Medium
Chicken Dishes,25176,King Chicken Dishes Corner,Full-service,North Shore,1.03,36.42,884,270,9833.4,368,154,92,13402.56,5608.68,3350.64,0.390852915,0.547322647,0.32,8,2.36,217.12,607.94,-3460.21,-1448.02,-9.97,0.44,0.6,0.25,0.15,32195.28,-4310.26,-0.13387863065641922,33.254445588201506,Low
Chicken Dishes,26512,Lucky Chicken Dishes Bistro,Ghost Kitchen,North Shore,1.03,31.45,528,20,629.0,305,127,76,9592.25,3994.15,2390.2,0.281304507,0.336554415,0.31,10,2.95,224.2,240.37,692.0,288.14,689.19,0.04,0.6,0.25,0.15,16605.6,1909.7,0.11500337235631354,41.985746199865716,Low
Chicken Dishes,26513,Lucky Chicken Dishes Bistro,Full-service,CBD,0.99,40.96,1045,324,13271.04,433,180,108,17735.68,7372.8,4423.68,0.352179892,0.497592389,0.32,6,1.77,191.16,1993.68,-3011.03,-1251.7,473.4,0.45,0.6,0.25,0.15,42803.200000000004,-1795.65,-0.04195130270633971,25.04852083220571,Low
Chicken Dishes,25543,Classic Chicken Dishes Eatery,Full-service,South Auckland,1.05,44.93,1141,314,14108.02,496,207,124,22285.28,9300.51,5571.32,0.351122853,0.460182573,0.33,5,1.48,183.52,2662.11,-3149.03,-1314.21,867.76,0.38,0.6,0.25,0.15,51265.130000000005,-933.3700000000001,-0.01820672258121651,61.07484801170423,Medium
Chicken Dishes,25545,Lucky Chicken Dishes Eatery,Full-service,West Auckland,1.04,42.07,851,211,8876.77,384,160,96,16154.88,6731.2,4038.72,0.363002443,0.47211474,0.3,17,5.02,481.92,1463.63,-2182.8,-909.5,184.0,0.33,0.6,0.25,0.15,35801.57,-1444.67,-0.04035214098152679,49.06450646122792,Medium
Chicken Dishes,25909,Top Chicken Dishes Tavern,Full-service,South Auckland,1.05,38.01,828,223,8476.23,363,151,91,13797.63,5739.51,3458.91,0.35627658,0.519073436,0.3,15,4.43,403.13,1056.56,-2419.41,-1006.42,28.02,0.37,0.6,0.25,0.15,31472.280000000002,-2341.25,-0.07439086078288576,48.037543117894934,Medium
Chicken Dishes,25992,Classic Chicken Dishes Corner,QSR,CBD,0.99,37.15,903,197,7318.55,424,176,106,15751.6,6538.4,3937.9,0.275219822,0.385960437,0.28,10,2.95,312.7,2479.67,926.51,384.59,1021.54,0.28,0.6,0.25,0.15,33546.450000000004,4812.31,0.14345213875089613,32.759878641602576,Low
Chicken Dishes,26397,Urban Chicken Dishes Diner,Full-service,South Auckland,1.05,44.41,1117,295,13100.95,493,206,123,21894.13,9148.46,5462.43,0.373765611,0.488650142,0.32,11,3.25,399.75,1802.48,-3993.83,-1668.82,351.79,0.36,0.6,0.25,0.15,49605.97,-3508.38,-0.07072495508101143,56.83753791158629,Medium
Chicken Dishes,25994,Classic Chicken Dishes House,Cafe,North Shore,1.03,38.81,1208,306,11875.86,541,226,135,20996.21,8771.06,5239.35,0.279093513,0.403864919,0.33,7,2.07,279.45,3765.14,-272.08,-113.66,1381.64,0.34,0.6,0.25,0.15,46882.479999999996,4761.04,0.10155264823874506,54.58316347541602,Medium
Chicken Dishes,26035,Top Chicken Dishes Corner,Full-service,West Auckland,1.04,46.7,1772,497,23209.9,765,319,191,35725.5,14897.3,8919.7,0.37160338,0.54636714,0.3,10,2.95,563.45,1903.9,-7787.11,-3247.17,168.23,0.39,0.6,0.25,0.15,82752.4,-8962.15,-0.10830078644244759,58.185845222675695,Medium
Chicken Dishes,26157,Lucky Chicken Dishes Cafe,QSR,West Auckland,1.04,40.3,1585,327,13178.1,755,314,189,30426.5,12654.2,7616.7,0.239872692,0.437369136,0.3,3,0.89,168.21,4253.34,692.45,287.99,2290.14,0.26,0.6,0.25,0.15,63875.5,7523.92,0.11779038911632786,65.93504184945428,High
Chicken Dishes,25511,Classic Chicken Dishes Cafe,Cafe,West Auckland,1.04,41.47,778,179,7423.13,359,150,90,14887.73,6220.5,3732.3,0.206451106,0.418182222,0.28,10,2.95,265.5,2786.4,1419.79,593.23,1135.48,0.3,0.6,0.25,0.15,32263.66,5934.9,0.1839499920343817,62.884281815926016,Medium
Chicken Dishes,25552,Classic Chicken Dishes Kitchen,QSR,West Auckland,1.04,37.01,858,160,5921.6,419,174,105,15507.19,6439.74,3886.05,0.262482558,0.391402517,0.32,11,3.25,341.25,2049.55,404.97,168.17,1003.77,0.23,0.6,0.25,0.15,31754.579999999998,3626.4600000000005,0.11420273862856951,55.19494939533372,Medium
Chicken Dishes,26403,Classic Chicken Dishes Eatery,QSR,South Auckland,1.05,39.74,1090,231,9179.94,515,215,129,20466.1,8544.1,5126.46,0.236420505,0.442328492,0.3,10,2.95,380.55,2949.06,434.93,181.57,1266.33,0.27,0.6,0.25,0.15,43316.6,4831.889999999999,0.11154822862366852,64.81148635698936,High
Chicken Dishes,25636,King Chicken Dishes Grill,QSR,South Auckland,1.05,41.3,860,193,7970.9,400,167,100,16520.0,6897.1,4130.0,0.216888165,0.41051693,0.3,7,2.07,207.0,2969.92,1199.27,500.69,1331.82,0.29,0.6,0.25,0.15,35518.0,6001.7,0.16897629371023143,67.59462502366645,High
Chicken Dishes,26526,King Chicken Dishes Eatery,QSR,South Auckland,1.05,47.14,1669,365,17206.1,782,326,196,36863.48,15367.64,9239.44,0.205915519,0.419074609,0.32,9,2.66,521.36,6452.46,2027.86,845.37,2943.52,0.28,0.6,0.25,0.15,78676.66,12269.210000000001,0.15594472363214198,80.27369073080204,High
Chicken Dishes,26002,Top Chicken Dishes Bistro,Cafe,North Shore,1.03,37.74,574,161,6076.14,248,103,62,9359.52,3887.22,2339.88,0.265319738,0.413660392,0.31,17,5.02,311.24,1950.56,103.14,42.84,439.91,0.39,0.6,0.25,0.15,21662.760000000002,2536.45,0.11708803495030179,48.021349215168705,Medium
Chicken Dishes,26407,Urban Chicken Dishes Eatery,Cafe,West Auckland,1.04,42.96,729,201,8634.96,317,132,79,13618.32,5670.72,3393.84,0.217929769,0.430856885,0.29,17,5.02,396.58,3032.71,833.62,347.12,795.38,0.38,0.6,0.25,0.15,31317.84,5008.83,0.15993535952671065,62.03164917136355,Medium
Chicken Dishes,26650,Urban Chicken Dishes Grill,QSR,CBD,0.99,44.38,972,200,8876.0,463,193,116,20547.94,8565.34,5148.08,0.261481612,0.361943576,0.3,6,1.77,205.32,3342.48,1573.45,655.89,1733.32,0.26,0.6,0.25,0.15,43137.36,7305.14,0.16934601468425514,41.45004145519947,Low
Chicken Dishes,25195,Classic Chicken Dishes Tavern,Ghost Kitchen,West Auckland,1.04,45.12,1002,38,1714.56,578,241,145,26079.36,10873.92,6542.4,0.277063584,0.222556893,0.31,15,4.43,642.35,857.93,4964.98,2070.17,2631.33,0.04,0.6,0.25,0.15,45210.240000000005,10524.41,0.23278819134780082,71.67554785147745,High
Chicken Dishes,25075,Lucky Chicken Dishes Corner,Cafe,West Auckland,1.04,43.83,1005,260,11395.8,447,186,112,19592.01,8152.38,4908.96,0.254103431,0.431581872,0.27,8,2.36,264.32,3581.87,868.21,361.27,1278.64,0.35,0.6,0.25,0.15,44049.149999999994,6089.990000000001,0.13825442715693723,64.23119527774193,High
Chicken Dishes,25197,Lucky Chicken Dishes Diner,Cafe,West Auckland,1.04,46.02,984,291,13391.82,416,173,104,19144.32,7961.46,4786.08,0.220303284,0.406533859,0.29,10,2.95,306.8,4997.33,1592.1,662.1,1479.19,0.42,0.6,0.25,0.15,45283.68,8730.720000000001,0.1928005851114574,69.56674790340819,High
Chicken Dishes,25158,Urban Chicken Dishes Diner,QSR,CBD,0.99,42.41,538,111,4707.51,256,107,64,10856.96,4537.87,2714.24,0.20570786,0.422846574,0.29,17,5.02,321.28,1748.58,884.25,369.59,686.91,0.26,0.6,0.25,0.15,22816.58,3689.33,0.16169513573024527,34.662344834252714,Low
Chicken Dishes,25607,Top Chicken Dishes Bistro,QSR,South Auckland,1.05,35.09,1951,390,13685.1,937,390,234,32879.33,13685.1,8211.06,0.213525549,0.382258387,0.31,9,2.66,622.44,5531.74,3097.76,1289.36,2696.6,0.25,0.6,0.25,0.15,68460.59,12615.460000000001,0.18427331695505403,74.79208888693088,High
Chicken Dishes,25928,Lucky Chicken Dishes Diner,Cafe,North Shore,1.03,32.62,1331,352,11482.24,587,245,147,19147.94,7991.9,4795.14,0.255863533,0.374861979,0.28,13,3.84,564.48,4240.1,1709.42,713.47,1206.24,0.36,0.6,0.25,0.15,43417.22,7869.2300000000005,0.1812467495615795,55.92375040025048,Medium
Chicken Dishes,25081,Lucky Chicken Dishes Bistro,QSR,South Auckland,1.05,44.48,1028,218,9696.64,486,202,122,21617.28,8984.96,5426.56,0.217780247,0.429491966,0.32,16,4.72,575.84,3420.27,707.49,294.06,1338.26,0.27,0.6,0.25,0.15,45725.439999999995,5760.080000000001,0.12597101307281028,69.2056309816789,High
Chicken Dishes,25445,Top Chicken Dishes Eatery,Full-service,North Shore,1.03,44.76,1663,403,18038.28,756,315,189,33838.56,14099.4,8459.64,0.385186138,0.481903146,0.33,16,4.72,892.08,2397.48,-6669.22,-2778.84,232.3,0.32,0.6,0.25,0.15,74435.87999999999,-6818.28,-0.09159937385035283,51.492253118328826,Medium
Chicken Dishes,25367,Urban Chicken Dishes Tavern,QSR,West Auckland,1.04,35.22,1993,448,15778.56,927,386,232,32648.94,13594.92,8171.04,0.249436928,0.424369999,0.32,11,3.25,754.0,5146.86,202.2,84.19,1911.34,0.29,0.6,0.25,0.15,70193.45999999999,7344.589999999999,0.10463353708450901,64.98351066555433,High
Chicken Dishes,26539,Urban Chicken Dishes Diner,Ghost Kitchen,North Shore,1.03,34.09,700,20,681.8,408,170,102,13908.72,5795.3,3477.18,0.290788419,0.280518083,0.32,15,4.43,451.86,292.28,1511.79,629.91,1038.78,0.03,0.6,0.25,0.15,23863.0,3472.76,0.14552906172736035,48.12652034724808,Medium
Chicken Dishes,25165,King Chicken Dishes Bistro,Cafe,West Auckland,1.04,35.01,1272,315,11028.15,574,239,144,20095.74,8367.39,5041.44,0.245988547,0.399287383,0.32,13,3.84,552.96,3911.95,697.81,290.55,1235.36,0.33,0.6,0.25,0.15,44532.72,6135.67,0.13777891851205137,59.429618149608686,Medium
Chicken Dishes,25085,Urban Chicken Dishes Bistro,QSR,West Auckland,1.04,42.01,1073,186,7813.86,532,222,133,22349.32,9326.22,5587.33,0.212877043,0.391266911,0.29,18,5.31,706.23,3093.16,2365.81,987.24,1505.55,0.21,0.6,0.25,0.15,45076.73,7951.759999999999,0.1764049876732407,65.9524191282421,High
Chicken Dishes,25167,Classic Chicken Dishes Kitchen,Full-service,North Shore,1.03,43.09,759,184,7928.56,345,144,86,14866.05,6204.96,3705.74,0.354487929,0.494046526,0.32,12,3.54,304.44,1200.9,-2505.44,-1045.75,256.85,0.32,0.6,0.25,0.15,32705.309999999998,-2093.44,-0.06400917771456685,42.37812687825729,Low
Chicken Dishes,26179,King Chicken Dishes Bistro,QSR,CBD,0.99,31.41,795,183,5748.03,367,153,92,11527.47,4805.73,2889.72,0.259624825,0.393279615,0.32,7,2.07,190.44,1995.12,312.34,130.21,812.57,0.3,0.6,0.25,0.15,24970.95,3250.2400000000002,0.13016084690410257,25.788594936107685,Low
Chicken Dishes,25776,King Chicken Dishes Eatery,QSR,North Shore,1.03,37.2,1258,226,8407.2,619,258,155,23026.8,9597.6,5766.0,0.213880964,0.395282944,0.27,11,3.25,503.75,3285.84,2782.47,1159.74,1749.81,0.22,0.6,0.25,0.15,46797.6,8977.859999999999,0.19184445356172108,59.806642362264604,Medium
Chicken Dishes,25171,King Chicken Dishes House,Full-service,CBD,0.99,33.41,1672,469,15669.29,722,301,180,24122.02,10056.41,6013.8,0.370620962,0.480717744,0.32,13,3.84,691.2,2329.42,-4133.04,-1723.05,202.82,0.39,0.6,0.25,0.15,55861.520000000004,-3323.85,-0.0595016032503233,23.98680802741664,Low
Chicken Dishes,25333,Urban Chicken Dishes Kitchen,Full-service,South Auckland,1.05,44.8,858,236,10572.8,373,156,93,16710.4,6988.8,4166.4,0.370817365,0.458023537,0.32,18,5.31,493.83,1809.63,-2487.19,-1040.22,219.29,0.38,0.6,0.25,0.15,38438.4,-1498.49,-0.03898419289044289,56.57852254348692,Medium
Chicken Dishes,25212,King Chicken Dishes Bistro,QSR,North Shore,1.03,42.99,1568,293,12596.07,765,319,191,32887.35,13713.81,8211.09,0.258225029,0.397926656,0.31,9,2.66,508.06,4331.14,1113.18,464.19,2315.31,0.23,0.6,0.25,0.15,67408.31999999999,8223.82,0.12200007358142141,63.352869550756154,Medium
Chicken Dishes,25456,Lucky Chicken Dishes Diner,Ghost Kitchen,CBD,0.99,39.07,731,66,2578.62,399,166,100,15588.93,6485.62,3907.0,0.298259166,0.260742056,0.31,13,3.84,384.0,1137.17,2042.13,849.61,1338.98,0.1,0.6,0.25,0.15,28560.17,5367.89,0.1879502117809523,35.59368021786873,Low
Chicken Dishes,25256,Top Chicken Dishes House,Full-service,West Auckland,1.04,35.63,1171,334,11900.42,502,209,126,17886.26,7446.67,4489.38,0.388174421,0.472374645,0.3,10,2.95,371.7,1659.52,-2871.62,-1195.56,254.35,0.4,0.6,0.25,0.15,41722.729999999996,-2153.31,-0.051609997715873344,46.142870380810244,Medium
Chicken Dishes,25215,Top Chicken Dishes Eatery,QSR,West Auckland,1.04,46.68,1998,461,21519.48,922,384,231,43038.96,17925.12,10783.08,0.204193348,0.439557751,0.3,8,2.36,545.16,7666.29,2420.89,1008.27,3296.3,0.3,0.6,0.25,0.15,93266.64,14391.75,0.15430758522018162,78.23825778616627,High
Chicken Dishes,26066,Classic Chicken Dishes Cafe,Full-service,North Shore,1.03,36.88,2016,488,17997.44,917,382,229,33818.96,14088.16,8445.52,0.364424721,0.490821451,0.32,6,1.77,405.33,2605.2,-5926.64,-2468.9,817.19,0.32,0.6,0.25,0.15,74350.08,-4973.15,-0.0668882938659918,50.102553596629576,Medium
Chicken Dishes,25340,Lucky Chicken Dishes Eatery,Ghost Kitchen,North Shore,1.03,37.17,1603,90,3345.3,908,378,227,33750.36,14050.26,8437.59,0.286825301,0.303219976,0.28,12,3.54,803.58,1371.42,4386.02,1825.9,2655.45,0.06,0.6,0.25,0.15,59583.51000000001,10238.79,0.1718393226582321,62.07281268462478,Medium
Chicken Dishes,26068,Classic Chicken Dishes Diner,QSR,South Auckland,1.05,34.06,680,113,3848.78,340,142,85,11580.4,4836.52,2895.1,0.230005491,0.352446302,0.33,14,4.13,351.05,1607.05,1013.84,423.43,857.79,0.2,0.6,0.25,0.15,23160.8,3902.1099999999997,0.16847906808054988,59.43534042213865,Medium
Chicken Dishes,25828,Top Chicken Dishes House,QSR,West Auckland,1.04,39.41,1595,308,12138.28,772,322,193,30424.52,12690.02,7606.13,0.214307933,0.385674492,0.27,17,5.02,968.86,4855.53,3955.72,1649.93,2073.73,0.24,0.6,0.25,0.15,62858.950000000004,12534.91,0.19941328959519686,70.77202898024485,High
Chicken Dishes,26192,King Chicken Dishes Kitchen,Cafe,South Auckland,1.05,41.18,607,150,6177.0,274,114,69,11283.32,4694.52,2841.42,0.203506288,0.445038419,0.31,4,1.18,81.42,2170.94,467.75,194.61,917.21,0.33,0.6,0.25,0.15,24996.260000000002,3750.51,0.1500428464098229,63.547543916467575,High
Chicken Dishes,26556,Lucky Chicken Dishes Bistro,QSR,North Shore,1.03,42.62,947,201,8566.62,448,186,112,19093.76,7927.32,4773.44,0.200384866,0.403270493,0.32,9,2.66,297.92,3395.33,1457.71,605.21,1594.01,0.27,0.6,0.25,0.15,40361.14,7052.26,0.17472895958835652,60.03508722209331,Medium
Chicken Dishes,25546,Top Chicken Dishes Bistro,Ghost Kitchen,CBD,0.99,39.82,1553,101,4021.82,871,363,218,34683.22,14454.66,8680.76,0.282705361,0.204562456,0.31,16,4.72,1028.96,2062.12,7031.4,2930.42,3421.95,0.07,0.6,0.25,0.15,61840.46,15445.89,0.24976997260369665,49.07295454116773,Medium
Chicken Dishes,25102,Lucky Chicken Dishes House,Cafe,West Auckland,1.04,46.17,988,301,13897.17,412,172,103,19022.04,7941.24,4755.51,0.276689211,0.434818432,0.28,4,1.18,121.54,4009.23,161.54,67.44,1250.39,0.44,0.6,0.25,0.15,45615.96,5488.6,0.1203219224148741,64.85680090730115,High
Chicken Dishes,25831,Classic Chicken Dishes Cafe,QSR,West Auckland,1.04,33.86,1119,216,7313.76,542,226,135,18352.12,7652.36,4571.1,0.23018509,0.372177442,0.33,9,2.66,359.1,2908.23,1241.29,517.59,1458.54,0.24,0.6,0.25,0.15,37889.34,6125.650000000001,0.16167212202693426,58.43570253067277,Medium
Chicken Dishes,26317,King Chicken Dishes Bistro,Full-service,North Shore,1.03,42.14,1368,376,15844.64,595,248,149,25073.3,10450.72,6278.86,0.382143007,0.537774475,0.31,7,2.07,308.43,1268.88,-5764.79,-2402.8,194.4,0.38,0.6,0.25,0.15,57647.520000000004,-6704.31,-0.11629832471544309,44.46362053207715,Low
Chicken Dishes,26561,Urban Chicken Dishes Cafe,Full-service,North Shore,1.03,37.96,2020,556,21105.76,878,366,220,33328.88,13893.36,8351.2,0.368885997,0.511095897,0.27,11,3.25,715.0,2533.07,-4998.73,-2083.75,287.3,0.38,0.6,0.25,0.15,76679.2,-4262.11,-0.055583652411605754,51.83497022108142,Medium
Chicken Dishes,25227,Top Chicken Dishes House,Cafe,West Auckland,1.04,43.03,1650,409,17599.27,745,310,186,32057.35,13339.3,8003.58,0.279141208,0.358007818,0.29,11,3.25,604.5,6385.91,2335.41,971.78,2299.61,0.33,0.6,0.25,0.15,70999.5,11992.710000000001,0.1689125979760421,72.411627413677,High
Chicken Dishes,26684,Urban Chicken Dishes Cafe,Cafe,West Auckland,1.04,38.07,1869,453,17245.71,850,354,212,32359.5,13476.78,8070.84,0.248273354,0.353594812,0.28,18,5.31,1125.72,6866.07,3822.69,1592.04,2087.54,0.32,0.6,0.25,0.15,71152.83,14368.34,0.20193631089585615,72.67971703346987,High
Chicken Dishes,25229,Urban Chicken Dishes Bistro,Full-service,South Auckland,1.05,35.28,1240,321,11324.88,551,230,138,19439.28,8114.4,4868.64,0.378113027,0.511406653,0.28,18,5.31,732.78,1251.18,-3295.34,-1375.55,-194.89,0.35,0.6,0.25,0.15,43747.2,-3614.6,-0.08262471655328799,49.48096619345597,Medium
Chicken Dishes,26282,Lucky Chicken Dishes Eatery,Full-service,North Shore,1.03,43.95,595,160,7032.0,261,109,65,11470.95,4790.55,2856.75,0.357106717,0.460605022,0.3,9,2.66,172.9,1281.85,-1350.27,-563.9,347.85,0.37,0.6,0.25,0.15,26150.25,-284.47,-0.010878289882505904,44.96600575192733,Low
Chicken Dishes,26687,Classic Chicken Dishes Grill,Cafe,CBD,0.99,42.69,857,249,10629.81,365,152,91,15581.85,6488.88,3884.79,0.203195756,0.435937949,0.27,14,4.13,375.83,3835.94,1415.86,589.62,1026.06,0.41,0.6,0.25,0.15,36585.33,6867.48,0.18771130395707786,40.02023674318303,Low
Chicken Dishes,26163,Urban Chicken Dishes Eatery,Cafe,South Auckland,1.05,32.18,1634,458,14738.44,706,294,176,22719.08,9460.92,5663.68,0.231190458,0.391849461,0.29,9,2.66,468.16,5555.8,1975.65,822.72,1666.82,0.39,0.6,0.25,0.15,52582.12,10020.99,0.19057789986406024,69.36992909282577,High
Chicken Dishes,25233,Top Chicken Dishes Eatery,Cafe,South Auckland,1.05,32.49,1018,285,9259.65,440,183,110,14295.6,5945.67,3573.9,0.243077788,0.413106629,0.27,11,3.25,357.5,3183.61,1055.24,438.88,871.26,0.39,0.6,0.25,0.15,33074.82,5548.990000000001,0.1677708298941612,61.60270015365834,Medium
Chicken Dishes,25599,King Chicken Dishes Kitchen,Ghost Kitchen,South Auckland,1.05,42.03,768,36,1513.08,439,183,110,18451.17,7691.49,4623.3,0.294218093,0.279581974,0.32,15,4.43,487.3,644.87,1959.51,816.84,1483.15,0.05,0.6,0.25,0.15,32279.039999999997,4904.370000000001,0.1519366746966453,66.10447607273812,High
Chicken Dishes,25963,Urban Chicken Dishes Cafe,Full-service,South Auckland,1.05,40.27,1319,327,13168.29,595,248,149,23960.65,9986.96,6000.23,0.352103648,0.511164162,0.3,16,4.72,703.28,1800.53,-3912.0,-1630.55,117.14,0.33,0.6,0.25,0.15,53116.130000000005,-3624.8800000000006,-0.06824442970525149,55.57461347862701,Medium
Chicken Dishes,26571,Lucky Chicken Dishes Eatery,QSR,CBD,0.99,31.03,1240,223,6919.69,610,254,153,18928.3,7881.62,4747.59,0.269377893,0.382408825,0.32,17,5.02,768.06,2409.53,534.03,222.37,885.11,0.22,0.6,0.25,0.15,38477.2,4051.0400000000004,0.10528416828667368,28.48050575747586,Low
Chicken Dishes,25481,Top Chicken Dishes Cafe,QSR,North Shore,1.03,33.85,711,137,4637.45,344,144,86,11644.4,4874.4,2911.1,0.226030572,0.377481629,0.3,8,2.36,202.96,1838.69,1123.54,470.32,951.26,0.24,0.6,0.25,0.15,24067.35,4383.81,0.1821475983022643,50.50224750031313,Medium
Chicken Dishes,26209,King Chicken Dishes Kitchen,Full-service,CBD,0.99,39.44,883,282,11122.08,361,150,90,14237.84,5916.0,3549.6,0.390112645,0.508231322,0.29,13,3.84,345.6,1130.63,-2681.61,-1114.24,15.24,0.47,0.6,0.25,0.15,34825.52,-2649.9800000000005,-0.076093049005442,19.73300735842819,Low
Chicken Dishes,26130,Top Chicken Dishes Bistro,Cafe,South Auckland,1.05,37.21,1126,349,12986.29,466,194,117,17339.86,7218.74,4353.57,0.229364179,0.437281639,0.31,17,5.02,587.34,4329.03,404.96,168.59,863.94,0.45,0.6,0.25,0.15,41898.46,5766.52,0.1376308341643106,64.77176269384273,High
Chicken Dishes,25726,Lucky Chicken Dishes Cafe,Full-service,North Shore,1.03,36.99,1237,320,11836.8,550,229,138,20344.5,8470.71,5104.62,0.39148374,0.501660359,0.31,6,1.77,244.26,1264.83,-4132.87,-1720.77,301.2,0.35,0.6,0.25,0.15,45756.63,-4287.61,-0.09370467186940996,40.17388578936197,Low
Chinese,25891,Lotus Cafe,Cafe,West Auckland,1.04,36.32,1084,141,5121.12,471,236,236,17106.72,8571.52,8571.52,0.274584447,0.354812014,0.27,8,2.36,556.96,1897.91,1721.0,862.33,2619.68,0.15,0.5,0.25,0.25,39370.880000000005,7100.92,0.18035969731944013,61.440865113804286,Medium
Chinese,25301,Red Cafe,Full-service,North Shore,1.03,34.49,1068,240,8277.6,414,207,207,14278.86,7139.43,7139.43,0.365031025,0.484951269,0.28,9,2.66,550.62,1241.79,-1856.0,-928.0,520.42,0.29,0.5,0.25,0.25,36835.32,-1021.7900000000001,-0.02773940880654763,40.68345883428536,Low
Chinese,26352,Golden Tavern,QSR,West Auckland,1.04,31.28,1474,214,6693.92,630,315,315,19706.4,9853.2,9853.2,0.250756796,0.419234267,0.28,8,2.36,743.4,2209.05,985.5,492.75,2508.24,0.17,0.5,0.25,0.25,46106.72,6195.54,0.1343739047149743,58.12296325537483,Medium
Chinese,26528,Red House,Cafe,West Auckland,1.04,41.4,1455,211,8735.4,622,311,311,25750.8,12875.4,12875.4,0.246883443,0.396020105,0.32,11,3.25,1010.75,3119.38,955.26,477.63,3587.01,0.17,0.5,0.25,0.25,60237.0,8139.280000000001,0.13512093895778343,66.67697959335138,High
Chinese,26348,Golden Corner,Full-service,CBD,0.99,31.1,936,257,7992.7,339,170,170,10542.9,5287.0,5287.0,0.355669762,0.52343761,0.32,6,1.77,300.9,966.26,-2099.17,-1052.68,338.26,0.38,0.5,0.25,0.25,29109.6,-1847.3300000000002,-0.06346119493225603,13.96961998596708,Low
Chinese,25417,Sakura Diner,Ghost Kitchen,South Auckland,1.05,36.67,850,62,2273.54,394,197,197,14447.98,7223.99,7223.99,0.260499545,0.255659298,0.31,10,2.95,581.15,1100.03,2511.65,1255.83,2914.11,0.08,0.5,0.25,0.25,31169.5,7781.620000000001,0.2496549511541732,68.94030749061358,High
Chinese,25149,Dragon Bistro,QSR,North Shore,1.03,44.95,1199,183,8225.85,508,254,254,22834.6,11417.3,11417.3,0.23883416,0.372866331,0.31,16,4.72,1198.88,3194.09,1787.94,893.97,3234.45,0.18,0.5,0.25,0.25,53895.05,9110.45,0.16904057051621624,64.31423804497554,High
Chinese,25770,Red Cafe,Full-service,West Auckland,1.04,34.29,1784,500,17145.0,642,321,321,22014.18,11007.09,11007.09,0.366976937,0.461949087,0.29,13,3.84,1232.64,2933.06,-2618.06,-1309.03,650.39,0.39,0.5,0.25,0.25,61173.36,-343.64,-0.005617477934839609,54.5540087435774,Medium
Chinese,25488,Dragon House,Full-service,CBD,0.99,38.44,586,158,6073.52,214,107,107,8226.16,4113.08,4113.08,0.373289461,0.532252552,0.31,3,0.89,95.23,573.69,-1773.08,-886.54,293.28,0.37,0.5,0.25,0.25,22525.840000000004,-1792.6499999999999,-0.07958193789887523,15.505041182595198,Low
Chinese,25907,Lotus Eatery,Full-service,North Shore,1.03,45.17,1209,369,16667.73,420,210,210,18971.4,9485.7,9485.7,0.368693779,0.496579301,0.31,16,4.72,991.2,2245.59,-3325.18,-1662.59,286.78,0.44,0.5,0.25,0.25,54610.53,-2455.3999999999996,-0.0449620247230708,50.19670450789071,Medium
Chinese,26150,Red Cafe,QSR,South Auckland,1.05,45.05,1474,214,9640.7,630,315,315,28381.5,14190.75,14190.75,0.256000085,0.385093396,0.31,7,2.07,652.05,3460.11,1388.04,694.02,4441.1,0.17,0.5,0.25,0.25,66403.7,9983.27,0.15034207431212418,76.04182041310837,High
Chinese,25097,Sakura Corner,Full-service,South Auckland,1.05,33.03,1807,543,17935.29,632,316,316,20874.96,10437.48,10437.48,0.379762012,0.530885064,0.3,4,1.18,372.88,1602.57,-4397.25,-2198.62,559.74,0.43,0.5,0.25,0.25,59685.20999999999,-4433.56,-0.07428238922171843,54.08859559255408,Medium
Chinese,25637,Sakura Kitchen,Ghost Kitchen,South Auckland,1.05,38.02,1259,71,2699.42,594,297,297,22583.88,11291.94,11291.94,0.28181967,0.258577362,0.28,12,3.54,1051.38,1240.66,4056.13,2028.07,4138.43,0.06,0.5,0.25,0.25,47867.18000000001,11463.29,0.23948120612077,73.73061534330489,High
Chinese,25662,Golden Corner,Full-service,South Auckland,1.05,41.59,1675,396,16469.64,639,320,320,26576.01,13308.8,13308.8,0.361879254,0.480557128,0.31,11,3.25,1040.0,2595.02,-4051.15,-2028.75,1056.98,0.31,0.5,0.25,0.25,69663.25,-2427.9,-0.034851948480726924,62.714062029545936,Medium
Chinese,25010,Lotus Bistro,Cafe,CBD,0.99,30.23,1591,307,9280.61,642,321,321,19407.66,9703.83,9703.83,0.257294937,0.37175347,0.31,17,5.02,1611.42,3442.66,1182.93,591.46,1988.23,0.24,0.5,0.25,0.25,48095.93,7205.280000000001,0.14981059727922924,34.493645092911954,Low
Chinese,25698,Golden Corner,QSR,West Auckland,1.04,43.01,1251,199,8558.99,526,263,263,22623.26,11311.63,11311.63,0.237678519,0.418252495,0.31,12,3.54,931.02,2944.88,770.75,385.38,2960.96,0.19,0.5,0.25,0.25,53805.509999999995,7061.97,0.13124994075885538,65.64913195597889,High
Chinese,25496,Dragon Cafe,Ghost Kitchen,South Auckland,1.05,40.74,1493,57,2322.18,718,359,359,29251.32,14625.66,14625.66,0.258602637,0.259722996,0.28,7,2.07,743.13,1118.53,5899.24,2949.62,6301.68,0.04,0.5,0.25,0.25,60824.82000000001,16269.07,0.26747419885500684,80.42363804249985,High
Chinese,26547,Sakura Kitchen,QSR,South Auckland,1.05,32.83,588,93,3053.19,247,124,124,8109.01,4070.92,4070.92,0.279959999,0.387278386,0.3,4,1.18,146.32,1015.98,265.66,133.37,1208.33,0.19,0.5,0.25,0.25,19304.04,2623.34,0.13589590572750573,55.21261471969452,Medium
Chinese,25741,Golden Kitchen,Ghost Kitchen,West Auckland,1.04,39.1,1263,71,2776.1,596,298,298,23303.6,11651.8,11651.8,0.256131521,0.265237063,0.27,13,3.84,1144.32,1328.73,4861.86,2430.93,4432.6,0.06,0.5,0.25,0.25,49383.3,13054.12,0.264342804146341,71.37604004299062,High
Chinese,25284,Lotus Corner,QSR,South Auckland,1.05,44.83,1205,157,7038.31,524,262,262,23490.92,11745.46,11745.46,0.215055879,0.411211355,0.3,15,4.43,1160.66,2630.45,1732.05,866.03,3229.0,0.15,0.5,0.25,0.25,54020.15,8457.529999999999,0.15656250491714663,73.43396919292114,High
Chinese,26589,Lotus Cafe,Cafe,West Auckland,1.04,45.91,1730,238,10926.58,746,373,373,34248.86,17124.43,17124.43,0.275761221,0.448325053,0.33,10,2.95,1100.35,3014.79,-1852.39,-926.2,3624.52,0.16,0.5,0.25,0.25,79424.3,3860.72,0.04860880108480654,67.6305826441331,High
Chinese,26590,Golden House,Cafe,North Shore,1.03,46.24,594,82,3791.68,256,128,128,11837.44,5918.72,5918.72,0.233806894,0.354515471,0.28,16,4.72,604.16,1560.95,1558.73,779.36,1832.44,0.16,0.5,0.25,0.25,27466.56,5731.4800000000005,0.20867119872310186,61.71086787664651,Medium
Chinese,25971,Sakura Corner,Full-service,North Shore,1.03,42.46,1573,449,19064.54,562,281,281,23862.52,11931.26,11931.26,0.370759552,0.479933632,0.31,18,5.31,1492.11,2846.47,-3834.54,-1917.27,289.31,0.4,0.5,0.25,0.25,66789.58,-2616.03,-0.039168235524164104,52.09570740485492,Medium
Chinese,26688,Dragon Diner,Cafe,South Auckland,1.05,31.55,1315,295,9307.25,510,255,255,16090.5,8045.25,8045.25,0.211062989,0.356571936,0.31,5,1.48,377.4,4024.13,1968.92,984.46,3101.09,0.29,0.5,0.25,0.25,41488.25,10078.6,0.24292661175152003,68.9885736773022,High
Chinese,26256,Lotus Eatery,Full-service,South Auckland,1.05,32.39,1989,422,13668.58,783,392,392,25361.37,12696.88,12696.88,0.381001685,0.52907992,0.33,13,3.84,1505.28,1229.06,-6088.8,-3048.29,-363.6,0.27,0.5,0.25,0.25,64423.70999999999,-8271.63,-0.12839418903382,51.813749729415115,Medium
Chinese,25623,Red Diner,Full-service,South Auckland,1.05,33.61,2022,546,18351.06,738,369,369,24804.18,12402.09,12402.09,0.360080363,0.475989112,0.28,3,0.89,328.41,3008.3,-2879.01,-1439.5,1704.67,0.37,0.5,0.25,0.25,67959.42,394.46000000000004,0.005804346181883248,62.248910125143354,Medium
Chinese,25869,Red Corner,Cafe,CBD,0.99,40.52,629,100,4052.0,265,132,132,10737.8,5348.64,5348.64,0.237807046,0.386706904,0.29,6,1.77,233.64,1521.47,917.93,457.23,1774.7,0.19,0.5,0.25,0.25,25487.079999999998,4671.33,0.18328227478392975,35.45049655326324,Low
Chinese,25290,Dragon House,Full-service,North Shore,1.03,32.16,1806,458,14729.28,674,337,337,21675.84,10837.92,10837.92,0.356901511,0.542302482,0.31,10,2.95,994.15,1484.65,-4534.67,-2267.34,98.27,0.34,0.5,0.25,0.25,58080.96,-5219.09,-0.08985887974303455,42.28075145381629,Low
Chinese,25050,Golden Kitchen,Full-service,South Auckland,1.05,39.81,1551,358,14251.98,597,298,298,23766.57,11863.38,11863.38,0.350292355,0.522167932,0.27,9,2.66,792.68,1817.69,-3385.79,-1690.06,720.37,0.3,0.5,0.25,0.25,61745.31,-2537.79,-0.04110093543946901,59.45423698435191,Medium
Chinese,25859,Red Grill,QSR,South Auckland,1.05,33.58,556,72,2417.76,242,121,121,8126.36,4063.18,4063.18,0.266177356,0.439760042,0.29,14,4.13,499.73,710.97,33.01,16.51,695.1,0.15,0.5,0.25,0.25,18670.48,1455.5900000000001,0.0779621091691269,51.61851586007883,Medium
Chinese,26506,Lotus House,Cafe,CBD,0.99,34.0,474,65,2210.0,205,102,102,6970.0,3468.0,3468.0,0.243390622,0.360807615,0.31,17,5.02,512.04,874.72,598.04,297.56,860.6,0.16,0.5,0.25,0.25,16116.0,2630.92,0.16324894514767932,26.858510784889056,Low
Chinese,25898,Sakura Cafe,Cafe,CBD,0.99,32.68,1701,340,11111.2,681,340,340,22255.08,11111.2,11111.2,0.20831656,0.400746957,0.29,6,1.77,601.8,4343.77,2246.35,1121.53,3741.97,0.25,0.5,0.25,0.25,55588.67999999999,11453.62,0.20604230933348305,41.548193597168535,Low
Chinese,26226,Lotus Tavern,QSR,South Auckland,1.05,35.12,840,128,4495.36,356,178,178,12502.72,6251.36,6251.36,0.247846257,0.387540715,0.29,16,4.72,840.16,1639.07,932.87,466.43,1439.17,0.18,0.5,0.25,0.25,29500.8,4477.54,0.15177690096539756,60.90997566190385,Medium
Chinese,25875,Golden Bistro,Full-service,South Auckland,1.05,44.3,1265,341,15106.3,462,231,231,20466.6,10233.3,10233.3,0.373555361,0.543085671,0.29,7,2.07,478.17,1259.25,-4229.24,-2114.62,374.87,0.37,0.5,0.25,0.25,56039.5,-4709.74,-0.08404321951480652,57.40717616239428,Medium
Chinese,25997,Red Kitchen,Full-service,North Shore,1.03,43.91,1864,396,17388.36,734,367,367,32229.94,16114.97,16114.97,0.356088494,0.50830018,0.27,17,5.02,1842.34,2358.06,-4331.34,-2165.67,343.03,0.27,0.5,0.25,0.25,81848.24,-3795.920000000001,-0.04637753970030389,55.92694220688749,Medium
Chinese,25055,Golden Diner,Cafe,North Shore,1.03,44.9,934,162,7273.8,386,193,193,17331.4,8665.7,8665.7,0.27795639,0.362839282,0.31,6,1.77,341.61,2612.78,852.78,426.39,2771.15,0.21,0.5,0.25,0.25,41936.600000000006,6663.1,0.15888507890482298,60.79194211262906,Medium
Chinese,26511,Dragon Cafe,Cafe,CBD,0.99,40.22,803,175,7038.5,314,157,157,12629.08,6314.54,6314.54,0.222104108,0.445675386,0.3,15,4.43,695.51,2338.33,406.92,203.46,1402.31,0.28,0.5,0.25,0.25,32296.660000000003,4351.02,0.13472043239146092,33.757461652698275,Low
Chinese,26594,Golden House,Cafe,North Shore,1.03,44.33,1329,257,11392.81,536,268,268,23760.88,11880.44,11880.44,0.220839058,0.399295595,0.28,17,5.02,1345.36,4327.73,2372.89,1186.44,3167.61,0.24,0.5,0.25,0.25,58914.57000000001,11054.67,0.1876389830223661,66.40481962299847,High
Chinese,25920,Lotus Bistro,QSR,South Auckland,1.05,37.12,1014,162,6013.44,426,213,213,15813.12,7906.56,7906.56,0.259220903,0.425805063,0.3,10,2.95,628.35,1894.08,236.79,118.39,1862.01,0.19,0.5,0.25,0.25,37639.68,4111.2699999999995,0.10922701787050261,61.60003374810458,Medium
Chinese,26405,Lotus Tavern,QSR,West Auckland,1.04,37.35,1649,149,5565.15,750,375,375,28012.5,14006.25,14006.25,0.239304474,0.441628632,0.3,17,5.02,1882.5,1775.66,534.11,267.06,2586.43,0.1,0.5,0.25,0.25,61590.15,5163.26,0.08383256088838881,61.785949591500156,Medium
Chinese,25625,Dragon Eatery,QSR,West Auckland,1.04,32.95,1208,184,6062.8,512,256,256,16870.4,8435.2,8435.2,0.255605598,0.447962274,0.3,13,3.84,983.04,1797.21,-60.19,-30.1,1517.42,0.18,0.5,0.25,0.25,39803.600000000006,3224.34,0.08100624064155,53.15930555782226,Medium
Chinese,25372,Red Cafe,Cafe,North Shore,1.03,32.17,849,129,4149.93,360,180,180,11581.2,5790.6,5790.6,0.221574618,0.44536409,0.32,10,2.95,531.0,1382.18,151.27,75.63,1397.62,0.18,0.5,0.25,0.25,27312.33,3006.7,0.11008581106042581,45.65990965767584,Low
Chinese,26221,Sakura Tavern,Cafe,South Auckland,1.05,42.24,534,110,4646.4,212,106,106,8954.88,4477.44,4477.44,0.262173141,0.44861235,0.3,11,3.25,344.5,1343.81,-96.58,-48.29,950.44,0.26,0.5,0.25,0.25,22556.159999999996,2149.38,0.09529015577119512,60.00181910489094,Medium
Chinese,25277,Dragon House,Ghost Kitchen,North Shore,1.03,37.34,1239,59,2203.06,590,295,295,22030.6,11015.3,11015.3,0.27336444,0.272526845,0.29,4,1.18,348.1,1000.43,3615.41,1807.71,4654.04,0.05,0.5,0.25,0.25,46264.259999999995,11077.59,0.2394416337795093,62.932117451223846,Medium
Chinese,26237,Red Tavern,QSR,CBD,0.99,43.44,1068,155,6733.2,457,228,228,19852.08,9904.32,9904.32,0.237549209,0.363282233,0.27,4,1.18,269.04,2687.68,2564.26,1279.33,3684.45,0.17,0.5,0.25,0.25,46393.920000000006,10215.720000000001,0.2201952324787386,45.07870965957032,Low
Chinese,25391,Lotus Kitchen,Ghost Kitchen,South Auckland,1.05,36.38,1190,77,2801.26,557,278,278,20263.66,10113.64,10113.64,0.269855547,0.335844627,0.27,3,0.89,247.42,1104.54,2518.77,1257.12,3740.39,0.07,0.5,0.25,0.25,43292.2,8620.82,0.19913102129251922,68.87478943213816,High
Chinese,25645,Dragon Tavern,QSR,South Auckland,1.05,44.24,1546,246,10883.04,650,325,325,28756.0,14378.0,14378.0,0.251995092,0.374067269,0.33,10,2.95,958.75,4069.58,1263.47,631.74,4417.73,0.19,0.5,0.25,0.25,68395.04000000001,10382.52,0.15180223595161285,76.20297595548774,High
Chinese,25162,Red Diner,Cafe,CBD,0.99,43.3,705,112,4849.6,297,148,148,12860.1,6408.4,6408.4,0.226821953,0.431672479,0.28,8,2.36,349.28,1656.17,790.97,394.15,1839.22,0.19,0.5,0.25,0.25,30526.5,4680.51,0.15332612648027125,36.62580977527555,Low
Chinese,25890,Sakura Cafe,QSR,North Shore,1.03,34.06,754,98,3337.88,328,164,164,11171.68,5585.84,5585.84,0.245192879,0.423429431,0.3,13,3.84,629.76,1106.1,350.54,175.27,1221.26,0.15,0.5,0.25,0.25,25681.24,2853.17,0.11109938616671157,46.3516336721858,Medium
Chinese,26011,Lotus Grill,Cafe,CBD,0.99,41.83,1605,310,12967.3,647,324,324,27064.01,13552.92,13552.92,0.26495616,0.382143744,0.32,17,5.02,1626.48,4576.16,890.41,445.89,3156.35,0.24,0.5,0.25,0.25,67137.15,9068.81,0.13507886468222138,43.62626398577698,Low
Chinese,26364,Red Bistro,Cafe,South Auckland,1.05,34.81,1022,223,7762.63,399,200,200,13889.19,6962.0,6962.0,0.278997644,0.404858949,0.27,13,3.84,768.0,2454.1,640.89,321.25,1432.99,0.28,0.5,0.25,0.25,35575.82,4849.23,0.13630690733200246,61.52133479560147,Medium
Chinese,26580,Dragon Grill,Cafe,North Shore,1.03,46.09,849,141,6498.69,354,177,177,16315.86,8157.93,8157.93,0.265335304,0.384225417,0.28,17,5.02,888.54,2277.4,1149.28,574.64,1970.32,0.2,0.5,0.25,0.25,39130.41,5971.64,0.15260867442993825,60.4961354869358,Medium
Chinese,26541,Sakura House,QSR,North Shore,1.03,37.75,1018,162,6115.5,428,214,214,16157.0,8078.5,8078.5,0.267915664,0.425599699,0.33,12,3.54,757.56,1874.31,-379.94,-189.97,1718.38,0.19,0.5,0.25,0.25,38429.5,3022.7799999999997,0.07865780194902353,50.12536834194186,Medium
Chinese,25034,Golden Bistro,Full-service,West Auckland,1.04,37.94,2048,625,23712.5,711,356,356,26975.34,13506.64,13506.64,0.359857416,0.467711941,0.32,14,4.13,1470.28,4088.76,-3980.73,-1993.17,858.68,0.44,0.5,0.25,0.25,77701.12,-1026.46,-0.013210362990906697,59.966802579791,Medium
Chinese,26461,Lotus Bistro,Ghost Kitchen,CBD,0.99,34.34,1024,48,1648.32,488,244,244,16757.92,8378.96,8378.96,0.274135616,0.279559344,0.3,9,2.66,649.04,735.65,2451.77,1225.88,3090.53,0.05,0.5,0.25,0.25,35164.159999999996,7503.83,0.2133942627948457,36.32972103064088,Low
Chinese,25126,Lotus Diner,Ghost Kitchen,South Auckland,1.05,32.55,994,65,2115.75,465,232,232,15135.75,7551.6,7551.6,0.270323122,0.246959133,0.31,17,5.02,1164.64,1021.31,2614.21,1304.3,2480.65,0.07,0.5,0.25,0.25,32354.699999999997,7420.469999999999,0.22934751365334866,65.54809025045691,High
Chinese,25815,Dragon Eatery,Full-service,North Shore,1.03,40.57,825,185,7505.45,320,160,160,12982.4,6491.2,6491.2,0.357905452,0.494412696,0.3,4,1.18,188.8,1108.42,-1977.46,-988.73,769.83,0.29,0.5,0.25,0.25,33470.25,-1087.94,-0.03250468699815508,43.028602618903484,Low
Chinese,25130,Dragon Eatery,Full-service,CBD,0.99,43.74,1154,318,13909.32,418,209,209,18283.32,9141.66,9141.66,0.394079883,0.507411162,0.3,6,1.77,369.93,1370.19,-3683.93,-1841.96,530.61,0.38,0.5,0.25,0.25,50475.96000000001,-3625.0899999999997,-0.07181814867909396,26.577949483236246,Low
Chinese,25736,Golden Bistro,QSR,CBD,0.99,37.48,1541,201,7533.48,670,335,335,25111.6,12555.8,12555.8,0.231255909,0.429290984,0.33,6,1.77,592.95,2557.26,237.38,118.69,3669.16,0.15,0.5,0.25,0.25,57756.67999999999,6582.49,0.11396932787687936,37.78811456232412,Low
Chinese,25253,Lotus House,Cafe,South Auckland,1.05,38.21,570,110,4203.1,230,115,115,8788.3,4394.15,4394.15,0.267035818,0.406331149,0.29,7,2.07,238.05,1372.87,321.94,160.97,1197.22,0.24,0.5,0.25,0.25,21779.699999999997,3053.0,0.14017640279710006,59.9383096391186,Medium
Chinese,26062,Lotus Corner,QSR,North Shore,1.03,39.35,892,136,5351.6,378,189,189,14874.3,7437.15,7437.15,0.273729489,0.420402243,0.3,5,1.48,279.72,1636.88,87.29,43.64,1995.07,0.18,0.5,0.25,0.25,35100.200000000004,3762.88,0.10720394755585437,52.09487261991532,Medium
Chinese,25902,Dragon Corner,Cafe,West Auckland,1.04,41.6,1401,233,9692.8,584,292,292,24294.4,12147.2,12147.2,0.262180847,0.36900129,0.31,10,2.95,861.4,3574.88,1428.94,714.47,3618.7,0.2,0.5,0.25,0.25,58281.59999999999,9336.99,0.16020476445396148,67.96867536528501,High
Chinese,25579,Red Bistro,Cafe,West Auckland,1.04,41.65,1774,295,12286.75,739,370,370,30779.35,15410.5,15410.5,0.272242929,0.377138764,0.33,4,1.18,436.6,4307.96,634.62,317.74,4966.6,0.2,0.5,0.25,0.25,73887.1,10226.92,0.13841279465563,70.47867505622948,High
Chinese,25405,Sakura Eatery,Cafe,CBD,0.99,32.65,685,89,2905.85,298,149,149,9729.7,4864.85,4864.85,0.250387344,0.388945489,0.33,3,0.89,132.61,1048.04,298.38,149.19,1621.98,0.15,0.5,0.25,0.25,22365.25,3117.59,0.1393943729669912,26.31661306149274,Low
Chinese,25014,Dragon Bistro,Cafe,North Shore,1.03,45.49,1805,325,14784.25,740,370,370,33662.6,16831.3,16831.3,0.249232679,0.372381716,0.33,6,1.77,654.9,5594.15,1628.79,814.39,5713.82,0.22,0.5,0.25,0.25,82109.45,13751.15,0.16747341505758473,71.06555085030104,High
Chinese,25663,Golden Diner,QSR,North Shore,1.03,42.8,1416,128,5478.4,644,322,322,27563.2,13781.6,13781.6,0.217471689,0.397225529,0.29,10,2.95,949.9,2110.84,2626.85,1313.42,4360.19,0.1,0.5,0.25,0.25,60604.799999999996,10411.3,0.17179002323248324,64.93923523494993,High
Chinese,25460,Dragon House,QSR,South Auckland,1.05,40.17,1702,154,6186.18,774,387,387,31091.58,15545.79,15545.79,0.224177421,0.371806528,0.31,4,1.18,456.66,2499.32,2923.11,1461.55,5824.09,0.1,0.5,0.25,0.25,68369.34,12708.07,0.1858738141980016,76.64255990169539,High
Chinese,25220,Sakura Cafe,Ghost Kitchen,South Auckland,1.05,46.48,684,56,2602.88,314,157,157,14594.72,7297.36,7297.36,0.254113502,0.29302758,0.33,10,2.95,463.15,1178.74,1793.09,896.55,2841.52,0.09,0.5,0.25,0.25,31792.32,6709.9,0.21105411621423034,73.02713716959374,High
Chinese,26433,Dragon Corner,Full-service,North Shore,1.03,32.61,2080,604,19696.44,738,369,369,24066.18,12033.09,12033.09,0.365013455,0.501099392,0.3,15,4.43,1634.67,2637.1,-3997.7,-1998.85,-23.59,0.41,0.5,0.25,0.25,67828.79999999999,-3383.04,-0.04987615879980186,48.250768190614465,Medium
Chinese,25061,Dragon Eatery,Full-service,CBD,0.99,35.28,690,182,6420.96,254,127,127,8961.12,4480.56,4480.56,0.39468478,0.457801266,0.31,17,5.02,637.54,947.18,-1456.06,-728.03,23.41,0.36,0.5,0.25,0.25,24343.200000000004,-1213.4999999999998,-0.04984965000492949,15.886551151157327,Low
Chinese,25666,Lotus Eatery,QSR,South Auckland,1.05,31.59,1136,148,4675.32,494,247,247,15605.46,7802.73,7802.73,0.257099008,0.365626385,0.32,5,1.48,365.56,1763.88,893.8,446.9,2578.21,0.15,0.5,0.25,0.25,35886.24,5682.790000000001,0.15835568173205108,61.43926986757246,Medium
Chinese,25346,Dragon Corner,Cafe,South Auckland,1.05,41.51,864,112,4649.12,376,188,188,15607.76,7803.88,7803.88,0.213982011,0.368292851,0.29,3,0.89,167.32,1942.05,1993.5,996.75,3092.56,0.15,0.5,0.25,0.25,35864.64,8024.860000000001,0.2237540931680898,71.5065092286456,High
Chinese,26115,Red Kitchen,QSR,West Auckland,1.04,43.52,942,143,6223.36,399,200,200,17364.48,8704.0,8704.0,0.272186443,0.352368629,0.3,5,1.48,296.0,2336.53,1310.06,656.67,2971.87,0.18,0.5,0.25,0.25,40995.84,7275.13,0.17746020083989011,65.9403656056621,High
Chinese,25953,Red Tavern,Ghost Kitchen,South Auckland,1.05,36.36,727,27,981.72,350,175,175,12726.0,6363.0,6363.0,0.279109133,0.237539153,0.28,16,4.72,826.0,474.52,2587.85,1293.93,2249.57,0.04,0.5,0.25,0.25,26433.72,6605.870000000001,0.2499031540017826,67.39292618818897,High
Chinese,25790,Lotus Corner,Ghost Kitchen,West Auckland,1.04,31.36,1240,112,3512.32,564,282,282,17687.04,8843.52,8843.52,0.257417675,0.31100234,0.29,11,3.25,916.5,1515.85,2504.13,1252.07,2900.19,0.1,0.5,0.25,0.25,38886.4,8172.24,0.21015676431863067,60.82709577123122,Medium
Chinese,26482,Lotus Corner,QSR,South Auckland,1.05,43.28,1090,142,6145.76,474,237,237,20514.72,10257.36,10257.36,0.207019735,0.351363194,0.28,10,2.95,699.15,2714.07,3315.53,1657.76,3830.68,0.15,0.5,0.25,0.25,47175.200000000004,11518.04,0.24415455578354728,76.78672933710928,High
Chinese,26430,Lotus Cafe,Cafe,North Shore,1.03,41.86,934,198,8288.28,368,184,184,15404.48,7702.24,7702.24,0.271048976,0.39323108,0.31,14,4.13,759.92,2782.54,396.2,198.1,1825.88,0.27,0.5,0.25,0.25,39097.24,5202.719999999999,0.13307128585035669,56.4388050730789,Medium
Chinese,25674,Sakura Corner,QSR,South Auckland,1.05,38.35,816,136,5215.6,340,170,170,13039.0,6519.5,6519.5,0.245714876,0.419549148,0.33,8,2.36,401.2,1745.85,61.75,30.88,1781.11,0.2,0.5,0.25,0.25,31293.6,3619.59,0.11566550348953142,61.00294585664856,Medium
Chinese,25474,Sakura Bistro,Full-service,North Shore,1.03,33.71,2012,476,16045.96,768,384,384,25889.28,12944.64,12944.64,0.37183748,0.510073895,0.3,17,5.02,1927.68,1894.85,-4709.55,-2354.78,-399.07,0.31,0.5,0.25,0.25,67824.51999999999,-5568.55,-0.08210231344062591,46.30926388164194,Medium
Chinese,26322,Dragon Eatery,Cafe,South Auckland,1.05,46.69,512,88,4108.72,212,106,106,9898.28,4949.14,4949.14,0.23395658,0.384420124,0.28,12,3.54,375.24,1567.98,1005.9,502.95,1513.47,0.21,0.5,0.25,0.25,23905.28,4590.3,0.19202034027629045,70.11155997549004,High
Chinese,25193,Lotus Corner,Ghost Kitchen,West Auckland,1.04,44.51,552,40,1780.4,256,128,128,11394.56,5697.28,5697.28,0.266178112,0.341195594,0.32,15,4.43,567.04,699.03,827.54,413.77,1669.86,0.08,0.5,0.25,0.25,24569.519999999997,3610.2,0.14693815752200287,60.62239197417072,Medium
Chinese,26247,Dragon Bistro,Cafe,North Shore,1.03,42.82,1517,197,8435.54,660,330,330,28261.2,14130.6,14130.6,0.207485084,0.36665283,0.29,13,3.84,1267.2,3592.38,3839.63,1919.81,4750.49,0.15,0.5,0.25,0.25,64957.94,14102.31,0.2170990951991396,69.07322694556827,High
Chinese,25439,Sakura Grill,QSR,South Auckland,1.05,42.65,1361,145,6184.25,608,304,304,25931.2,12965.6,12965.6,0.25411578,0.438919094,0.3,10,2.95,896.8,1898.35,180.61,90.31,3083.19,0.12,0.5,0.25,0.25,58046.65,5252.46,0.0904868756422636,68.75460325519305,High
Chinese,25316,Red Eatery,Full-service,South Auckland,1.05,44.39,852,256,11363.84,298,149,149,13228.22,6614.11,6614.11,0.36336731,0.482808523,0.32,13,3.84,572.16,1748.03,-2198.21,-1099.11,445.25,0.43,0.5,0.25,0.25,37820.28,-1104.04,-0.029191745804102984,56.822076854161175,Medium
Chinese,25804,Golden Tavern,QSR,West Auckland,1.04,45.53,709,70,3187.1,319,160,160,14524.07,7284.8,7284.8,0.211341295,0.356037025,0.28,12,3.54,566.4,1378.81,2216.69,1111.82,2585.16,0.11,0.5,0.25,0.25,32280.769999999997,7292.48,0.22590787022738307,68.47410541180669,High
Chinese,25402,Dragon Tavern,QSR,North Shore,1.03,42.47,1837,293,12443.71,772,386,386,32786.84,16393.42,16393.42,0.233264213,0.440884645,0.28,6,1.77,683.22,4054.8,1503.31,751.66,4658.59,0.19,0.5,0.25,0.25,78017.38999999998,10968.36,0.1405886559394002,66.99504300674403,High
Chinese,26089,Sakura Bistro,Full-service,North Shore,1.03,36.23,1352,320,11593.6,516,258,258,18694.68,9347.34,9347.34,0.392739951,0.470296924,0.31,18,5.31,1369.98,1587.9,-3234.87,-1617.43,-89.74,0.31,0.5,0.25,0.25,48982.95999999999,-3354.1399999999994,-0.06847564949117,42.43237235274883,Low
Chinese,25322,Dragon Tavern,QSR,South Auckland,1.05,41.05,488,56,2298.8,216,108,108,8866.8,4433.4,4433.4,0.219390987,0.417754578,0.28,12,3.54,382.32,834.13,734.65,367.33,1226.36,0.13,0.5,0.25,0.25,20032.399999999998,3162.47,0.15786775423813423,62.70743470850463,Medium
Chinese,26416,Sakura House,Full-service,North Shore,1.03,40.76,914,246,10026.96,334,167,167,13613.84,6806.92,6806.92,0.358185073,0.451834093,0.3,6,1.77,295.59,1904.93,-1497.78,-748.89,997.59,0.37,0.5,0.25,0.25,37254.64,655.8500000000001,0.017604518524403943,47.505497894327156,Medium
Chinese,25444,Lotus Bistro,QSR,West Auckland,1.04,32.99,813,129,4255.71,342,171,171,11282.58,5641.29,5641.29,0.241232791,0.447842447,0.3,17,5.02,858.42,1323.21,123.26,61.63,895.6,0.19,0.5,0.25,0.25,26820.870000000003,2403.7000000000003,0.08962050820871956,49.60717983651102,Medium
Chinese,26456,Dragon Kitchen,Full-service,West Auckland,1.04,33.23,1590,454,15086.42,568,284,284,18874.64,9437.32,9437.32,0.391896367,0.513608842,0.3,16,4.72,1340.48,1425.59,-3878.84,-1939.42,-448.7,0.4,0.5,0.25,0.25,52835.7,-4841.37,-0.09163065881591424,45.803246205831016,Low
Chinese,26375,Sakura House,Full-service,West Auckland,1.04,44.45,1204,368,16357.6,418,209,209,18580.1,9290.05,9290.05,0.39193413,0.540160201,0.3,6,1.77,369.93,1110.77,-4312.34,-2156.17,260.92,0.44,0.5,0.25,0.25,53517.8,-5096.82,-0.09523597756260532,51.13894146964147,Medium
Chinese,25286,Sakura Kitchen,Cafe,West Auckland,1.04,33.47,1076,148,4953.56,464,232,232,15530.08,7765.04,7765.04,0.236732678,0.412625902,0.31,7,2.07,480.24,1736.92,631.16,315.58,2242.5,0.16,0.5,0.25,0.25,36013.72,4926.16,0.13678564724777112,55.97067337648364,Medium
Chinese,26055,Golden Bistro,Cafe,West Auckland,1.04,44.28,665,149,6597.72,258,129,129,11424.24,5712.12,5712.12,0.258825121,0.351078014,0.28,9,2.66,343.14,2573.75,1257.77,628.89,1885.14,0.29,0.5,0.25,0.25,29446.199999999997,6345.55,0.2154963968186048,66.23368364215145,High
Chinese,25408,Dragon Bistro,QSR,South Auckland,1.05,43.67,929,106,4629.02,411,206,206,17948.37,8996.02,8996.02,0.277101503,0.384090729,0.31,15,4.43,912.58,1568.35,517.05,259.16,2135.34,0.13,0.5,0.25,0.25,40569.43,4479.9,0.11042551004537159,66.41772395995045,High
Chinese,25409,Red Cafe,Cafe,West Auckland,1.04,37.34,1251,258,9633.72,497,248,248,18557.98,9260.32,9260.32,0.254479879,0.443789344,0.29,5,1.48,367.04,2906.79,217.7,108.63,2427.08,0.26,0.5,0.25,0.25,46712.34,5660.2,0.12117140781215414,60.093661942578294,Medium
Chinese,25166,Sakura Grill,Cafe,West Auckland,1.04,38.08,953,145,5521.6,404,202,202,15384.32,7692.16,7692.16,0.255336913,0.351766922,0.33,6,1.77,357.54,2169.42,967.61,483.81,2664.68,0.18,0.5,0.25,0.25,36290.24,6285.52,0.17320138968494012,61.09068598085554,Medium
Chinese,25534,Sakura Cafe,Full-service,North Shore,1.03,33.33,1416,292,9732.36,562,281,281,18731.46,9365.73,9365.73,0.359218016,0.499981936,0.31,10,2.95,828.95,1370.32,-3169.36,-1584.68,489.75,0.26,0.5,0.25,0.25,47195.28,-2893.9700000000003,-0.06131905563437701,41.095180427454295,Low
Chinese,26303,Golden Cafe,Cafe,North Shore,1.03,31.21,1288,273,8520.33,507,254,254,15823.47,7927.34,7927.34,0.234816675,0.390215469,0.32,5,1.48,375.92,3194.85,869.78,435.75,2596.58,0.27,0.5,0.25,0.25,40198.479999999996,7096.96,0.1765479689779315,53.940990024429766,Medium
Chinese,26182,Red Cafe,QSR,CBD,0.99,38.49,588,53,2039.97,267,134,134,10276.83,5157.66,5157.66,0.221333561,0.377704364,0.32,11,3.25,435.5,817.95,832.03,417.57,1632.53,0.1,0.5,0.25,0.25,22632.12,3700.08,0.16348799847296674,31.938953664844128,Low
Chinese,25616,Dragon Kitchen,Full-service,CBD,0.99,42.74,721,178,7607.72,271,136,136,11582.54,5812.64,5812.64,0.350249559,0.4508285,0.3,10,2.95,401.2,1513.34,-1170.74,-587.53,755.06,0.33,0.5,0.25,0.25,30815.54,510.1299999999999,0.016554309935831072,27.10188712019294,Low
Chinese,26667,Lotus Bistro,Ghost Kitchen,South Auckland,1.05,43.75,569,21,918.75,274,137,137,11987.5,5993.75,5993.75,0.289830508,0.227591273,0.3,6,1.77,242.49,443.37,2188.66,1094.33,2649.96,0.04,0.5,0.25,0.25,24893.75,6376.32,0.25614140095405474,72.50245907049013,High
Chinese,25983,Golden Kitchen,Ghost Kitchen,North Shore,1.03,44.94,1154,75,3370.5,539,270,270,24222.66,12133.8,12133.8,0.266524447,0.326476223,0.31,15,4.43,1196.1,1371.79,2349.58,1176.97,3742.35,0.07,0.5,0.25,0.25,51860.759999999995,8640.69,0.1666132544143202,63.667483324223376,High
Chinese,26509,Sakura Kitchen,Cafe,CBD,0.99,36.12,519,71,2564.52,224,112,112,8090.88,4045.44,4045.44,0.225993219,0.415776332,0.33,7,2.07,231.84,918.69,228.41,114.2,1217.36,0.16,0.5,0.25,0.25,18746.28,2478.66,0.1322214327322541,27.067007048566676,Low
Chinese,25661,Red Bistro,Full-service,West Auckland,1.04,44.57,1513,330,14708.1,591,296,296,26340.87,13192.72,13192.72,0.351882392,0.48962622,0.29,6,1.77,523.92,2331.11,-3464.05,-1734.96,1567.01,0.28,0.5,0.25,0.25,67434.41,-1300.89,-0.019291189764987934,59.61623098790365,Medium
Chinese,25259,Sakura Eatery,Cafe,CBD,0.99,32.43,710,118,3826.74,296,148,148,9599.28,4799.64,4799.64,0.242546496,0.430796837,0.3,11,3.25,481.0,1250.03,255.88,127.94,1086.83,0.2,0.5,0.25,0.25,23025.3,2720.68,0.11816045827850234,24.961084737879993,Low
Chinese,26472,Lotus House,QSR,South Auckland,1.05,35.67,487,59,2104.53,214,107,107,7633.38,3816.69,3816.69,0.240888774,0.351945477,0.3,14,4.13,441.91,856.89,818.04,409.02,1112.12,0.14,0.5,0.25,0.25,17371.29,3196.0699999999997,0.18398576041272696,59.8285383132495,Medium
Chinese,25945,Golden Grill,QSR,West Auckland,1.04,43.46,1303,179,7779.34,562,281,281,24424.52,12212.26,12212.26,0.222378516,0.414592626,0.31,9,2.66,747.46,2824.12,1295.2,647.6,3685.94,0.16,0.5,0.25,0.25,56628.380000000005,8452.86,0.14926897078814544,67.7982077421089,High
Chinese,25640,Lotus Diner,Cafe,CBD,0.99,31.66,1281,264,8358.24,509,254,254,16114.94,8041.64,8041.64,0.205856685,0.393640287,0.32,10,2.95,749.3,3347.5,1297.3,647.38,2471.4,0.26,0.5,0.25,0.25,40556.46,7763.58,0.1914264706535038,35.25620062279979,Low
Chinese,25467,Dragon Eatery,QSR,West Auckland,1.04,41.53,747,91,3779.23,328,164,164,13621.84,6810.92,6810.92,0.250423206,0.37041144,0.28,4,1.18,193.52,1432.95,1350.81,675.41,2388.94,0.14,0.5,0.25,0.25,31022.909999999996,5848.110000000001,0.18850939515345277,62.91594109336786,Medium
Chinese,25180,Lotus House,Cafe,CBD,0.99,38.27,865,173,6620.71,346,173,173,13241.42,6620.71,6620.71,0.274860554,0.41474861,0.33,12,3.54,612.42,2055.01,-259.65,-129.83,1442.59,0.25,0.5,0.25,0.25,33103.55,3108.12,0.09389083648128371,29.98457737733228,Low
Chinese,25023,Red Grill,Full-service,West Auckland,1.04,36.25,931,215,7793.75,358,179,179,12977.5,6488.75,6488.75,0.397388583,0.541547694,0.29,12,3.54,633.66,475.92,-2971.02,-1485.51,-237.43,0.3,0.5,0.25,0.25,33748.75,-4218.04,-0.12498359198488833,39.203056695481365,Low
Chinese,25872,Lotus Cafe,QSR,North Shore,1.03,41.75,1579,143,5970.25,718,359,359,29976.5,14988.25,14988.25,0.224730358,0.419808679,0.27,14,4.13,1482.67,2122.19,2561.82,1280.91,3845.07,0.1,0.5,0.25,0.25,65923.25,9809.99,0.1488092592522365,64.20788349000468,High
Chinese,26234,Sakura Tavern,Cafe,CBD,0.99,40.7,1869,397,16157.9,736,368,368,29955.2,14977.6,14977.6,0.253393246,0.403203879,0.28,4,1.18,434.24,5548.67,1899.25,949.62,4709.11,0.27,0.5,0.25,0.25,76068.3,13106.650000000001,0.17230107679545884,47.94594104848597,Medium
Chinese,26210,Golden Bistro,Cafe,North Shore,1.03,35.46,1501,337,11950.02,582,291,291,20637.72,10318.86,10318.86,0.250337549,0.439704436,0.3,5,1.48,430.68,3704.0,205.51,102.76,2767.73,0.29,0.5,0.25,0.25,53225.46000000001,6780.0,0.12738264732704985,56.53212298909474,Medium
Chinese,26076,Sakura House,Full-service,CBD,0.99,39.98,1441,297,11874.06,572,286,286,22868.56,11434.28,11434.28,0.368134736,0.510967076,0.33,5,1.48,423.28,1435.55,-4781.86,-2390.93,959.1,0.26,0.5,0.25,0.25,57611.18,-4778.139999999999,-0.082937721463091,25.622570892511447,Low
Chinese,26198,Golden Corner,QSR,CBD,0.99,31.54,973,126,3974.04,423,212,212,13341.42,6686.48,6686.48,0.213647999,0.435719695,0.3,7,2.07,438.84,1393.43,675.51,338.55,1905.66,0.15,0.5,0.25,0.25,30688.42,4313.150000000001,0.14054649929843246,28.477477118700854,Low
Chinese,25596,Dragon Eatery,Ghost Kitchen,West Auckland,1.04,35.34,489,40,1413.6,225,112,112,7951.5,3958.08,3958.08,0.295075433,0.262605558,0.33,10,2.95,330.4,625.26,893.1,444.57,1420.33,0.09,0.5,0.25,0.25,17281.260000000002,3383.26,0.19577623390887006,55.359847423972475,Medium
Chinese,26242,Sakura Cafe,Cafe,South Auckland,1.05,43.4,808,105,4557.0,351,176,176,15233.4,7638.4,7638.4,0.230641705,0.388845658,0.28,10,2.95,519.2,1734.0,1531.15,767.76,2387.31,0.15,0.5,0.25,0.25,35067.200000000004,6420.219999999999,0.18308333713555683,69.80234875383434,High
Chinese,25999,Red Tavern,Full-service,CBD,0.99,32.39,2079,635,20567.65,722,361,361,23385.58,11692.79,11692.79,0.382917171,0.539152335,0.27,15,4.43,1599.23,1602.85,-4491.66,-2245.83,-688.01,0.44,0.5,0.25,0.25,67338.81,-5822.65,-0.08646796698664559,25.586684120323966,Low
Chinese,25030,Golden House,QSR,South Auckland,1.05,34.48,1242,198,6827.04,522,261,261,17998.56,8999.28,8999.28,0.262395003,0.407956758,0.28,15,4.43,1156.23,2250.52,893.6,446.8,1810.37,0.19,0.5,0.25,0.25,42824.16,5401.29,0.12612716746808342,62.872613905355436,Medium
Chinese,25812,Golden Bistro,Full-service,CBD,0.99,38.38,1900,552,21185.76,674,337,337,25868.12,12934.06,12934.06,0.38928876,0.50018976,0.31,5,1.48,498.76,2341.48,-5160.13,-2580.07,930.73,0.41,0.5,0.25,0.25,72922.0,-4467.99,-0.06127080990647541,30.547378123613374,Low
Chinese,26004,Sakura Cafe,Full-service,North Shore,1.03,43.09,828,205,8833.45,311,156,156,13400.99,6722.04,6722.04,0.399280355,0.458031658,0.3,13,3.84,599.04,1260.43,-2108.14,-1057.46,360.11,0.33,0.5,0.25,0.25,35678.520000000004,-1545.06,-0.043305047406674936,44.50031729098086,Low
Chinese,25478,Dragon Corner,QSR,West Auckland,1.04,42.19,720,71,2995.49,325,162,162,13711.75,6834.78,6834.78,0.234123887,0.438297565,0.31,14,4.13,669.06,981.26,241.03,120.15,1569.87,0.11,0.5,0.25,0.25,30376.799999999996,2912.31,0.09587283716520503,56.9600811502801,Medium
Chinese,25398,Lotus House,QSR,North Shore,1.03,38.54,1170,178,6860.12,496,248,248,19115.84,9557.92,9557.92,0.202150041,0.407632517,0.29,11,3.25,806.0,2676.94,1915.74,957.87,2923.67,0.18,0.5,0.25,0.25,45091.799999999996,8474.220000000001,0.18793261746038087,59.76744837300748,Medium
Chinese,25602,Sakura Eatery,Full-service,South Auckland,1.05,44.9,1019,311,13963.9,354,177,177,15894.6,7947.3,7947.3,0.393819763,0.548709802,0.29,12,3.54,626.58,802.51,-3695.96,-1847.98,-169.85,0.44,0.5,0.25,0.25,45753.100000000006,-4911.280000000001,-0.10734310899152189,53.75913794626602,Medium
Chinese,25280,Golden Tavern,Full-service,CBD,0.99,33.83,1944,504,17050.32,720,360,360,24357.6,12178.8,12178.8,0.382393514,0.491645862,0.32,3,0.89,320.4,2147.67,-4726.33,-2363.17,1213.65,0.35,0.5,0.25,0.25,65765.52,-3728.18,-0.05668897622948925,27.40666431624958,Low
Chinese,25536,Lotus Tavern,Full-service,North Shore,1.03,39.19,1729,528,20692.32,601,300,300,23553.19,11757.0,11757.0,0.392942607,0.507206083,0.29,7,2.07,621.0,2066.16,-4478.61,-2235.58,552.95,0.44,0.5,0.25,0.25,67759.51,-4095.08,-0.060435501968653556,49.49650969430916,Medium
Chinese,26010,Dragon Kitchen,Cafe,South Auckland,1.05,41.49,1853,309,12820.41,772,386,386,32030.28,16015.14,16015.14,0.273530204,0.449517151,0.3,13,3.84,1482.24,3550.65,-738.21,-369.11,2953.2,0.2,0.5,0.25,0.25,76880.97,5396.53,0.07019331311766748,71.58007807607582,High
Chinese,26131,Lotus Diner,Cafe,West Auckland,1.04,32.54,641,88,2863.52,277,138,138,9013.58,4490.52,4490.52,0.263194549,0.369229766,0.29,4,1.18,162.84,1052.56,699.23,348.36,1487.77,0.16,0.5,0.25,0.25,20858.14,3587.92,0.17201533789685947,52.95476252794135,Medium
Chinese,26617,Red Kitchen,Cafe,South Auckland,1.05,40.13,1041,173,6942.49,434,217,217,17416.42,8708.21,8708.21,0.216339749,0.428064831,0.31,8,2.36,512.12,2468.72,794.11,397.05,2584.48,0.2,0.5,0.25,0.25,41775.329999999994,6244.360000000001,0.14947482162319248,67.18425240709519,High
Chinese,26053,Lotus Corner,Ghost Kitchen,South Auckland,1.05,40.77,1663,94,3832.38,785,392,392,32004.45,15981.84,15981.84,0.258694605,0.261828096,0.32,4,1.18,462.56,1837.54,5103.98,2548.74,7200.37,0.06,0.5,0.25,0.25,67800.51,16690.629999999997,0.24617263203477377,80.80811241280391,High
Chinese,26498,Golden House,QSR,South Auckland,1.05,38.13,807,134,5109.42,337,168,168,12849.81,6405.84,6405.84,0.272539749,0.445815529,0.31,16,4.72,792.96,1439.04,-364.36,-181.64,1011.21,0.2,0.5,0.25,0.25,30770.91,1904.25,0.061884747639897555,57.09686511103354,Medium
Chinese,26013,Red Tavern,QSR,CBD,0.99,41.33,1720,249,10291.17,735,368,368,30377.55,15209.44,15209.44,0.26534058,0.387207843,0.3,9,2.66,978.88,3575.68,1441.46,721.71,4305.66,0.17,0.5,0.25,0.25,71087.6,10044.509999999998,0.14129763840669818,44.82810840447535,Low
Chinese,25622,Golden Corner,Full-service,West Auckland,1.04,46.19,776,225,10392.75,275,138,138,12702.25,6374.22,6374.22,0.383167884,0.475797643,0.3,16,4.72,651.36,1465.74,-2019.22,-1013.28,247.62,0.41,0.5,0.25,0.25,35843.44,-1319.1399999999999,-0.03680282919273373,52.055977488688484,Medium
Chinese,25206,Sakura Kitchen,Ghost Kitchen,South Auckland,1.05,37.14,1256,48,1782.72,604,302,302,22432.56,11216.28,11216.28,0.263697861,0.343218535,0.3,11,3.25,981.5,700.76,2088.1,1044.05,3427.44,0.04,0.5,0.25,0.25,46647.840000000004,7260.35,0.15564171888773412,67.29582702914058,High
Chinese,26176,Red Kitchen,Cafe,CBD,0.99,34.74,797,109,3786.66,344,172,172,11950.56,5975.28,5975.28,0.207925809,0.446247708,0.3,15,4.43,761.96,1309.53,547.65,273.83,1304.45,0.16,0.5,0.25,0.25,27687.78,3435.46,0.12407856462309366,28.264179531245315,Low
Chinese,25693,Red Grill,Cafe,CBD,0.99,36.88,1821,364,13424.32,729,364,364,26885.52,13424.32,13424.32,0.215512109,0.354911532,0.32,8,2.36,859.04,5766.77,2946.02,1470.99,4907.73,0.25,0.5,0.25,0.25,67158.48,15091.51,0.22471488336245848,47.683926633866136,Medium
Chinese,26543,Dragon Eatery,Cafe,North Shore,1.03,34.17,1484,204,6970.68,640,320,320,21868.8,10934.4,10934.4,0.243031623,0.432662175,0.32,15,4.43,1417.6,2260.63,94.17,47.09,2128.49,0.16,0.5,0.25,0.25,50708.28,4530.38,0.08934201672784012,52.68139185159746,Medium
Chinese,25694,Golden Tavern,QSR,North Shore,1.03,40.09,738,107,4289.63,315,158,158,12628.35,6334.22,6334.22,0.25685588,0.439328921,0.29,16,4.72,745.76,1303.25,174.46,87.51,1178.67,0.17,0.5,0.25,0.25,29586.420000000002,2743.8900000000003,0.09274153479873537,50.132880923096415,Medium
Chinese,25183,Golden Diner,Full-service,CBD,0.99,42.6,924,213,9073.8,355,178,178,15123.0,7582.8,7582.8,0.395718236,0.53493734,0.32,8,2.36,420.08,629.22,-3790.66,-1900.67,105.74,0.3,0.5,0.25,0.25,39362.4,-4956.37,-0.12591635672621587,19.527981539641807,Low
Chinese,26371,Lotus Corner,Cafe,North Shore,1.03,38.06,1246,162,6165.72,542,271,271,20628.52,10314.26,10314.26,0.23033678,0.355597884,0.27,8,2.36,639.56,2553.01,2971.85,1485.93,3631.22,0.15,0.5,0.25,0.25,47422.76,10642.01,0.22440722556004752,62.61271449550151,Medium
Chinese,25659,Golden House,Cafe,West Auckland,1.04,37.76,1282,186,7023.36,548,274,274,20692.48,10346.24,10346.24,0.239677735,0.37051071,0.29,8,2.36,646.64,2737.79,2065.35,1032.67,3386.44,0.17,0.5,0.25,0.25,48408.32,9222.25,0.1905096066130781,65.45156156693645,High
Chinese,25700,Sakura Diner,Cafe,North Shore,1.03,35.03,1028,224,7846.72,402,201,201,14082.06,7041.03,7041.03,0.279623358,0.380262318,0.33,17,5.02,1009.02,2668.78,142.43,71.22,1385.74,0.28,0.5,0.25,0.25,36010.84,4268.17,0.11852458870717819,50.57627641191252,Medium
Chinese,26265,Dragon Diner,Full-service,South Auckland,1.05,42.79,720,161,6889.19,279,140,140,11938.41,5990.6,5990.6,0.395338044,0.546238326,0.31,5,1.48,207.2,402.49,-3003.42,-1507.09,142.79,0.29,0.5,0.25,0.25,30808.799999999996,-3965.2300000000005,-0.12870446106307293,47.35173229915752,Medium
Chinese,25580,Sakura Corner,Cafe,CBD,0.99,35.24,810,129,4545.96,341,170,170,12016.84,5990.8,5990.8,0.276751797,0.438894295,0.3,16,4.72,802.4,1292.66,-188.02,-93.73,901.11,0.19,0.5,0.25,0.25,28544.399999999998,1912.02,0.06698406692731325,24.986264780473384,Low
Chinese,25296,Golden Diner,Full-service,West Auckland,1.04,40.39,2041,593,23951.27,724,362,362,29242.36,14621.18,14621.18,0.358275461,0.546628567,0.31,11,3.25,1176.5,2277.67,-6284.3,-3142.15,213.92,0.41,0.5,0.25,0.25,82435.98999999999,-6934.860000000001,-0.08412417925714244,57.22441913279754,Medium
Chinese,25070,Red Grill,Cafe,South Auckland,1.05,37.27,1820,364,13566.28,728,364,364,27132.56,13566.28,13566.28,0.27936425,0.412589256,0.33,16,4.72,1718.08,4179.04,-595.65,-297.83,2460.96,0.25,0.5,0.25,0.25,67831.40000000001,5746.52,0.08471769711372609,68.5805501880768,High
Chinese,25071,Sakura Cafe,Full-service,North Shore,1.03,31.82,640,132,4200.24,254,127,127,8082.28,4041.14,4041.14,0.394447506,0.456484517,0.31,8,2.36,299.72,626.12,-1300.7,-650.35,302.68,0.26,0.5,0.25,0.25,20364.8,-1022.25,-0.05019690839094909,32.35982106362682,Low
Chinese,25221,Red Diner,QSR,North Shore,1.03,36.55,1230,178,6505.9,526,263,263,19225.3,9612.65,9612.65,0.206211409,0.414861785,0.32,11,3.25,854.75,2465.26,1132.89,566.44,2787.74,0.17,0.5,0.25,0.25,44956.5,6952.33,0.1546457130781978,56.44703419618394,Medium
Chinese,25219,Red House,Full-service,CBD,0.99,31.77,966,266,8450.82,350,175,175,11119.5,5559.75,5559.75,0.381094532,0.512531928,0.3,18,5.31,929.25,898.94,-2153.03,-1076.51,-337.84,0.38,0.5,0.25,0.25,30689.82,-2668.4400000000005,-0.08694870155641188,13.2805453148226,Low
Chinese,25508,Dragon Tavern,Cafe,West Auckland,1.04,43.74,1165,225,9841.5,470,235,235,20557.8,10278.9,10278.9,0.20146528,0.376539961,0.32,4,1.18,277.3,4153.06,2096.79,1048.39,4060.34,0.24,0.5,0.25,0.25,50957.1,11358.580000000002,0.22290475713884822,71.54241983674297,High
Chinese,26315,Golden Bistro,Full-service,North Shore,1.03,40.26,2090,618,24880.68,736,368,368,29631.36,14815.68,14815.68,0.399164941,0.463204498,0.29,12,3.54,1302.72,3424.34,-4514.91,-2257.46,736.37,0.42,0.5,0.25,0.25,84143.4,-2611.66,-0.031038203828226574,56.20461794888142,Medium
Chinese,25318,Golden Tavern,QSR,North Shore,1.03,31.35,1178,162,5078.7,508,254,254,15925.8,7962.9,7962.9,0.248687976,0.399860313,0.3,3,0.89,226.06,1784.92,819.41,409.7,2572.51,0.16,0.5,0.25,0.25,36930.3,5586.54,0.15127253231086668,51.19886337527212,Medium
Chinese,26302,Sakura Tavern,Cafe,CBD,0.99,30.28,1382,190,5753.2,596,298,298,18046.88,9023.44,9023.44,0.20536965,0.387487425,0.33,9,2.66,792.68,2342.37,1392.19,696.09,2881.15,0.16,0.5,0.25,0.25,41846.96000000001,7311.799999999999,0.17472714863875413,34.0100407465556,Low
Chinese,26520,Golden Eatery,QSR,West Auckland,1.04,36.1,1380,136,4909.6,622,311,311,22454.2,11227.1,11227.1,0.23176677,0.424708562,0.28,10,2.95,917.45,1686.57,1426.4,713.2,2939.34,0.11,0.5,0.25,0.25,49818.0,6765.51,0.1358045284836806,61.373391198964825,Medium
Chinese,25350,Sakura Corner,Full-service,West Auckland,1.04,37.81,1182,258,9754.98,462,231,231,17468.22,8734.11,8734.11,0.395334879,0.455881052,0.31,8,2.36,545.16,1451.39,-2816.16,-1408.08,754.34,0.28,0.5,0.25,0.25,44691.42,-2018.5099999999993,-0.045165492615808565,48.56791638406578,Medium
Chinese,25877,Lotus Grill,QSR,North Shore,1.03,39.45,1843,307,12111.15,768,384,384,30297.6,15148.8,15148.8,0.231631634,0.350606797,0.3,4,1.18,453.12,5059.57,3567.89,1783.95,5875.47,0.2,0.5,0.25,0.25,72706.35,16286.880000000001,0.22400904460201895,70.07889444053245,High
Chinese,26321,Sakura Eatery,Full-service,North Shore,1.03,41.87,896,184,7704.08,356,178,178,14905.72,7452.86,7452.86,0.392359724,0.527107212,0.31,4,1.18,210.04,620.43,-3420.37,-1710.18,390.16,0.26,0.5,0.25,0.25,37515.52,-4119.96,-0.10982014910095876,39.68877263346789,Low
Chinese,25960,Red Kitchen,Cafe,North Shore,1.03,31.06,1454,318,9877.08,568,284,284,17642.08,8821.04,8821.04,0.248581512,0.394169283,0.28,7,2.07,587.88,3528.58,1362.84,681.42,2563.43,0.28,0.5,0.25,0.25,45161.240000000005,8136.27,0.18016046503594674,55.80631861534939,Medium
Chinese,26417,Golden Tavern,Cafe,West Auckland,1.04,34.53,1423,311,10738.83,556,278,278,19198.68,9599.34,9599.34,0.253148416,0.426089536,0.28,17,5.02,1395.56,3444.61,782.58,391.29,1683.54,0.28,0.5,0.25,0.25,49136.19,6302.02,0.12825617940666545,59.96828183164743,Medium
Chinese,25691,Golden Bistro,QSR,West Auckland,1.04,41.14,1404,172,7076.08,616,308,308,25342.24,12671.12,12671.12,0.244977448,0.424303243,0.27,10,2.95,908.6,2340.2,1538.76,769.38,3281.98,0.14,0.5,0.25,0.25,57760.560000000005,7930.32,0.13729645280447417,66.06189341719723,High
Chinese,25517,Dragon House,Cafe,CBD,0.99,36.2,1800,336,12163.2,732,366,366,26498.4,13249.2,13249.2,0.212974373,0.441601479,0.31,15,4.43,1621.38,4201.46,938.68,469.34,2955.21,0.23,0.5,0.25,0.25,65160.0,8564.69,0.13144091467157767,40.59590777297192,Low
Chinese,25761,Red Diner,Cafe,CBD,0.99,42.32,704,112,4739.84,296,148,148,12526.72,6263.36,6263.36,0.252385487,0.43081855,0.32,6,1.77,261.96,1501.56,-40.14,-20.07,1722.25,0.19,0.5,0.25,0.25,29793.28,3163.6,0.10618501890359168,32.59760186904239,Low
Chinese,25801,Golden Eatery,Cafe,North Shore,1.03,34.24,679,135,4622.4,272,136,136,9313.28,4656.64,4656.64,0.273595393,0.366750952,0.29,7,2.07,281.52,1662.46,648.7,324.35,1393.26,0.25,0.5,0.25,0.25,23248.96,4028.7699999999995,0.17328818149284955,49.903483417904916,Medium
Chinese,25036,Lotus Tavern,Cafe,South Auckland,1.05,36.56,1578,251,9176.56,663,332,332,24239.28,12137.92,12137.92,0.235739429,0.41505111,0.31,10,2.95,979.4,3204.54,950.41,475.92,3259.28,0.19,0.5,0.25,0.25,57691.67999999999,7890.15,0.13676408799327738,68.92226358092563,High
Chinese,25572,Sakura House,Ghost Kitchen,West Auckland,1.04,33.57,677,38,1275.66,319,160,160,10708.83,5371.2,5371.2,0.294790792,0.303496248,0.28,6,1.77,283.2,512.45,1303.4,653.74,1874.48,0.06,0.5,0.25,0.25,22726.89,4344.07,0.1911422988363124,55.508529973291076,Medium
Chinese,25722,Red Kitchen,Full-service,North Shore,1.03,32.05,1243,315,10095.75,464,232,232,14871.2,7435.6,7435.6,0.371724753,0.509835771,0.32,9,2.66,617.12,1195.74,-2997.45,-1498.72,263.55,0.34,0.5,0.25,0.25,39838.15,-3036.8799999999997,-0.0762304474479864,37.165144482743315,Low
Chinese,25806,Golden Kitchen,Ghost Kitchen,West Auckland,1.04,46.32,907,43,1991.76,432,216,216,20010.24,10005.12,10005.12,0.283300331,0.331551749,0.28,3,0.89,192.24,767.12,2104.04,1052.02,3661.21,0.05,0.5,0.25,0.25,42012.240000000005,7584.389999999999,0.18052810323848476,68.18603541830134,High
Chinese,26414,Golden Diner,QSR,North Shore,1.03,41.57,1591,231,9602.67,680,340,340,28267.6,14133.8,14133.8,0.219680273,0.37755591,0.32,13,3.84,1305.6,3867.61,2339.53,1169.77,4386.98,0.17,0.5,0.25,0.25,66137.87,11763.89,0.17786919959774938,66.13672273666332,High
Chinese,26293,Sakura Kitchen,QSR,South Auckland,1.05,35.69,849,141,5032.29,354,177,177,12634.26,6317.13,6317.13,0.21097047,0.357273713,0.28,5,1.48,261.96,2172.72,1917.32,958.66,2465.5,0.2,0.5,0.25,0.25,30300.81,7514.2,0.2479867699906372,67.9745235732539,High
Chinese,26577,Golden Grill,QSR,North Shore,1.03,44.16,1066,105,4636.8,481,240,240,21240.96,10598.4,10598.4,0.273161277,0.37333823,0.32,9,2.66,638.4,1639.11,711.58,355.05,3108.14,0.11,0.5,0.25,0.25,47074.56,5813.88,0.12350365037931317,59.16507826518704,Medium
Chinese,26536,Sakura Corner,QSR,West Auckland,1.04,34.6,1570,250,8650.0,660,330,330,22836.0,11418.0,11418.0,0.227808673,0.35617804,0.27,9,2.66,877.8,3598.51,3334.36,1667.18,3872.24,0.19,0.5,0.25,0.25,54322.0,12472.29,0.22959924155958913,68.40418058224371,High
Chinese,25512,Lotus Kitchen,QSR,CBD,0.99,31.27,1364,124,3877.48,620,310,310,19387.4,9693.7,9693.7,0.256585275,0.395035107,0.31,17,5.02,1556.2,1350.84,744.08,372.04,1820.89,0.1,0.5,0.25,0.25,42652.28,4287.85,0.10053038196316821,29.674795711587613,Low
Chinese,25109,Dragon Cafe,Cafe,South Auckland,1.05,40.69,1051,203,8260.07,424,212,212,17252.56,8626.28,8626.28,0.249420516,0.374149388,0.29,18,5.31,1125.72,3109.34,1491.14,745.57,2121.47,0.24,0.5,0.25,0.25,42765.19,7467.52,0.17461678528728622,69.46460207032084,High
Chinese,25650,Lotus House,Full-service,West Auckland,1.04,40.05,1841,477,19103.85,682,341,341,27314.1,13657.05,13657.05,0.353668366,0.509786053,0.29,15,4.43,1510.63,2608.55,-4191.47,-2095.73,354.18,0.35,0.5,0.25,0.25,73732.05,-3324.4700000000003,-0.04508853341253905,57.45118158366008,Medium
Chinese,25115,Lotus Eatery,Full-service,North Shore,1.03,38.81,712,180,6985.8,266,133,133,10323.46,5161.73,5161.73,0.363306374,0.463121237,0.28,14,4.13,549.29,1212.54,-1098.7,-549.35,346.64,0.34,0.5,0.25,0.25,27632.719999999998,-88.87000000000012,-0.003216114808820852,42.29532897229652,Low
Chinese,25843,Lotus Corner,Full-service,West Auckland,1.04,39.71,1938,502,19934.42,718,359,359,28511.78,14255.89,14255.89,0.393492344,0.512955711,0.31,17,5.02,1802.18,1864.9,-6171.32,-3085.66,-468.51,0.35,0.5,0.25,0.25,76957.98,-7860.59,-0.1021413243954688,54.339674502250325,Medium
Chinese,26178,Golden Kitchen,Cafe,West Auckland,1.04,42.26,1530,306,12931.56,612,306,306,25863.12,12931.56,12931.56,0.211885206,0.435429755,0.31,15,4.43,1355.58,4560.77,1103.97,551.98,3205.19,0.25,0.5,0.25,0.25,64657.799999999996,9421.910000000002,0.1457196192880055,68.92157745757864,High
Chinese,25829,Lotus Corner,Cafe,CBD,0.99,39.95,917,133,5313.35,392,196,196,15660.4,7830.2,7830.2,0.231712182,0.395080888,0.3,9,2.66,521.36,1982.98,1146.45,573.22,2400.92,0.17,0.5,0.25,0.25,36634.15,6103.570000000001,0.1666087516702312,36.87532228383032,Low
Chinese,26636,Sakura Cafe,Ghost Kitchen,South Auckland,1.05,37.98,1702,126,4785.48,788,394,394,29928.24,14964.12,14964.12,0.255518442,0.326068457,0.33,3,0.89,350.66,2002.31,2646.05,1323.02,5910.52,0.08,0.5,0.25,0.25,64641.96000000001,11881.900000000001,0.1838109488016762,74.62003305682052,High
Chinese,25520,Golden Tavern,Full-service,West Auckland,1.04,34.9,826,170,5933.0,328,164,164,11447.2,5723.6,5723.6,0.355159955,0.519138809,0.27,12,3.54,580.56,745.79,-1651.82,-825.91,138.9,0.26,0.5,0.25,0.25,28827.4,-1593.04,-0.055261313888869616,41.62986101881421,Low
Chinese,25820,Dragon Corner,Cafe,South Auckland,1.05,32.01,1737,277,8866.77,730,365,365,23367.3,11683.65,11683.65,0.250170035,0.432637206,0.32,16,4.72,1722.8,2812.48,-65.6,-32.8,1983.17,0.19,0.5,0.25,0.25,55601.37,4697.25,0.08448083203705233,63.164988255326584,Medium
Chinese,25375,Dragon Cafe,Cafe,CBD,0.99,39.65,1049,229,9079.85,410,205,205,16256.5,8128.25,8128.25,0.210223319,0.37179646,0.3,16,4.72,967.6,3795.2,1917.95,958.97,2429.85,0.28,0.5,0.25,0.25,41592.85,9101.97,0.2188349680293608,41.52693151438246,Low
Chinese,25941,Red Bistro,Ghost Kitchen,South Auckland,1.05,43.94,1248,92,4042.48,578,289,289,25397.32,12698.66,12698.66,0.294854726,0.281737701,0.31,7,2.07,598.23,1711.62,2880.25,1440.12,4778.48,0.08,0.5,0.25,0.25,54837.119999999995,10810.47,0.19713781467735725,75.85466267551053,High
Chinese,26591,Sakura House,Full-service,CBD,0.99,36.9,1633,474,17490.6,579,290,290,21365.1,10701.0,10701.0,0.396324429,0.504563069,0.33,4,1.18,342.2,1733.54,-4932.93,-2470.73,718.4,0.41,0.5,0.25,0.25,60257.7,-4951.720000000001,-0.0821757219409304,25.050122471052116,Low
Chinese,25054,Red Diner,QSR,South Auckland,1.05,42.92,1638,226,9699.92,706,353,353,30301.52,15150.76,15150.76,0.229495191,0.358006179,0.29,13,3.84,1355.52,4001.2,3711.89,1855.95,4894.15,0.16,0.5,0.25,0.25,70302.96,14463.19,0.20572661520937383,79.66971531844231,High
Chinese,26515,Lotus Kitchen,Cafe,CBD,0.99,41.51,1747,315,13075.65,716,358,358,29721.16,14860.58,14860.58,0.233363928,0.388946938,0.3,15,4.43,1585.94,4938.53,2309.01,1154.51,4026.74,0.22,0.5,0.25,0.25,72517.97,12428.789999999999,0.17138910534864668,47.294277814161966,Medium
Chinese,25555,Lotus Bistro,Cafe,CBD,0.99,30.34,763,171,5188.14,296,148,148,8980.64,4490.32,4490.32,0.279941907,0.444194895,0.29,13,3.84,568.32,1431.22,-126.96,-63.48,670.39,0.29,0.5,0.25,0.25,23149.42,1911.17,0.08255800793281215,21.324878747556422,Low
Chinese,25204,Lotus Diner,Cafe,South Auckland,1.05,41.77,1160,224,9356.48,468,234,234,19548.36,9774.18,9774.18,0.242862232,0.440491092,0.31,4,1.18,276.12,2962.7,129.93,64.97,2818.84,0.24,0.5,0.25,0.25,48453.200000000004,5976.44,0.12334458817993443,68.0903079626927,High
Chinese,26486,Red Cafe,QSR,South Auckland,1.05,37.7,881,121,4561.7,380,190,190,14326.0,7163.0,7163.0,0.26822892,0.375720128,0.31,15,4.43,841.7,1624.2,659.73,329.86,1708.69,0.16,0.5,0.25,0.25,33213.7,4322.4800000000005,0.13014147776369392,62.10444056015261,Medium
Chinese,25844,Lotus Eatery,QSR,South Auckland,1.05,39.19,1313,209,8190.71,552,276,276,21632.88,10816.44,10816.44,0.272124186,0.393697967,0.3,12,3.54,977.04,2737.15,739.37,369.68,2637.57,0.19,0.5,0.25,0.25,51456.47,6483.77,0.1260049513695751,67.66436038623527,High
Chinese,26368,Dragon Eatery,Cafe,West Auckland,1.04,40.68,1554,202,8217.36,676,338,338,27499.68,13749.84,13749.84,0.202652339,0.396879306,0.27,11,3.25,1098.5,3290.79,3587.84,1793.92,4407.88,0.15,0.5,0.25,0.25,63216.72,13080.43,0.2069140885512567,71.93700555611163,High
Chinese,26690,Dragon Grill,Ghost Kitchen,CBD,0.99,31.29,1412,92,2878.68,660,330,330,20651.4,10325.7,10325.7,0.258770291,0.288752131,0.31,18,5.31,1752.3,1302.54,2942.36,1471.18,2919.85,0.07,0.5,0.25,0.25,44181.479999999996,8635.93,0.19546493236532594,36.5917978410732,Low
Chinese,26370,Golden Diner,QSR,CBD,0.99,30.84,1398,127,3916.68,635,318,318,19583.4,9807.12,9807.12,0.263308194,0.40562734,0.27,9,2.66,845.88,1296.67,1195.85,598.87,2400.91,0.1,0.5,0.25,0.25,43114.32000000001,5492.299999999999,0.12738922937900907,31.472444521080057,Low
Chinese,25446,Lotus Kitchen,Full-service,North Shore,1.03,44.57,805,213,9493.41,296,148,148,13192.72,6596.36,6596.36,0.359043976,0.45447887,0.27,10,2.95,436.6,1770.3,-1101.89,-550.95,793.47,0.36,0.5,0.25,0.25,35878.85,910.9299999999998,0.025389052324698253,50.156916353224815,Medium
Chinese,26519,Sakura Eatery,Cafe,South Auckland,1.05,31.77,1715,223,7084.71,746,373,373,23700.42,11850.21,11850.21,0.267107212,0.398032236,0.31,7,2.07,772.11,2372.39,589.21,294.6,3196.06,0.15,0.5,0.25,0.25,54485.549999999996,6452.26,0.11842148973443418,65.01226945924425,High
Chinese,26318,Dragon Diner,QSR,North Shore,1.03,42.82,1678,279,11946.78,699,350,350,29931.18,14987.0,14987.0,0.203611623,0.445039568,0.3,6,1.77,619.5,4197.49,1536.93,769.56,4646.16,0.2,0.5,0.25,0.25,71851.95999999999,11150.14,0.15518212725164351,66.60167322165792,High
Chinese,26644,Lotus Tavern,Ghost Kitchen,CBD,0.99,37.03,1390,114,4221.42,638,319,319,23625.14,11812.57,11812.57,0.279031221,0.331663701,0.28,9,2.66,848.54,1643.42,2582.35,1291.17,3750.15,0.09,0.5,0.25,0.25,51471.7,9267.09,0.1800424310834886,40.25801171085021,Low
Chinese,25356,Golden Bistro,Ghost Kitchen,North Shore,1.03,40.09,1576,60,2405.4,758,379,379,30388.22,15194.11,15194.11,0.254831012,0.203994752,0.29,11,3.25,1231.75,1301.74,7632.74,3816.37,6990.91,0.04,0.5,0.25,0.25,63181.840000000004,19741.76,0.3124594028917169,73.76968362736615,High
Chinese,25720,Red Grill,QSR,West Auckland,1.04,43.59,1158,114,4969.26,522,261,261,22753.98,11376.99,11376.99,0.208057023,0.386074588,0.28,11,3.25,848.25,2016.87,2864.01,1432.0,3769.31,0.11,0.5,0.25,0.25,50477.219999999994,10082.19,0.1997374261102335,69.7793371534306,High
Chinese,25518,Lotus Kitchen,Full-service,CBD,0.99,31.18,1228,304,9478.72,462,231,231,14405.16,7202.58,7202.58,0.355425095,0.526120293,0.28,7,2.07,478.17,1122.8,-2327.09,-1163.54,375.01,0.33,0.5,0.25,0.25,38289.04,-1992.82,-0.05204674758103102,17.887314549123683,Low
Chinese,25235,Red Grill,QSR,South Auckland,1.05,38.17,1523,163,6221.71,680,340,340,25955.6,12977.8,12977.8,0.242224811,0.386467837,0.3,10,2.95,1003.0,2310.17,1850.83,925.41,3815.75,0.12,0.5,0.25,0.25,58132.91,8902.16,0.1531346013815582,70.82933264884342,High
Chinese,25604,Lotus Cafe,QSR,North Shore,1.03,45.47,856,136,6183.92,360,180,180,16369.2,8184.6,8184.6,0.2685839,0.364573732,0.29,15,4.43,797.4,2268.52,1257.85,628.92,2205.06,0.19,0.5,0.25,0.25,38922.32,6360.35,0.16341137938334613,60.76423825479358,Medium
Chinese,25196,Golden Diner,Cafe,West Auckland,1.04,42.51,602,78,3315.78,262,131,131,11137.62,5568.81,5568.81,0.279265899,0.420667344,0.32,12,3.54,463.74,994.96,-222.01,-111.0,1207.27,0.15,0.5,0.25,0.25,25591.020000000004,1869.22,0.07304202802389274,54.45301894503003,Medium
Chinese,25199,Sakura Corner,QSR,North Shore,1.03,35.77,1296,188,6724.76,554,277,277,19816.58,9908.29,9908.29,0.278208653,0.406034041,0.32,12,3.54,980.58,2123.39,-84.08,-42.04,2148.03,0.17,0.5,0.25,0.25,46357.920000000006,4145.3,0.08941945626550975,52.07963152812307,Medium
Chinese,25364,Lotus Cafe,QSR,South Auckland,1.05,34.32,1518,162,5559.84,678,339,339,23268.96,11634.48,11634.48,0.253805625,0.407516851,0.31,4,1.18,400.02,1882.99,667.3,333.65,3540.32,0.12,0.5,0.25,0.25,52097.759999999995,6424.26,0.12331163566341434,65.4567765611871,High
Chinese,25879,Golden Tavern,Ghost Kitchen,West Auckland,1.04,39.52,873,57,2252.64,408,204,204,16124.16,8062.08,8062.08,0.255745047,0.265018644,0.3,16,4.72,962.88,1079.55,2890.03,1445.02,2900.76,0.07,0.5,0.25,0.25,34500.96,8315.36,0.24101822094225786,66.05253494523761,High
Chinese,26276,Lotus Tavern,Cafe,South Auckland,1.05,33.78,820,148,4999.44,336,168,168,11350.08,5675.04,5675.04,0.230877,0.433313726,0.31,16,4.72,792.96,1678.86,292.94,146.47,1112.77,0.22,0.5,0.25,0.25,27699.600000000002,3231.04,0.11664572773614058,57.1805349579367,Medium
Chinese,25152,Red Corner,Cafe,CBD,0.99,31.82,1151,183,5823.06,484,242,242,15400.88,7700.44,7700.44,0.218786399,0.404047678,0.29,4,1.18,285.56,2196.26,1342.43,671.22,2618.78,0.19,0.5,0.25,0.25,36624.82,6828.6900000000005,0.1864497900604017,33.687347284455136,Low
Chinese,25355,Dragon Eatery,Full-service,South Auckland,1.05,41.84,1038,207,8660.88,415,208,208,17363.6,8702.72,8702.72,0.379519668,0.478032252,0.33,10,2.95,613.6,1233.73,-3256.58,-1632.21,626.09,0.25,0.5,0.25,0.25,43429.92,-3028.97,-0.06974385400663874,53.859842123877854,Medium
Chinese,25213,Golden House,QSR,West Auckland,1.04,40.32,595,59,2378.88,268,134,134,10805.76,5402.88,5402.88,0.251114023,0.397714351,0.29,8,2.36,316.24,835.4,661.01,330.5,1581.1,0.11,0.5,0.25,0.25,23990.4,3408.0099999999998,0.14205723956249164,57.143483307374375,Medium
Chinese,26654,Golden Kitchen,Cafe,South Auckland,1.05,40.0,1136,248,9920.0,444,222,222,17760.0,8880.0,8880.0,0.233386963,0.438896402,0.27,4,1.18,261.96,3250.95,1025.05,512.52,2648.16,0.28,0.5,0.25,0.25,45440.0,7436.68,0.1636593309859155,69.02982148982207,High
Chinese,25358,Red Eatery,Cafe,North Shore,1.03,32.21,603,91,2931.11,256,128,128,8245.76,4122.88,4122.88,0.213019451,0.381274682,0.29,12,3.54,453.12,1189.17,954.08,477.04,1219.56,0.18,0.5,0.25,0.25,19422.63,3839.85,0.19769979657749748,48.99983634639104,Medium
Chinese,25938,Dragon Corner,Ghost Kitchen,CBD,0.99,43.11,1399,115,4957.65,642,321,321,27676.62,13838.31,13838.31,0.273347661,0.246361428,0.28,16,4.72,1515.12,2381.11,5543.38,2771.69,5131.29,0.09,0.5,0.25,0.25,60310.88999999999,15827.470000000001,0.2624313784790774,51.130880035842615,Medium
Chinese,25964,Lotus Eatery,QSR,CBD,0.99,35.79,1326,162,5797.98,582,291,291,20829.78,10414.89,10414.89,0.252573682,0.38150015,0.29,6,1.77,515.07,2121.63,1581.53,790.76,3296.01,0.14,0.5,0.25,0.25,47457.53999999999,7789.93,0.16414525489521795,37.44577973797574,Low
Chinese,25641,Red House,Cafe,North Shore,1.03,43.92,1198,262,11507.04,468,234,234,20554.56,10277.28,10277.28,0.20789987,0.362047634,0.32,15,4.43,1036.62,4948.63,2262.08,1131.04,3383.15,0.28,0.5,0.25,0.25,52616.16,11724.9,0.2228383827326053,67.04086755930734,High
Chinese,25919,Golden Grill,Cafe,North Shore,1.03,31.04,1663,363,11267.52,650,325,325,20176.0,10088.0,10088.0,0.243415899,0.399870697,0.3,16,4.72,1534.0,4019.28,1144.25,572.12,2064.52,0.28,0.5,0.25,0.25,51619.520000000004,7800.17,0.15110892158625264,56.037250146896255,Medium
Indian,25665,Tandoori Diner,QSR,North Shore,1.03,37.29,570,70,2610.3,250,150,100,9322.5,5593.5,3729.0,0.243980131,0.447680361,0.32,13,3.84,384.0,804.86,-108.7,-65.22,765.8,0.14,0.5,0.3,0.2,21255.3,1396.7399999999998,0.06571255169298951,44.13217569941336,Low
Indian,25382,Spice Kitchen,Full-service,South Auckland,1.05,44.63,1749,403,17985.89,673,404,269,30035.99,18030.52,12005.47,0.369725376,0.462683937,0.33,10,2.95,793.55,3014.27,-4878.12,-2928.32,1218.45,0.3,0.5,0.3,0.2,78057.87000000001,-3573.7200000000003,-0.04578295564559986,65.37317100695546,High
Indian,25300,Curry Diner,Full-service,North Shore,1.03,36.63,885,115,4212.45,385,231,154,14102.55,8461.53,5641.02,0.394670889,0.470167293,0.29,15,4.43,682.22,569.36,-2183.61,-1310.17,80.23,0.15,0.5,0.3,0.2,32417.55,-2844.19,-0.08773611824459282,36.553131368124795,Low
Indian,25058,Tandoori Kitchen,Full-service,CBD,0.99,40.43,1256,251,10147.93,502,302,201,20295.86,12209.86,8126.43,0.381141292,0.473784337,0.3,6,1.77,355.77,1472.2,-3144.35,-1891.62,823.17,0.25,0.5,0.3,0.2,50780.08,-2740.5999999999995,-0.05396998192992211,26.00899950100554,Low
Indian,25535,Royal Eatery,QSR,West Auckland,1.04,39.74,581,66,2622.84,258,154,103,10252.92,6119.96,4093.22,0.263628536,0.44126284,0.31,3,0.89,91.67,774.02,-152.68,-91.13,1116.27,0.13,0.5,0.3,0.2,23088.940000000002,1646.48,0.07131033299926284,51.73242293287529,Medium
Indian,25141,Tandoori Corner,QSR,South Auckland,1.05,43.28,901,81,3505.68,410,246,164,17744.8,10646.88,7097.92,0.25280898,0.406785129,0.31,12,3.54,580.56,1193.35,539.55,323.73,1835.61,0.1,0.5,0.3,0.2,38995.28,3892.24,0.09981310558611196,65.07222553921864,High
Indian,25735,Tandoori Bistro,QSR,CBD,0.99,32.13,706,86,2763.18,310,186,124,9960.3,5976.18,3984.12,0.26364309,0.413649754,0.29,12,3.54,438.96,891.7,325.77,195.46,846.74,0.14,0.5,0.3,0.2,22683.78,2259.67,0.09961611336382209,23.411973921349915,Low
Indian,26216,Bombay Eatery,Full-service,South Auckland,1.05,37.73,566,137,5169.01,214,129,86,8074.22,4867.17,3244.78,0.371765008,0.52346182,0.29,17,5.02,431.72,541.57,-1495.56,-901.53,-91.75,0.32,0.5,0.3,0.2,21355.18,-1947.27,-0.09118490221107946,43.901991252484464,Low
Indian,25732,Royal Cafe,Ghost Kitchen,North Shore,1.03,32.46,1047,95,3083.7,476,286,190,15450.96,9283.56,6167.4,0.292296415,0.249709662,0.32,18,5.31,1008.9,1412.32,2132.14,1281.07,1815.73,0.1,0.5,0.3,0.2,33985.62,6641.26,0.19541382502364235,53.74445233020783,Medium
Indian,25383,Bombay Grill,Cafe,CBD,0.99,32.51,583,71,2308.21,256,154,102,8322.56,5006.54,3316.02,0.277262947,0.355963277,0.27,4,1.18,120.36,846.59,805.41,484.5,1095.87,0.14,0.5,0.3,0.2,18953.33,3232.37,0.17054364589230492,27.218032721183555,Low
Indian,26143,Spice Corner,QSR,CBD,0.99,35.17,887,73,2567.41,407,244,163,14314.19,8581.48,5732.71,0.259326546,0.369964507,0.32,16,4.72,769.36,951.76,725.86,435.16,1355.81,0.09,0.5,0.3,0.2,31195.789999999997,3468.5899999999997,0.11118775963038602,28.715240701161466,Low
Indian,26095,Royal Diner,Full-service,North Shore,1.03,46.14,758,188,8674.32,285,171,114,13149.9,7889.94,5259.96,0.355538878,0.48739694,0.27,15,4.43,505.02,1362.42,-1485.09,-891.06,321.13,0.33,0.5,0.3,0.2,34974.12,-692.5999999999998,-0.01980321449117232,47.96795713802652,Medium
Indian,25421,Curry Cafe,Cafe,West Auckland,1.04,43.91,1265,115,5049.65,575,345,230,25248.25,15148.95,10099.3,0.261048536,0.419636834,0.33,5,1.48,340.4,1612.43,-269.79,-161.87,2884.45,0.1,0.5,0.3,0.2,55546.15000000001,4065.22,0.07318635044913102,62.66053782312808,Medium
Indian,25624,Tandoori Cafe,Cafe,South Auckland,1.05,44.45,592,63,2800.35,264,159,106,11734.8,7067.55,4711.7,0.246948763,0.444818849,0.3,10,2.95,312.7,863.16,96.61,58.18,1139.6,0.12,0.5,0.3,0.2,26314.4,2157.5499999999997,0.08199122913689841,61.618805436395974,Medium
Indian,25138,Tandoori Corner,Full-service,CBD,0.99,32.44,1944,493,15992.92,726,435,290,23551.44,14111.4,9407.6,0.360403734,0.534040836,0.32,6,1.77,513.3,1688.14,-5050.48,-3026.11,479.72,0.34,0.5,0.3,0.2,63063.36,-5908.729999999999,-0.09369513454405218,23.718916566954874,Low
Indian,26033,Tandoori Eatery,Cafe,South Auckland,1.05,38.54,624,76,2929.04,274,164,110,10559.96,6320.56,4239.4,0.209710793,0.378078756,0.28,11,3.25,357.5,1207.38,1396.14,835.64,1390.02,0.14,0.5,0.3,0.2,24048.96,4829.18,0.20080618870836828,64.87493944495756,High
Indian,25389,Curry Bistro,QSR,South Auckland,1.05,42.54,1741,186,7912.44,778,466,311,33096.12,19823.64,13229.94,0.237165484,0.359869566,0.31,17,5.02,1561.22,3188.44,3076.78,1842.9,3769.98,0.12,0.5,0.3,0.2,74062.14,11878.1,0.160380188852226,77.3754736421749,High
Indian,26119,Spice Kitchen,QSR,CBD,0.99,31.17,1643,176,5485.92,734,440,293,22878.78,13714.8,9132.81,0.273105764,0.431617111,0.28,17,5.02,1470.86,1619.87,349.52,209.52,1225.85,0.12,0.5,0.3,0.2,51212.31,3404.7599999999998,0.06648323420677567,30.238882089591645,Low
Indian,25860,Spice Kitchen,Ghost Kitchen,West Auckland,1.04,42.47,1443,81,3440.07,681,409,272,28922.07,17370.23,11551.84,0.278154794,0.256144533,0.32,5,1.48,402.56,1602.04,4213.97,2530.85,4977.14,0.06,0.5,0.3,0.2,61284.20999999999,13324.0,0.21741326191526336,73.01276201945701,High
Indian,26116,Spice Eatery,QSR,West Auckland,1.04,44.88,1594,118,5295.84,738,443,295,33121.44,19881.84,13239.6,0.230957443,0.384151644,0.3,14,4.13,1218.35,2038.32,2811.71,1687.79,3877.45,0.08,0.5,0.3,0.2,71538.72,10415.27,0.1455892696989826,71.84134477407301,High
Indian,26161,Tandoori Corner,Cafe,North Shore,1.03,40.56,1339,154,6246.24,592,356,237,24011.52,14439.36,9612.72,0.236810072,0.373786477,0.28,16,4.72,1118.64,2432.31,2626.94,1579.72,2624.59,0.13,0.5,0.3,0.2,54309.840000000004,9263.560000000001,0.17056872198481898,62.11814357448782,Medium
Indian,26646,Tandoori Corner,Ghost Kitchen,South Auckland,1.05,47.11,1503,98,4616.78,702,422,281,33071.22,19880.42,13237.91,0.296738957,0.203849174,0.29,11,3.25,913.25,2305.67,6925.51,4163.2,5697.92,0.07,0.5,0.3,0.2,70806.33,19092.300000000003,0.26964114649071635,86.15384313798596,High
Indian,25597,Bombay Corner,Cafe,West Auckland,1.04,41.2,585,53,2183.6,266,160,106,10959.2,6592.0,4367.2,0.215882115,0.3600271,0.31,3,0.89,94.34,926.04,1250.34,752.09,1757.75,0.1,0.5,0.3,0.2,24102.000000000004,4686.22,0.19443282715127375,61.32217006836176,Medium
Indian,25057,Curry Cafe,QSR,North Shore,1.03,45.38,976,72,3267.36,452,271,181,20511.76,12297.98,8213.78,0.262995909,0.41001465,0.32,3,0.89,161.09,1068.39,143.37,85.96,2524.73,0.08,0.5,0.3,0.2,44290.88,3822.4500000000003,0.08630332023206584,56.759726162277836,Medium
Indian,25977,Tandoori Bistro,Ghost Kitchen,CBD,0.99,33.66,1249,59,1985.94,595,357,238,20027.7,12016.62,8011.08,0.289944036,0.27507224,0.31,6,1.77,421.26,863.85,2503.14,1501.88,3063.43,0.05,0.5,0.3,0.2,42041.340000000004,7932.299999999999,0.1886785720911845,36.4537711308047,Low
Indian,26140,Tandoori Kitchen,QSR,South Auckland,1.05,34.79,1107,118,4105.22,494,297,198,17186.26,10332.63,6888.42,0.229597176,0.420715668,0.33,5,1.48,293.04,1435.54,338.35,203.42,2115.75,0.12,0.5,0.3,0.2,38512.53,4093.06,0.10627865788095459,60.37847211507166,Medium
Indian,25374,Tandoori Eatery,Cafe,North Shore,1.03,36.58,963,103,3767.74,430,258,172,15729.4,9437.64,6291.76,0.274692939,0.43515494,0.29,18,5.31,913.32,1093.22,2.39,1.44,912.25,0.12,0.5,0.3,0.2,35226.54,2009.3000000000002,0.05703937996749042,47.08297594142154,Medium
Indian,25961,Curry Bistro,Cafe,West Auckland,1.04,43.02,657,75,3226.5,291,175,116,12518.82,7528.5,4990.32,0.229017645,0.39361261,0.27,14,4.13,479.08,1217.58,1344.14,808.33,1404.12,0.13,0.5,0.3,0.2,28264.14,4774.17,0.16891262214240377,61.928344579452066,Medium
Indian,25416,Spice Grill,QSR,West Auckland,1.04,39.34,754,86,3383.24,334,200,134,13139.56,7868.0,5271.56,0.22248507,0.397036981,0.33,5,1.48,198.32,1287.25,663.26,397.16,1807.39,0.13,0.5,0.3,0.2,29662.36,4155.06,0.14007853724383362,57.84455071610973,Medium
Indian,25455,Tandoori Bistro,QSR,West Auckland,1.04,33.18,1424,152,5043.36,636,382,254,21102.48,12674.76,8427.72,0.226081466,0.400874853,0.3,17,5.02,1275.08,1881.39,1541.4,925.81,1868.83,0.12,0.5,0.3,0.2,47248.32,6217.43,0.1315904988791136,59.04225989515517,Medium
Indian,26036,Spice Cafe,Cafe,North Shore,1.03,41.4,911,104,4305.6,404,242,161,16725.6,10018.8,6665.4,0.262190957,0.352809023,0.32,18,5.31,854.91,1657.66,1087.16,651.22,1711.27,0.13,0.5,0.3,0.2,37715.399999999994,5107.3099999999995,0.13541709752514888,55.95852809167492,Medium
Indian,25431,Bombay Diner,Ghost Kitchen,West Auckland,1.04,33.05,834,61,2016.05,386,232,155,12757.3,7667.6,5122.75,0.292501336,0.22238307,0.3,13,3.84,595.2,978.02,2361.58,1419.39,1889.93,0.08,0.5,0.3,0.2,27563.699999999997,6648.92,0.24122015549436399,60.089948465574814,Medium
Indian,26251,Spice Diner,Full-service,South Auckland,1.05,34.09,1788,368,12545.12,710,426,284,24203.9,14522.34,9681.56,0.372125449,0.452208259,0.27,13,3.84,1090.56,2203.75,-2283.24,-1369.95,610.16,0.26,0.5,0.3,0.2,60952.92,-839.2799999999999,-0.013769315727614032,58.87519005132869,Medium
Indian,25974,Tandoori Kitchen,QSR,North Shore,1.03,45.46,1080,132,6000.72,474,284,190,21548.04,12910.64,8637.4,0.210165155,0.434525087,0.29,5,1.48,281.2,2132.11,1407.3,843.19,2787.75,0.14,0.5,0.3,0.2,49096.8,7170.35,0.14604515976601326,61.948959472242315,Medium
Indian,25486,Curry Grill,QSR,West Auckland,1.04,45.23,1420,152,6874.96,634,380,254,28675.82,17187.4,11488.42,0.252873639,0.420534422,0.32,10,2.95,749.3,2245.31,189.03,113.3,3002.73,0.12,0.5,0.3,0.2,64226.6,5550.370000000001,0.0864185555517496,66.3220173533099,High
Indian,25852,Curry Cafe,Full-service,South Auckland,1.05,40.32,1560,360,14515.2,600,360,240,24192.0,14515.2,9676.8,0.397848917,0.458937632,0.29,5,1.48,355.2,2078.77,-3551.06,-2130.64,1030.65,0.3,0.5,0.3,0.2,62899.2,-2572.2799999999997,-0.040895273707773704,60.00167099657362,Medium
Indian,26458,Bombay Diner,Full-service,South Auckland,1.05,41.09,1507,261,10724.49,623,374,249,25599.07,15367.66,10231.41,0.362092504,0.502583477,0.29,11,3.25,809.25,1451.28,-3959.56,-2377.01,575.31,0.21,0.5,0.3,0.2,61922.630000000005,-4309.98,-0.06960266384034398,58.17153930675369,Medium
Indian,26231,Tandoori Corner,QSR,South Auckland,1.05,36.25,865,85,3081.25,390,234,156,14137.5,8482.5,5655.0,0.258963299,0.431064434,0.27,17,5.02,783.12,955.1,565.11,339.06,969.77,0.11,0.5,0.3,0.2,31356.25,2829.04,0.09022252342037074,58.0001454990256,Medium
Indian,25264,Tandoori Tavern,Ghost Kitchen,South Auckland,1.05,43.02,1479,109,4689.18,685,411,274,29468.7,17681.22,11787.48,0.257761831,0.292760215,0.3,13,3.84,1052.16,2107.68,4404.92,2642.95,4246.05,0.08,0.5,0.3,0.2,63626.58,13401.599999999999,0.2106289541257757,78.40866268167981,High
Indian,25910,Spice Corner,QSR,North Shore,1.03,44.07,1006,99,4362.93,454,272,181,20007.78,11987.04,7976.67,0.212639727,0.449994136,0.29,17,5.02,908.62,1471.9,947.69,567.78,1782.44,0.11,0.5,0.3,0.2,44334.42,4769.8099999999995,0.10758706215170966,57.382838564695895,Medium
Indian,25146,Curry Kitchen,QSR,West Auckland,1.04,46.05,985,81,3730.05,452,271,181,20814.6,12479.55,8335.05,0.238531701,0.368960553,0.32,16,4.72,854.32,1464.07,1509.22,904.86,2417.25,0.09,0.5,0.3,0.2,45359.25,6295.4,0.13878977275858836,65.96568191868658,High
Indian,25388,Royal Bistro,QSR,North Shore,1.03,37.15,1762,229,8507.35,766,460,307,28456.9,17089.0,11405.05,0.208670353,0.420481793,0.33,9,2.66,816.62,3154.93,1162.4,698.05,3412.92,0.15,0.5,0.3,0.2,65458.3,8428.3,0.1287583087247912,60.83148801410182,Medium
Indian,25347,Tandoori Bistro,Ghost Kitchen,North Shore,1.03,36.54,561,21,767.34,270,162,108,9865.8,5919.48,3946.32,0.271764403,0.336931061,0.32,8,2.36,254.88,300.26,703.48,422.09,1289.33,0.04,0.5,0.3,0.2,20498.94,2715.16,0.13245367809262332,47.88692437329314,Medium
Indian,25159,Tandoori Eatery,Cafe,CBD,0.99,42.96,552,54,2319.84,249,149,100,10697.04,6401.04,4296.0,0.246224298,0.442269845,0.31,8,2.36,236.0,722.64,16.11,9.64,1102.23,0.11,0.5,0.3,0.2,23713.920000000002,1850.62,0.07803939627020753,29.649187302105638,Low
Indian,26483,Royal Tavern,Full-service,South Auckland,1.05,37.52,672,166,6228.32,253,152,101,9492.56,5703.04,3789.52,0.38740117,0.490091067,0.32,13,3.84,387.84,763.02,-1874.71,-1126.31,76.41,0.33,0.5,0.3,0.2,25213.44,-2161.59,-0.08573165740176669,45.20677018534095,Low
Indian,25013,Tandoori House,Full-service,West Auckland,1.04,36.75,1668,404,14847.0,632,379,253,23226.0,13928.25,9297.75,0.39949264,0.450115239,0.32,7,2.07,523.71,2232.87,-3939.31,-2362.34,874.6,0.32,0.5,0.3,0.2,61299.0,-3194.1800000000003,-0.05210819099822184,52.315237795102234,Medium
Indian,26065,Bombay Grill,QSR,West Auckland,1.04,36.79,1003,123,4525.17,440,264,176,16187.6,9712.56,6475.04,0.253785154,0.41087179,0.3,5,1.48,260.48,1517.48,572.12,343.27,1910.88,0.14,0.5,0.3,0.2,36900.37,4343.75,0.1177156218216782,56.77184403950288,Medium
Indian,25783,Royal Bistro,QSR,CBD,0.99,36.55,524,38,1388.9,243,146,97,8881.65,5336.3,3545.35,0.267490531,0.394776618,0.29,5,1.48,143.56,469.08,423.95,254.72,1053.82,0.08,0.5,0.3,0.2,19152.199999999997,2201.5699999999997,0.11495128496987292,26.326512114909512,Low
Indian,25379,Bombay Tavern,QSR,North Shore,1.03,37.65,921,83,3124.95,419,251,168,15775.35,9450.15,6325.2,0.253263624,0.431794243,0.33,9,2.66,446.88,984.18,-237.54,-142.3,1545.19,0.1,0.5,0.3,0.2,34675.649999999994,2149.5299999999997,0.061989609423327326,47.89361475145794,Medium
Indian,25785,Royal Kitchen,Full-service,CBD,0.99,34.27,1908,484,16586.68,712,427,285,24400.24,14633.29,9766.95,0.361694361,0.468996232,0.28,14,4.13,1177.05,2808.28,-2700.88,-1619.77,476.59,0.34,0.5,0.3,0.2,65387.16,-1035.78,-0.01584072469273784,30.156328046466925,Low
Indian,25178,Spice Kitchen,Cafe,North Shore,1.03,45.43,756,92,4179.56,332,199,133,15082.76,9040.57,6042.19,0.229571696,0.423812526,0.3,7,2.07,275.31,1448.7,703.09,421.43,1819.01,0.14,0.5,0.3,0.2,34345.08,4392.23,0.12788527497970595,57.2824378882419,Medium
Indian,25046,Tandoori Tavern,QSR,North Shore,1.03,36.57,692,57,2084.49,318,190,127,11629.26,6948.3,4644.39,0.277510588,0.448834162,0.27,17,5.02,637.54,570.43,42.51,25.4,633.42,0.09,0.5,0.3,0.2,25306.44,1271.7599999999998,0.050254401646379336,43.75878344533911,Low
Indian,25734,Spice Cafe,Ghost Kitchen,South Auckland,1.05,31.63,801,30,948.9,386,231,154,12209.18,7306.53,4871.02,0.287518795,0.338755868,0.31,15,4.43,682.22,354.63,778.03,465.61,1138.2,0.04,0.5,0.3,0.2,25335.63,2736.4700000000003,0.10800876078471308,54.54924977879927,Medium
Indian,25737,Bombay Bistro,Full-service,North Shore,1.03,42.51,855,207,8799.57,324,194,130,13773.24,8246.94,5526.3,0.350742394,0.507174636,0.27,16,4.72,613.6,1250.27,-1761.83,-1054.92,171.59,0.32,0.5,0.3,0.2,36346.05,-1394.89,-0.03837803557745615,44.6180892096654,Low
Indian,26627,Bombay Diner,Cafe,West Auckland,1.04,38.67,1605,197,7617.99,704,422,282,27223.68,16318.74,10904.94,0.240174185,0.444467673,0.29,9,2.66,750.12,2402.4,690.34,413.81,2688.84,0.14,0.5,0.3,0.2,62065.35,6195.39,0.09982043120678447,63.53385629293202,High
Indian,25494,Spice Cafe,Full-service,CBD,0.99,40.3,589,94,3788.2,248,148,99,9994.4,5964.4,3989.7,0.387295684,0.474368295,0.27,14,4.13,408.87,524.04,-1315.9,-785.3,143.05,0.19,0.5,0.3,0.2,23736.7,-1434.1100000000001,-0.060417412698479576,18.42711331516969,Low
Indian,25738,Tandoori Cafe,Ghost Kitchen,North Shore,1.03,33.48,468,13,435.24,228,136,91,7633.44,4553.28,3046.68,0.287170741,0.205906353,0.3,14,4.13,375.83,220.63,1579.53,942.18,1168.6,0.03,0.5,0.3,0.2,15668.64,3910.9399999999996,0.2496030287248925,52.16358219226726,Medium
Indian,25617,Curry Corner,Ghost Kitchen,West Auckland,1.04,44.07,1630,92,4054.44,769,461,308,33889.83,20316.27,13573.56,0.268505807,0.285368098,0.32,13,3.84,1182.72,1808.79,4274.39,2562.41,4872.8,0.06,0.5,0.3,0.2,71834.1,13518.39,0.18818903556945793,74.39334514570852,High
Indian,25510,Bombay Tavern,Cafe,CBD,0.99,39.72,871,93,3693.96,389,233,156,15451.08,9254.76,6196.32,0.247891917,0.363524467,0.33,18,5.31,828.36,1435.41,905.18,542.18,1579.43,0.12,0.5,0.3,0.2,34596.12,4462.2,0.12897978154775736,33.658104946316456,Low
Indian,25351,Spice Diner,QSR,CBD,0.99,44.18,898,103,4550.54,398,238,159,17583.64,10514.84,7024.62,0.265241026,0.445169587,0.28,13,3.84,610.56,1317.79,168.62,100.83,1423.7,0.13,0.5,0.3,0.2,39673.64,3010.9399999999996,0.07589270860954526,34.20371722868752,Low
Indian,26320,Royal Bistro,QSR,West Auckland,1.04,46.48,1035,102,4740.96,466,280,187,21659.68,13014.4,8691.76,0.202606979,0.350171328,0.3,10,2.95,551.65,2120.26,3188.77,1916.0,3335.49,0.11,0.5,0.3,0.2,48106.8,10560.52,0.21952239600222836,72.29997438405599,High
Indian,25190,Spice Kitchen,Ghost Kitchen,CBD,0.99,31.72,1317,97,3076.84,610,366,244,19349.2,11609.52,7739.68,0.289227395,0.274188047,0.32,4,1.18,287.92,1343.3,2255.82,1353.49,3091.1,0.08,0.5,0.3,0.2,41775.24,8043.709999999999,0.1925473079268964,35.76303697550327,Low
Indian,26000,Spice House,QSR,West Auckland,1.04,36.14,913,105,3794.7,404,242,162,14600.56,8745.88,5854.68,0.279693202,0.444795912,0.3,16,4.72,764.64,1045.48,-357.55,-214.18,848.39,0.13,0.5,0.3,0.2,32995.82,1322.14,0.04006992400855624,50.03428283341997,Medium
Indian,25395,Royal Corner,QSR,South Auckland,1.05,36.46,494,36,1312.56,229,137,92,8349.34,4995.02,3354.32,0.212301541,0.390416412,0.28,9,2.66,244.72,521.46,979.23,585.83,1087.89,0.08,0.5,0.3,0.2,18011.24,3174.41,0.17624605524106055,60.060611538661355,Medium
Indian,25179,Spice Eatery,Ghost Kitchen,CBD,0.99,32.36,581,52,1682.72,264,159,106,8543.04,5145.24,3430.16,0.26177622,0.329872683,0.27,5,1.48,156.88,687.14,1181.94,711.85,1243.83,0.1,0.5,0.3,0.2,18801.16,3824.7599999999998,0.20343212865589144,29.282832773838898,Low
Indian,25585,Bombay Kitchen,Ghost Kitchen,South Auckland,1.05,33.71,1398,91,3067.61,654,392,261,22046.34,13214.32,8798.31,0.267991063,0.260170036,0.28,17,5.02,1310.22,1447.42,4229.35,2535.02,2841.16,0.07,0.5,0.3,0.2,47126.58,11052.95,0.2345374945519068,71.15692499084747,High
Indian,26263,Curry Bistro,QSR,South Auckland,1.05,35.02,492,64,2241.28,214,128,86,7494.28,4482.56,3011.72,0.23640556,0.385563663,0.28,13,3.84,330.24,847.27,734.67,439.43,808.28,0.15,0.5,0.3,0.2,17229.84,2829.65,0.16422961559712684,57.99172210512682,Medium
Indian,25104,Tandoori Bistro,Ghost Kitchen,CBD,0.99,33.09,1289,95,3143.55,597,358,239,19754.73,11846.22,7908.51,0.275514001,0.317750089,0.31,15,4.43,1058.77,1278.59,1910.99,1145.95,2157.91,0.08,0.5,0.3,0.2,42653.01,6493.44,0.15223872828670237,33.93137860951923,Low
Indian,26559,Royal Corner,Cafe,West Auckland,1.04,32.83,1710,155,5088.65,778,466,311,25541.74,15298.78,10210.13,0.276254563,0.418842229,0.28,5,1.48,460.28,1551.55,636.07,380.99,2652.82,0.1,0.5,0.3,0.2,56139.299999999996,5221.43,0.0930084628771645,59.159755988545335,Medium
Indian,25144,Royal Bistro,QSR,CBD,0.99,43.23,1342,154,6657.42,594,356,238,25678.62,15389.88,10288.74,0.262317646,0.390252553,0.3,18,5.31,1263.78,2312.99,1217.93,729.94,2310.83,0.13,0.5,0.3,0.2,58014.659999999996,6571.6900000000005,0.1132763684213611,40.58781785430101,Low
Indian,25509,Spice Eatery,Ghost Kitchen,CBD,0.99,32.7,1197,108,3531.6,544,327,218,17788.8,10692.9,7128.6,0.258724507,0.282528837,0.32,13,3.84,837.12,1620.11,2468.14,1483.6,2433.1,0.1,0.5,0.3,0.2,39141.899999999994,8004.950000000001,0.20451102271478905,36.14581356285409,Low
Indian,25969,Royal Kitchen,Full-service,South Auckland,1.05,37.84,1651,297,11238.48,677,406,271,25617.68,15363.04,10254.64,0.369281713,0.534424779,0.31,5,1.48,401.08,1082.19,-5474.66,-3283.18,586.38,0.22,0.5,0.3,0.2,62473.840000000004,-7089.2699999999995,-0.11347581643772817,53.94054301271878,Medium
Indian,25443,Bombay House,Full-service,West Auckland,1.04,37.55,976,225,8448.75,376,225,150,14118.8,8448.75,5632.5,0.398119427,0.469728321,0.31,4,1.18,177.0,1116.52,-2511.0,-1502.59,567.35,0.3,0.5,0.3,0.2,36648.8,-2329.72,-0.06356879352120669,44.93190631264186,Low
Indian,25648,Spice Tavern,QSR,South Auckland,1.05,32.47,1564,142,4610.74,711,427,284,23086.17,13864.69,9221.48,0.273764951,0.417648242,0.29,18,5.31,1508.04,1422.81,429.1,257.7,1337.59,0.1,0.5,0.3,0.2,50783.08,3447.2,0.0678808768589853,60.61779379612241,Medium
Indian,26376,Curry Cafe,Full-service,West Auckland,1.04,35.13,1410,350,12295.5,530,318,212,18618.9,11171.34,7447.56,0.390234936,0.547415794,0.3,3,0.89,188.68,766.62,-4424.8,-2654.88,275.67,0.33,0.5,0.3,0.2,49533.3,-6037.39,-0.12188547906156061,43.5011423642097,Low
Indian,25527,Spice Grill,Ghost Kitchen,CBD,0.99,29.81,1215,100,2981.0,558,334,223,16633.98,9956.54,6647.63,0.291537892,0.346242104,0.33,9,2.66,593.18,1079.78,535.95,320.8,1814.72,0.09,0.5,0.3,0.2,36219.15,3751.25,0.1035709010288756,27.05209889245117,Low
Indian,25529,Royal Corner,Ghost Kitchen,North Shore,1.03,41.16,803,59,2428.44,372,223,149,15311.52,9178.68,6132.84,0.299616752,0.211486971,0.27,8,2.36,351.64,1187.26,3351.63,2009.18,2646.68,0.08,0.5,0.3,0.2,33051.479999999996,9194.75,0.27819480398457197,64.22838644562027,High
Indian,25653,Bombay Diner,Cafe,West Auckland,1.04,42.85,1307,118,5056.3,594,357,238,25452.9,15297.45,10198.3,0.23681333,0.448022896,0.3,13,3.84,913.92,1593.56,385.96,231.97,2300.21,0.1,0.5,0.3,0.2,56004.95,4511.7,0.08055895059276011,62.68839437438027,Medium
Indian,25249,Royal Bistro,Ghost Kitchen,CBD,0.99,39.39,924,35,1378.65,444,267,178,17489.16,10517.13,7011.42,0.253348798,0.216099489,0.29,8,2.36,420.08,731.45,4207.05,2529.91,3299.84,0.04,0.5,0.3,0.2,36396.36,10768.25,0.29586063001904583,45.172119753760484,Low
Indian,26355,Bombay Tavern,QSR,South Auckland,1.05,41.78,1015,83,3467.74,466,280,186,19469.48,11698.4,7771.08,0.246575073,0.444968266,0.3,9,2.66,494.76,1069.65,164.65,98.93,1902.28,0.09,0.5,0.3,0.2,42406.700000000004,3235.51,0.07629714172524624,63.40091125112637,Medium
Indian,26220,Curry Kitchen,Ghost Kitchen,South Auckland,1.05,35.44,779,44,1559.36,368,220,147,13041.92,7796.8,5209.68,0.281491469,0.24378003,0.31,10,2.95,433.65,740.27,2148.38,1284.36,2039.53,0.06,0.5,0.3,0.2,27607.760000000002,6212.54,0.22502876002978872,65.47497170996644,High
Indian,26343,Bombay Eatery,Cafe,West Auckland,1.04,46.26,1248,113,5227.38,568,340,227,26275.68,15728.4,10501.02,0.229213522,0.383410141,0.32,3,0.89,202.03,2024.96,1770.36,1059.72,3865.82,0.1,0.5,0.3,0.2,57732.479999999996,8720.86,0.15105638974802402,69.74667153224041,High
Indian,25413,Spice Corner,QSR,North Shore,1.03,35.51,1036,85,3018.35,476,285,190,16902.76,10120.35,6746.9,0.270123977,0.398697348,0.29,12,3.54,672.6,999.61,696.03,416.74,1561.83,0.09,0.5,0.3,0.2,36788.36,3674.21,0.09987425370416077,49.8174814150158,Medium
Indian,25241,Spice Cafe,Cafe,West Auckland,1.04,36.05,1082,98,3532.9,492,295,197,17736.6,10634.75,7101.85,0.237527791,0.385684497,0.27,7,2.07,407.79,1331.15,1894.05,1135.66,2268.1,0.1,0.5,0.3,0.2,39006.1,6628.959999999999,0.16994675191828967,60.48627209415242,Medium
Indian,25172,Curry Cafe,QSR,South Auckland,1.05,38.45,736,96,3691.2,320,192,128,12304.0,7382.4,4921.6,0.270904502,0.417298922,0.29,14,4.13,528.64,1150.9,268.19,160.91,1005.9,0.15,0.5,0.3,0.2,28299.199999999997,2585.9,0.09137714140329056,58.60934685173865,Medium
Indian,25658,Royal Corner,QSR,West Auckland,1.04,38.33,1527,163,6247.79,682,409,273,26141.06,15676.97,10464.09,0.258398265,0.434100412,0.33,12,3.54,966.42,1921.2,-588.14,-352.71,2251.3,0.12,0.5,0.3,0.2,58529.91,3231.65,0.0552136505933462,59.41454783794842,Medium
Indian,25498,Bombay Cafe,QSR,West Auckland,1.04,39.69,521,51,2024.19,235,141,94,9327.15,5596.29,3730.86,0.274428323,0.38051969,0.3,16,4.72,443.68,698.45,420.21,252.12,843.66,0.11,0.5,0.3,0.2,20678.49,2214.44,0.10708905727642588,53.46606429128238,Medium
Indian,26307,Royal Bistro,QSR,North Shore,1.03,44.21,1113,128,5658.88,492,296,197,21751.32,13086.16,8709.37,0.230345903,0.364702064,0.28,16,4.72,929.84,2291.57,2717.87,1635.14,2597.04,0.13,0.5,0.3,0.2,49205.73,9241.62,0.1878159311933793,64.03504436937159,High
Indian,25904,Curry House,Cafe,North Shore,1.03,46.2,729,89,4111.8,320,192,128,14784.0,8870.4,5913.6,0.223754715,0.351077149,0.27,10,2.95,377.6,1748.21,2294.01,1376.4,2136.67,0.14,0.5,0.3,0.2,33679.799999999996,7555.290000000001,0.22432704469741513,64.1548749186687,High
Indian,25541,Bombay House,Full-service,West Auckland,1.04,44.89,1880,466,20918.74,707,424,283,31737.23,19033.36,12703.87,0.397120364,0.530960219,0.29,3,0.89,251.87,1504.46,-6921.27,-4150.81,661.78,0.33,0.5,0.3,0.2,84393.2,-8905.84,-0.10552793353018965,57.95506048757989,Medium
Indian,25464,Tandoori House,QSR,CBD,0.99,39.43,1440,118,4652.74,661,397,264,26063.23,15653.71,10409.52,0.232185778,0.361282846,0.33,14,4.13,1090.32,1891.48,1994.65,1198.0,3141.48,0.09,0.5,0.3,0.2,56779.2,8225.61,0.14487012849775976,40.48094084910353,Low
Indian,26189,Bombay Kitchen,Full-service,CBD,0.99,36.38,1533,344,12514.72,594,357,238,21609.72,12987.66,8658.44,0.363130443,0.454105427,0.32,6,1.77,421.26,2287.24,-2965.63,-1782.37,1161.19,0.29,0.5,0.3,0.2,55770.54000000001,-1299.5700000000002,-0.023302087446167814,27.512931782554706,Low
Indian,25531,Bombay Cafe,Ghost Kitchen,CBD,0.99,43.94,542,40,1757.6,251,151,100,11028.94,6634.94,4394.0,0.258991944,0.346677911,0.28,3,0.89,89.0,693.07,1260.94,758.57,1643.69,0.08,0.5,0.3,0.2,23815.48,4356.27,0.18291758133785255,37.44972811654526,Low
Indian,26434,Tandoori House,Full-service,West Auckland,1.04,42.26,1368,299,12635.74,534,321,214,22566.84,13565.46,9043.64,0.398169222,0.503868654,0.29,14,4.13,883.82,1237.82,-4333.69,-2605.08,2.11,0.28,0.5,0.3,0.2,57811.68,-5698.84,-0.09857592790937748,50.76036574721241,Medium
Indian,26356,Tandoori House,Cafe,South Auckland,1.05,34.7,1114,136,4719.2,489,293,196,16968.3,10167.1,6801.2,0.213761024,0.355094676,0.31,4,1.18,231.28,2034.66,2055.61,1231.69,2701.02,0.14,0.5,0.3,0.2,38655.799999999996,8022.980000000001,0.2075491905483783,67.195078360256,High
Indian,26195,Bombay Diner,QSR,West Auckland,1.04,46.48,541,66,3067.68,238,142,95,11062.24,6600.16,4415.6,0.209527669,0.38154412,0.28,9,2.66,252.7,1254.46,1426.23,850.95,1552.96,0.14,0.5,0.3,0.2,25145.68,5084.6,0.2022057069047248,65.92279254354624,High
Indian,25414,Bombay House,Cafe,South Auckland,1.05,42.96,724,71,3050.16,326,196,131,14004.96,8420.16,5627.76,0.267001802,0.434160264,0.29,7,2.07,271.17,911.5,123.77,74.42,1410.62,0.11,0.5,0.3,0.2,31103.04,2520.31,0.08103098603866374,61.66500518022524,Medium
Indian,26316,Tandoori House,QSR,West Auckland,1.04,37.83,920,98,3707.34,411,247,164,15548.13,9344.01,6204.12,0.253348018,0.41972989,0.27,3,0.89,145.96,1212.01,885.03,531.88,1882.3,0.12,0.5,0.3,0.2,34803.600000000006,4511.22,0.1296193497224425,57.59248160753524,Medium
Indian,26521,Spice Bistro,Full-service,CBD,0.99,33.18,684,118,3915.24,283,170,113,9389.94,5640.6,3749.34,0.397654449,0.523492107,0.27,12,3.54,400.02,308.73,-1794.85,-1078.18,-104.37,0.21,0.5,0.3,0.2,22695.12,-2668.67,-0.11758783386031887,9.455165235880179,Low
Indian,26603,Bombay Corner,QSR,CBD,0.99,35.86,510,50,1793.0,230,138,92,8247.8,4948.68,3299.12,0.230855273,0.391676744,0.29,17,5.02,461.84,676.8,721.42,432.85,783.47,0.11,0.5,0.3,0.2,18288.6,2614.54,0.14296009535995102,27.47165347213489,Low
Indian,26117,Royal Kitchen,Cafe,West Auckland,1.04,41.08,829,61,2505.88,384,230,154,15774.72,9448.4,6326.32,0.25747848,0.428336122,0.32,5,1.48,227.92,787.31,-91.72,-54.94,1759.72,0.08,0.5,0.3,0.2,34055.32,2400.37,0.07048443532464237,55.44535864127843,Medium
Indian,26443,Royal Grill,QSR,West Auckland,1.04,41.06,604,74,3038.44,265,159,106,10880.9,6528.54,4352.36,0.242207908,0.40696158,0.29,6,1.77,187.62,1065.98,661.89,397.13,1339.32,0.14,0.5,0.3,0.2,24800.24,3464.3199999999997,0.13968897075189593,57.71539425157243,Medium
Indian,26160,Bombay Eatery,QSR,West Auckland,1.04,33.41,1183,107,3574.87,538,323,215,17974.58,10791.43,7183.15,0.232417965,0.427618042,0.3,11,3.25,698.75,1215.33,718.34,431.27,1743.26,0.1,0.5,0.3,0.2,39524.03,4108.2,0.10394182981846739,54.83585703029523,Medium
Indian,25717,Royal Grill,QSR,South Auckland,1.05,45.7,477,51,2330.7,213,128,85,9734.1,5849.6,3884.5,0.212917431,0.399524377,0.3,16,4.72,401.2,903.28,852.3,512.18,1104.27,0.12,0.5,0.3,0.2,21798.9,3372.0299999999997,0.15468808059122247,66.37668895756772,High
Indian,25232,Bombay Eatery,Cafe,South Auckland,1.05,37.27,1282,137,5105.99,572,344,229,21318.44,12820.88,8534.83,0.205942703,0.38605685,0.27,3,0.89,203.81,2083.25,2941.95,1769.29,3278.4,0.12,0.5,0.3,0.2,47780.14,10072.89,0.2108175070227923,71.39777438819111,High
Indian,25140,Bombay Diner,Cafe,North Shore,1.03,32.52,1553,166,5398.32,694,416,277,22568.88,13528.32,9008.04,0.225263446,0.436142188,0.32,16,4.72,1307.44,1827.84,419.65,251.55,1742.63,0.12,0.5,0.3,0.2,50503.560000000005,4241.67,0.08398754464041742,51.62948579476012,Medium
Indian,26164,Curry Grill,QSR,North Shore,1.03,31.37,873,100,3137.0,386,232,155,12108.82,7277.84,4862.35,0.25966531,0.369944427,0.32,15,4.43,686.65,1161.91,610.17,366.73,1114.32,0.13,0.5,0.3,0.2,27386.010000000002,3253.13,0.11878802352003814,45.81106084078999,Medium
Indian,25925,Curry Eatery,Full-service,South Auckland,1.05,34.14,939,199,6793.86,370,222,148,12631.8,7579.08,5052.72,0.395515156,0.487487743,0.31,14,4.13,611.24,794.86,-2437.97,-1462.78,-20.09,0.27,0.5,0.3,0.2,32057.46,-3125.9799999999996,-0.09751178040930253,44.32277051524308,Low
Indian,26167,Curry Diner,Full-service,CBD,0.99,43.66,579,115,5020.9,232,139,93,10129.12,6068.74,4060.38,0.352826336,0.491792073,0.27,5,1.48,137.64,780.16,-1160.98,-695.59,493.27,0.25,0.5,0.3,0.2,25279.140000000003,-583.1400000000001,-0.02306803158651758,23.726871281210492,Low
Indian,25224,Royal Eatery,Full-service,North Shore,1.03,37.35,495,68,2539.8,214,128,85,7992.9,4780.8,3174.75,0.357295494,0.467094982,0.28,6,1.77,150.45,446.01,-834.38,-499.07,407.07,0.16,0.5,0.3,0.2,18488.25,-480.37000000000006,-0.025982448311765584,37.21734184924532,Low
Indian,25037,Curry Cafe,Full-service,South Auckland,1.05,40.68,745,129,5247.72,308,185,123,12529.44,7525.8,5003.64,0.351571333,0.505617404,0.3,3,0.89,109.47,749.43,-1969.49,-1182.97,605.11,0.21,0.5,0.3,0.2,30306.6,-1797.9199999999996,-0.0593243715890268,50.47312984740447,Medium
Indian,25765,Spice Tavern,Cafe,North Shore,1.03,45.94,940,85,3904.9,428,256,171,19662.32,11760.64,7855.74,0.215756896,0.380736279,0.32,11,3.25,555.75,1575.65,1641.94,982.09,2614.09,0.1,0.5,0.3,0.2,43183.6,6813.77,0.15778605767004142,61.675713877033175,Medium
Indian,25483,Royal Tavern,QSR,West Auckland,1.04,38.27,1247,143,5472.61,552,331,221,21125.04,12667.37,8457.67,0.203215983,0.438703704,0.28,15,4.43,979.03,1959.63,1649.45,989.07,2049.5,0.13,0.5,0.3,0.2,47722.69,6647.65,0.13929747044854343,62.07207269387497,Medium
Indian,26173,Tandoori Tavern,Full-service,West Auckland,1.04,32.17,1292,250,8042.5,521,313,208,16760.57,10069.21,6691.36,0.350175798,0.450551209,0.31,18,5.31,1104.48,1602.65,-1855.85,-1114.93,228.93,0.24,0.5,0.3,0.2,41563.64,-1139.1999999999998,-0.0274085715303087,46.073195786953974,Medium
Indian,25122,Curry Diner,QSR,North Shore,1.03,40.45,738,54,2184.3,342,205,137,13833.9,8292.25,5541.65,0.235941641,0.388585654,0.28,4,1.18,161.66,820.15,1320.76,791.68,1919.08,0.08,0.5,0.3,0.2,29852.1,4851.67,0.1625235745558939,55.142061778336824,Medium
Indian,26618,Bombay Cafe,Cafe,South Auckland,1.05,38.44,1488,110,4228.4,689,413,276,26485.16,15875.72,10609.44,0.268565888,0.377184153,0.27,6,1.77,488.52,1497.91,2231.37,1337.53,3269.87,0.08,0.5,0.3,0.2,57198.72,8336.68,0.1457494153715328,70.19499567402947,High
Indian,26093,Tandoori Eatery,QSR,South Auckland,1.05,33.07,1155,123,4067.61,516,310,206,17064.12,10251.7,6812.42,0.262764567,0.408146005,0.28,16,4.72,972.32,1338.61,837.67,503.25,1269.58,0.12,0.5,0.3,0.2,38195.85,3949.1099999999997,0.10339107520843233,59.210976015959474,Medium
Indian,26217,Royal Diner,Cafe,CBD,0.99,36.58,1568,180,6584.4,694,416,278,25386.52,15217.28,10169.24,0.264601591,0.371882021,0.32,18,5.31,1476.18,2393.54,1104.73,662.2,2220.51,0.13,0.5,0.3,0.2,57357.439999999995,6380.9800000000005,0.11124938630454917,37.11566467856473,Low
Indian,26379,Curry Grill,QSR,CBD,0.99,31.34,993,73,2287.82,460,276,184,14416.4,8649.84,5766.56,0.245203241,0.415356773,0.32,4,1.18,217.12,776.58,280.25,168.15,1740.28,0.08,0.5,0.3,0.2,31120.620000000003,2965.26,0.09528280606234708,25.468096282604748,Low
Indian,26339,Bombay Bistro,Full-service,North Shore,1.03,34.39,1525,243,8356.77,641,385,256,22043.99,13240.15,8803.84,0.387624009,0.504016867,0.29,12,3.54,906.24,905.53,-4004.09,-2404.95,47.74,0.19,0.5,0.3,0.2,52444.75,-5455.77,-0.10402890661124327,40.28032505462497,Low
Indian,25654,Tandoori Diner,Cafe,West Auckland,1.04,31.99,1068,97,3103.03,486,291,194,15547.14,9309.09,6206.06,0.237178953,0.356937469,0.29,7,2.07,401.58,1259.47,1801.66,1078.77,2117.36,0.1,0.5,0.3,0.2,34165.32,6257.26,0.1831465357268716,57.73557417688717,Medium
Indian,26504,Curry Eatery,QSR,North Shore,1.03,36.31,577,57,2069.67,260,156,104,9440.6,5664.36,3776.24,0.216596446,0.411461372,0.31,9,2.66,276.64,769.8,584.77,350.86,1127.9,0.11,0.5,0.3,0.2,20950.870000000003,2833.33,0.1352368660585455,48.04531648280303,Medium
Indian,25129,Curry Grill,QSR,CBD,0.99,38.31,1141,94,3601.14,524,314,209,20074.44,12029.34,8006.79,0.243215437,0.364218129,0.31,12,3.54,739.86,1413.69,1657.47,993.22,2403.34,0.09,0.5,0.3,0.2,43711.71,6467.72,0.1479630973027594,36.5719290267017,Low
Indian,25576,Royal Eatery,Full-service,South Auckland,1.05,32.82,972,162,5316.84,405,243,162,13292.1,7975.26,5316.84,0.365593245,0.46678978,0.31,5,1.48,239.76,891.19,-1892.57,-1135.54,651.43,0.2,0.5,0.3,0.2,31901.040000000005,-1485.4900000000002,-0.046565566514445926,46.96657920372268,Medium
Indian,25940,Tandoori Tavern,QSR,North Shore,1.03,35.57,1250,92,3272.44,579,347,232,20595.03,12342.79,8252.24,0.207861272,0.442930857,0.31,13,3.84,890.88,1142.76,807.49,483.93,1990.87,0.08,0.5,0.3,0.2,44462.49999999999,4425.049999999999,0.09952319370255834,52.102828365885955,Medium
Indian,26587,Royal Tavern,Full-service,CBD,0.99,37.81,1420,344,13006.64,538,323,215,20341.78,12212.63,8129.15,0.365858717,0.458587171,0.32,8,2.36,507.4,2283.37,-2938.29,-1764.06,919.71,0.32,0.5,0.3,0.2,53690.2,-1499.27,-0.02792446293737032,27.239580917278538,Low
Indian,25497,Tandoori Bistro,QSR,West Auckland,1.04,43.04,502,49,2108.96,226,136,91,9727.04,5853.44,3916.64,0.253577317,0.416559277,0.28,15,4.43,403.13,695.67,485.02,291.87,888.83,0.11,0.5,0.3,0.2,21606.079999999998,2361.39,0.10929284719856633,56.29536633364758,Medium
Indian,25619,Spice Bistro,Ghost Kitchen,North Shore,1.03,37.79,1134,74,2796.46,530,318,212,20028.7,12017.22,8011.48,0.280480351,0.240378315,0.3,4,1.18,250.16,1339.9,3587.97,2152.78,3588.47,0.07,0.5,0.3,0.2,42853.86,10669.119999999999,0.2489652040679649,62.85293906133545,Medium
Indian,25702,Tandoori Grill,QSR,North Shore,1.03,41.99,658,54,2267.46,302,181,121,12680.98,7600.19,5080.79,0.243614953,0.354848248,0.31,11,3.25,393.25,910.47,1160.78,695.7,1646.87,0.09,0.5,0.3,0.2,27629.42,4413.82,0.15975072947604402,55.435980920061546,Medium
Indian,25621,Royal Tavern,Ghost Kitchen,West Auckland,1.04,43.04,494,14,602.56,240,144,96,10329.6,6197.76,4131.84,0.25589459,0.205308423,0.31,17,5.02,481.92,324.66,2363.38,1418.03,1744.3,0.03,0.5,0.3,0.2,21261.76,5850.37,0.2751592530439625,67.38143275199606,High
Indian,26229,Bombay Corner,Full-service,CBD,0.99,41.17,1023,259,10663.03,382,229,153,15726.94,9427.93,6299.01,0.384577803,0.502161128,0.3,10,2.95,451.35,1207.71,-2936.83,-1760.56,262.08,0.34,0.5,0.3,0.2,42116.91,-3227.6,-0.07663430199413963,22.661308048169854,Low
Indian,26351,Bombay Kitchen,QSR,CBD,0.99,42.78,655,75,3208.5,290,174,116,12406.2,7443.72,4962.48,0.230082015,0.373872275,0.32,15,4.43,513.88,1270.71,943.44,566.06,1451.49,0.13,0.5,0.3,0.2,28020.9,4231.7,0.15101941764896915,35.49578807811366,Low
Indian,26109,Royal House,Ghost Kitchen,West Auckland,1.04,45.81,1247,113,5176.53,567,340,227,25974.27,15575.4,10398.87,0.288132431,0.215756261,0.33,5,1.48,335.96,2568.14,4314.62,2587.25,4823.04,0.1,0.5,0.3,0.2,57125.07,14293.05,0.25020625795294427,76.02643809544469,High
Indian,25261,Royal Diner,Ghost Kitchen,South Auckland,1.05,32.48,1288,84,2728.32,602,361,241,19552.96,11725.28,7827.68,0.268672183,0.2124843,0.29,7,2.07,498.87,1415.57,4474.57,2683.25,3562.47,0.07,0.5,0.3,0.2,41834.24,12135.859999999999,0.29009395174861546,72.68018499764857,High
Indian,26395,Royal Diner,Cafe,North Shore,1.03,45.44,816,60,2726.4,378,227,151,17176.32,10314.88,6861.44,0.275416015,0.420734175,0.29,3,0.89,134.39,828.42,237.89,142.86,1950.46,0.08,0.5,0.3,0.2,37079.04,3159.63,0.08521337121996686,55.0501641448684,Medium
Indian,25020,Bombay Corner,Ghost Kitchen,South Auckland,1.05,44.46,1142,94,4179.24,524,314,210,23297.04,13960.44,9336.6,0.297281107,0.284388804,0.27,12,3.54,743.4,1748.3,3455.65,2070.75,3162.38,0.09,0.5,0.3,0.2,50773.32,10437.08,0.20556229137665213,75.75112252396845,High
Indian,25630,Royal Corner,QSR,CBD,0.99,42.28,648,79,3340.12,284,171,114,12007.52,7229.88,4819.92,0.218464628,0.426658636,0.27,16,4.72,538.08,1185.33,1019.16,613.65,1172.4,0.14,0.5,0.3,0.2,27397.440000000002,3990.54,0.1456537545113704,34.63054608863029,Low
Indian,25750,Curry House,Ghost Kitchen,CBD,0.99,40.14,449,21,842.94,214,128,86,8589.96,5137.92,3452.04,0.291667739,0.302083383,0.29,3,0.89,76.54,342.44,998.57,597.28,1325.85,0.05,0.5,0.3,0.2,18022.86,3264.14,0.1811111000140932,33.07870737294044,Low
Indian,25592,Bombay Corner,QSR,North Shore,1.03,40.42,921,76,3071.92,422,254,169,17057.24,10266.68,6830.98,0.208839476,0.363626536,0.32,17,5.02,848.38,1313.35,1834.23,1104.02,2072.1,0.09,0.5,0.3,0.2,37226.82000000001,6323.700000000001,0.169869465079209,57.54135580854622,Medium
Indian,26159,Royal Corner,Cafe,North Shore,1.03,42.43,1620,160,6788.8,730,438,292,30973.9,18584.34,12389.56,0.264138979,0.383973316,0.28,3,0.89,259.88,2388.9,2226.64,1335.99,4099.85,0.11,0.5,0.3,0.2,68736.6,10051.380000000001,0.14623039254196454,65.0515587262273,High
Indian,25187,Curry Kitchen,QSR,West Auckland,1.04,32.01,685,56,1792.56,314,189,126,10051.14,6049.89,4033.26,0.22875463,0.402184823,0.32,13,3.84,483.84,661.56,493.11,296.81,1004.68,0.09,0.5,0.3,0.2,21926.85,2456.16,0.11201608986242895,48.92233391103336,Medium
Indian,26523,Bombay Eatery,Full-service,West Auckland,1.04,43.64,1104,191,8335.24,456,274,183,19899.84,11957.36,7986.12,0.390994754,0.491138988,0.3,7,2.07,378.81,982.44,-3624.43,-2177.84,562.48,0.21,0.5,0.3,0.2,48178.560000000005,-4257.35,-0.08836606988668819,49.850076286996355,Medium
Indian,25513,Bombay Diner,Full-service,West Auckland,1.04,44.1,1397,288,12700.8,554,333,222,24431.4,14685.3,9790.2,0.378183439,0.486664457,0.28,17,5.02,1114.44,1716.54,-3538.84,-2127.13,208.73,0.26,0.5,0.3,0.2,61607.7,-3740.7000000000003,-0.06071805959320021,55.198421295964515,Medium
Indian,25150,Bombay Kitchen,Full-service,South Auckland,1.05,43.05,979,163,7017.15,408,245,163,17564.4,10547.25,7017.15,0.350764955,0.54054979,0.3,11,3.25,529.75,762.66,-3360.33,-2017.84,232.91,0.2,0.5,0.3,0.2,42145.950000000004,-4382.6,-0.10398626677059124,51.97209750587983,Medium
Indian,25393,Tandoori Kitchen,Full-service,West Auckland,1.04,42.79,1725,263,11253.77,731,439,292,31279.49,18784.81,12494.68,0.38393544,0.53741562,0.31,3,0.89,259.88,885.1,-7236.54,-4345.89,722.81,0.18,0.5,0.3,0.2,73812.75,-9974.52,-0.1351327514555412,52.52007787118744,Medium
Indian,25072,Bombay Tavern,Full-service,CBD,0.99,30.05,1568,380,11419.0,594,356,238,17849.7,10697.8,7151.9,0.367287769,0.468091828,0.32,12,3.54,842.52,1879.8,-2773.48,-1662.22,334.83,0.32,0.5,0.3,0.2,47118.4,-2221.07,-0.04713806071513464,20.83248965809833,Low
Indian,25760,Royal Tavern,QSR,South Auckland,1.05,36.97,1027,76,2809.72,476,285,190,17597.72,10536.45,7024.3,0.279037443,0.351388503,0.32,6,1.77,336.3,1038.4,872.39,522.33,2259.7,0.08,0.5,0.3,0.2,37968.19,4692.82,0.12359872830387753,62.57602935396675,Medium
Indian,26045,Tandoori Eatery,QSR,North Shore,1.03,45.09,836,96,4328.64,370,222,148,16683.3,10009.98,6673.32,0.224925593,0.394521895,0.28,4,1.18,174.64,1647.27,1677.55,1006.53,2364.91,0.13,0.5,0.3,0.2,37695.24,6696.259999999999,0.1776420577239991,61.18481353330423,Medium
Indian,25155,Royal Kitchen,QSR,West Auckland,1.04,38.16,1293,117,4464.72,588,353,235,22438.08,13470.48,8967.6,0.272497455,0.418535947,0.3,5,1.48,347.8,1379.45,201.19,120.78,2422.89,0.1,0.5,0.3,0.2,49340.88,4124.3099999999995,0.08358809165949209,58.71088559408841,Medium
Indian,25160,Curry Bistro,QSR,South Auckland,1.05,32.32,1615,173,5591.36,721,433,288,23302.72,13994.56,9308.16,0.246366347,0.39404578,0.3,16,4.72,1359.36,2010.59,1388.56,833.91,1987.74,0.12,0.5,0.3,0.2,52196.8,6220.799999999999,0.11917971982956807,64.48153143274867,High
Indian,26128,Curry Cafe,Cafe,South Auckland,1.05,41.0,904,74,3034.0,415,249,166,17015.0,10209.0,6806.0,0.270414457,0.400200274,0.28,18,5.31,881.46,999.35,840.29,504.17,1360.34,0.09,0.5,0.3,0.2,37064.0,3704.1499999999996,0.09993929419382688,63.151360244397715,Medium
Indian,25967,Tandoori Cafe,Cafe,CBD,0.99,44.01,787,71,3124.71,358,215,143,15755.58,9462.15,6293.43,0.258653102,0.417162339,0.3,16,4.72,674.96,1012.98,381.04,228.84,1365.27,0.1,0.5,0.3,0.2,34635.87,2988.13,0.08627269937206716,33.58566739280441,Low
Indian,25200,Royal Cafe,Cafe,West Auckland,1.04,36.33,807,59,2143.47,374,224,150,13587.42,8137.92,5449.5,0.244643699,0.411526006,0.29,10,2.95,442.5,736.99,731.41,438.07,1431.2,0.08,0.5,0.3,0.2,29318.309999999998,3337.67,0.11384251002189417,54.047852336765025,Medium
Indian,25564,Spice Diner,QSR,North Shore,1.03,41.64,689,56,2331.84,316,190,127,13158.24,7911.6,5288.28,0.278555666,0.383809678,0.3,6,1.77,224.79,787.31,495.21,297.75,1560.72,0.09,0.5,0.3,0.2,28689.96,3140.99,0.10948045936627307,52.07644667967526,Medium
Indian,25282,Royal Grill,QSR,South Auckland,1.05,36.32,842,90,3268.8,376,226,150,13656.32,8208.32,5448.0,0.22573099,0.443835201,0.28,5,1.48,222.0,1080.12,688.74,413.98,1578.2,0.12,0.5,0.3,0.2,30581.44,3761.04,0.12298439838019401,60.02412020673806,Medium
Indian,25324,Tandoori Grill,Full-service,South Auckland,1.05,41.93,1195,246,10314.78,474,285,190,19874.82,11950.05,7966.7,0.350176775,0.478179407,0.33,16,4.72,896.8,1770.47,-3147.3,-1892.36,470.63,0.26,0.5,0.3,0.2,50106.34999999999,-2798.56,-0.05585240194107135,56.528903564549296,Medium
Indian,26497,Royal Corner,Ghost Kitchen,West Auckland,1.04,34.9,1575,60,2094.0,758,454,303,26454.2,15844.6,10574.7,0.268563217,0.31787555,0.33,4,1.18,357.54,866.0,2210.55,1323.99,4015.75,0.04,0.5,0.3,0.2,54967.5,8416.29,0.15311393095920317,63.56396378338205,High
Indian,26215,Royal Corner,QSR,West Auckland,1.04,46.53,1575,168,7817.04,704,422,281,32757.12,19635.66,13074.93,0.255600685,0.415959275,0.31,16,4.72,1326.32,2567.43,604.04,362.08,2968.01,0.12,0.5,0.3,0.2,73284.75,6501.5599999999995,0.08871641098591453,69.22990930509549,High
Indian,25933,Royal Corner,Full-service,North Shore,1.03,40.29,1196,283,11402.07,456,274,183,18372.24,11039.46,7373.07,0.365806858,0.464370709,0.31,12,3.54,647.82,1936.33,-2575.38,-1547.48,604.29,0.31,0.5,0.3,0.2,48186.840000000004,-1582.2400000000002,-0.03283552106757779,46.678998658108235,Medium
Indian,26136,Bombay Grill,Full-service,North Shore,1.03,36.46,965,239,8713.94,363,218,145,13234.98,7948.28,5286.7,0.378225913,0.538635544,0.32,12,3.54,513.3,724.46,-3134.86,-1882.64,-73.77,0.33,0.5,0.3,0.2,35183.899999999994,-4366.81,-0.12411387026452443,34.800898111532696,Low
Indian,25855,Curry Cafe,Cafe,South Auckland,1.05,34.09,1151,95,3238.55,528,317,211,17999.52,10806.53,7192.99,0.247257539,0.430130948,0.31,3,0.89,187.79,1044.79,227.0,136.29,2132.75,0.09,0.5,0.3,0.2,39237.59,3540.83,0.09024076147388257,59.16045323268987,Medium
Indian,26341,Spice Kitchen,QSR,North Shore,1.03,39.46,1363,123,4853.58,620,372,248,24465.2,14679.12,9786.08,0.236265187,0.449874488,0.31,13,3.84,952.32,1523.35,94.44,56.67,2119.14,0.1,0.5,0.3,0.2,53783.98,3793.6,0.07053401403168749,54.6882603421086,Medium
Indian,26382,Curry Eatery,Cafe,North Shore,1.03,33.31,485,40,1332.4,222,134,89,7394.82,4463.54,2964.59,0.25160961,0.428149643,0.3,9,2.66,236.74,426.69,149.68,90.35,712.64,0.09,0.5,0.3,0.2,16155.349999999999,1379.3600000000001,0.08538100381607333,41.13697952001692,Low
Indian,26585,Curry Eatery,Full-service,West Auckland,1.04,37.19,724,149,5541.31,288,172,115,10710.72,6396.68,4276.85,0.355482003,0.474432263,0.28,3,0.89,102.35,942.5,-1177.26,-703.09,625.08,0.26,0.5,0.3,0.2,26925.559999999998,-312.77,-0.011616100092254349,45.4628564261742,Low
Indian,25495,Bombay Grill,QSR,CBD,0.99,35.13,1500,184,6463.92,658,395,263,23115.54,13876.35,9239.19,0.253726598,0.393319323,0.32,3,0.89,234.07,2281.47,761.75,457.28,3026.94,0.14,0.5,0.3,0.2,52695.0,6527.4400000000005,0.12387209412657749,36.00132214388582,Low
Indian,26021,Bombay Kitchen,Cafe,CBD,0.99,39.89,1474,121,4826.69,676,406,271,26965.64,16195.34,10810.19,0.217689579,0.424683736,0.32,7,2.07,560.97,1726.15,1014.63,609.38,3305.04,0.09,0.5,0.3,0.2,58797.86,6655.200000000001,0.11318779288906095,39.10155127942566,Low
Indian,26628,Curry Grill,QSR,North Shore,1.03,38.74,1300,96,3719.04,602,361,241,23321.48,13985.14,9336.34,0.216772769,0.414154489,0.3,14,4.13,995.33,1372.6,1610.88,965.99,2450.46,0.08,0.5,0.3,0.2,50362.0,6399.93,0.12707855128867004,57.21249106150164,Medium
Indian,26266,Royal Bistro,QSR,North Shore,1.03,40.33,674,61,2460.13,306,184,123,12340.98,7420.72,4960.59,0.215120532,0.359738412,0.29,3,0.89,109.47,1045.9,1667.77,1002.84,1999.48,0.1,0.5,0.3,0.2,27182.420000000002,5715.99,0.21028260176982033,57.58012923284021,Medium
Indian,26469,Tandoori Bistro,Cafe,West Auckland,1.04,34.65,721,77,2668.05,322,193,129,11157.3,6687.45,4469.85,0.206152601,0.364671458,0.32,11,3.25,419.25,1145.06,1218.11,730.11,1499.1,0.12,0.5,0.3,0.2,24982.65,4592.38,0.1838227730044651,56.40862260028633,Medium
Indian,26429,Curry House,Ghost Kitchen,West Auckland,1.04,41.83,894,50,2091.5,422,253,169,17652.26,10582.99,7069.27,0.275768244,0.20157713,0.28,8,2.36,398.84,1093.13,4283.4,2568.01,3295.95,0.06,0.5,0.3,0.2,37396.020000000004,11240.49,0.3005798478019853,72.27210879645135,High
Indian,26390,Spice Corner,QSR,West Auckland,1.04,40.26,765,81,3261.06,342,205,137,13768.92,8253.3,5515.62,0.222713767,0.396285374,0.32,15,4.43,606.91,1242.47,839.92,503.46,1494.55,0.12,0.5,0.3,0.2,30798.899999999998,4080.3999999999996,0.13248525109663006,58.24049071037823,Medium
Indian,25299,Tandoori Diner,QSR,South Auckland,1.05,40.89,1004,99,4048.11,452,272,181,18482.28,11122.08,7401.09,0.207066531,0.369789207,0.29,8,2.36,427.16,1712.93,2460.81,1480.84,2704.57,0.11,0.5,0.3,0.2,41053.56,8359.15,0.203615715665097,71.09380452713032,High
Indian,26392,Curry Tavern,Full-service,North Shore,1.03,36.06,1655,287,10349.22,684,410,274,24665.04,14784.6,9880.44,0.369987202,0.495347938,0.28,17,5.02,1375.48,1393.68,-3584.7,-2148.72,-44.93,0.21,0.5,0.3,0.2,59679.3,-4384.67,-0.07347053333400358,45.14597336992561,Low
Indian,26393,Bombay Cafe,Cafe,South Auckland,1.05,36.79,1378,169,6217.51,604,363,242,22221.16,13354.77,8903.18,0.245227573,0.426755411,0.28,3,0.89,215.38,2039.45,1066.99,641.26,2705.01,0.14,0.5,0.3,0.2,50696.62,6452.71,0.1272808719792365,66.37172248084492,High
Indian,25505,Tandoori Cafe,Cafe,South Auckland,1.05,33.54,553,45,1509.3,254,152,102,8519.16,5098.08,3421.08,0.265613157,0.383903539,0.33,16,4.72,481.44,528.98,174.5,104.43,717.59,0.09,0.5,0.3,0.2,18547.62,1525.5,0.08224774930691917,51.84108774545343,Medium
Indian,25788,Bombay Grill,QSR,North Shore,1.03,33.36,892,116,3869.76,388,233,155,12943.68,7772.88,5170.8,0.22036062,0.366872823,0.29,16,4.72,731.6,1597.31,1589.05,954.25,1402.73,0.15,0.5,0.3,0.2,29757.120000000003,5543.34,0.1862861728554376,52.2688020786009,Medium
Indian,25830,Bombay Tavern,Full-service,West Auckland,1.04,36.26,786,176,6381.76,305,183,122,11059.3,6635.58,4423.72,0.398135793,0.490069182,0.28,16,4.72,575.84,713.45,-1860.23,-1116.14,-81.29,0.29,0.5,0.3,0.2,28500.36,-2344.21,-0.08225194348422266,40.55993137609787,Low
Indian,25307,Tandoori Diner,QSR,CBD,0.99,37.74,1314,130,4906.2,592,355,237,22342.08,13397.7,8944.38,0.211934431,0.35594893,0.31,10,2.95,699.15,2120.05,2728.34,1636.08,3165.87,0.11,0.5,0.3,0.2,49590.36,9650.34,0.19460112812248187,41.04746046796297,Low
Indian,25387,Curry Eatery,QSR,South Auckland,1.05,34.07,650,79,2691.53,286,171,114,9744.02,5825.97,3883.98,0.25822287,0.372453051,0.27,4,1.18,134.52,994.05,967.82,578.66,1299.93,0.14,0.5,0.3,0.2,22145.5,3840.46,0.17341943058409157,59.46019976225022,Medium
Indian,26480,Tandoori House,Full-service,CBD,0.99,35.53,1404,224,7958.72,590,354,236,20962.7,12577.62,8385.08,0.35080459,0.5199095,0.29,15,4.43,1045.48,1028.95,-3369.0,-2021.4,38.59,0.19,0.5,0.3,0.2,49884.12,-4322.860000000001,-0.08665803867042259,21.154318443628124,Low
Indian,25956,Curry Kitchen,Ghost Kitchen,North Shore,1.03,43.78,687,32,1400.96,328,196,131,14359.84,8580.88,5735.18,0.294028268,0.297554704,0.32,15,4.43,580.33,572.18,1269.65,758.7,1762.02,0.05,0.5,0.3,0.2,30076.86,4362.549999999999,0.1450467236273999,56.29119494923689,Medium
Indian,26238,Tandoori Grill,Full-service,West Auckland,1.04,34.76,855,202,7021.52,326,196,131,11331.76,6812.96,4553.56,0.354687712,0.53297746,0.32,6,1.77,231.87,788.76,-2353.21,-1414.81,279.65,0.31,0.5,0.3,0.2,29719.8,-2699.61,-0.09083540266085237,39.41957941182769,Low
Indian,25068,Royal Bistro,Full-service,CBD,0.99,31.5,1811,326,10269.0,742,446,297,23373.0,14049.0,9355.5,0.374791725,0.466369308,0.29,4,1.18,350.46,1631.12,-3065.63,-1842.68,1135.56,0.22,0.5,0.3,0.2,57046.5,-2141.6300000000006,-0.03754182991068691,25.289182489238144,Low
Indian,25189,Spice Cafe,Ghost Kitchen,South Auckland,1.05,37.8,1432,41,1549.8,696,417,278,26308.8,15762.6,10508.4,0.252295297,0.309719777,0.33,8,2.36,656.08,678.79,2840.95,1702.12,3946.44,0.03,0.5,0.3,0.2,54129.6,9168.3,0.16937682894386805,70.64503368061288,High
Indian,25312,Curry House,Cafe,CBD,0.99,41.94,1570,168,7045.92,701,421,280,29399.94,17656.74,11743.2,0.204454137,0.366188482,0.3,16,4.72,1321.6,3025.22,3803.1,2284.03,3720.43,0.12,0.5,0.3,0.2,65845.8,12832.78,0.1948913977808759,47.37981625776958,Medium
Indian,25556,Spice Cafe,Cafe,CBD,0.99,37.68,919,83,3127.44,418,251,167,15750.24,9457.68,6292.56,0.278962977,0.44875986,0.3,11,3.25,542.75,851.53,-436.64,-262.19,1170.57,0.1,0.5,0.3,0.2,34627.92,1323.27,0.03821396145075997,26.29712342768836,Low
Indian,25557,Bombay Corner,Full-service,North Shore,1.03,44.39,1425,369,16379.91,528,317,211,23437.92,14071.63,9366.29,0.374002317,0.462979785,0.3,3,0.89,187.79,2670.22,-3210.58,-1927.56,1339.08,0.35,0.5,0.3,0.2,63255.75,-1128.8400000000001,-0.017845650395418602,53.63049586259956,Medium
Indian,25275,Curry Cafe,Full-service,West Auckland,1.04,40.5,1419,206,8343.0,606,364,243,24543.0,14742.0,9841.5,0.361040137,0.463562855,0.31,12,3.54,860.22,1463.34,-3303.56,-1984.32,865.95,0.17,0.5,0.3,0.2,57469.5,-2958.59,-0.051481046468126575,52.956235287962095,Medium
Indian,25438,Tandoori Corner,Cafe,North Shore,1.03,37.51,761,56,2100.56,352,212,141,13203.52,7952.12,5288.91,0.211977686,0.370079565,0.3,4,1.18,166.38,877.91,1557.26,937.89,2044.08,0.08,0.5,0.3,0.2,28545.11,5417.139999999999,0.1897747109750146,54.69126568952093,Medium
Indian,25802,Tandoori Tavern,Cafe,North Shore,1.03,38.72,930,114,4414.08,408,245,163,15797.76,9486.4,6311.36,0.223570774,0.427239268,0.32,18,5.31,865.53,1541.35,461.14,276.91,1338.33,0.14,0.5,0.3,0.2,36009.6,3617.7299999999996,0.1004657091442282,51.5000646643353,Medium
Indian,25076,Royal Eatery,QSR,CBD,0.99,34.16,1389,114,3894.24,638,382,255,21794.08,13049.12,8710.8,0.251128022,0.394247444,0.3,10,2.95,752.25,1380.99,1190.49,712.8,2336.81,0.09,0.5,0.3,0.2,47448.240000000005,5621.09,0.11846782936521986,33.63219095304171,Low
Indian,25522,Tandoori Grill,Cafe,West Auckland,1.04,43.9,883,108,4741.2,388,232,155,17033.2,10184.8,6804.5,0.251194011,0.351942594,0.27,10,2.95,457.25,1881.61,2160.89,1292.08,2243.21,0.14,0.5,0.3,0.2,38763.7,7577.79,0.195486756940127,66.85885574530784,High
Indian,26694,Spice Tavern,Ghost Kitchen,CBD,0.99,36.2,1373,89,3221.8,642,385,257,23240.4,13937.0,9303.4,0.284615032,0.261543587,0.31,6,1.77,454.89,1462.19,3342.93,2004.72,3767.38,0.07,0.5,0.3,0.2,49702.6,10577.220000000001,0.21281019504009854,41.57159158992859,Low
Indian,25361,Bombay Corner,QSR,North Shore,1.03,42.27,1565,167,7059.09,699,419,280,29546.73,17711.13,11835.6,0.253019167,0.449210283,0.3,15,4.43,1240.4,2101.99,-65.87,-39.49,2283.89,0.12,0.5,0.3,0.2,66152.55,4280.5199999999995,0.06470680268561074,58.84347990340346,Medium
Indian,25686,Spice Tavern,Cafe,West Auckland,1.04,37.66,510,46,1732.36,232,139,93,8737.12,5234.74,3502.38,0.200643323,0.435225072,0.29,15,4.43,411.99,630.81,647.7,388.06,863.34,0.1,0.5,0.3,0.2,19206.600000000002,2529.91,0.13172086678537584,53.26290046266371,Medium
Indian,25363,Curry Grill,Ghost Kitchen,West Auckland,1.04,36.03,1494,110,3963.3,692,415,277,24932.76,14952.45,9980.31,0.288230658,0.203706221,0.31,10,2.95,817.15,2013.61,4938.26,2961.53,4253.48,0.08,0.5,0.3,0.2,53828.81999999999,14166.88,0.26318392266447604,71.09422111085054,High
Indian,25688,Curry Eatery,QSR,West Auckland,1.04,31.25,503,49,1531.25,227,136,91,7093.75,4250.0,2843.75,0.230203204,0.41170765,0.31,18,5.31,483.21,548.32,341.13,204.38,535.11,0.11,0.5,0.3,0.2,15718.75,1628.94,0.10363037773359841,45.784088003099264,Low
Indian,26620,Royal Cafe,QSR,West Auckland,1.04,31.34,644,53,1661.02,296,177,118,9276.64,5547.18,3698.12,0.220129708,0.444765468,0.32,5,1.48,174.64,556.62,140.12,83.79,1064.62,0.09,0.5,0.3,0.2,20182.96,1845.1499999999999,0.09142117905401388,46.526596186916606,Medium
Indian,25042,Bombay Diner,Cafe,North Shore,1.03,40.89,1486,182,7441.98,652,391,261,26660.28,15987.99,10672.29,0.264747702,0.412279211,0.31,5,1.48,386.28,2403.56,345.87,207.41,3060.58,0.14,0.5,0.3,0.2,60762.53999999999,6017.42,0.09903173896285443,59.13487035884501,Medium
Indian,26177,Curry Kitchen,Full-service,South Auckland,1.05,40.9,1695,246,10061.4,724,435,290,29611.6,17791.5,11861.0,0.350753173,0.517579286,0.32,15,4.43,1284.7,1324.76,-5576.83,-3350.72,277.01,0.17,0.5,0.3,0.2,69325.5,-7325.779999999999,-0.10567222739107542,57.56210001132745,Medium
Indian,25652,Spice Corner,Ghost Kitchen,West Auckland,1.04,45.92,756,49,2250.08,354,212,141,16255.68,9735.04,6474.72,0.268270265,0.274301107,0.32,3,0.89,125.49,1029.25,2234.0,1337.87,2836.23,0.07,0.5,0.3,0.2,34715.520000000004,7437.35,0.21423703288903637,68.51933647076261,High
Indian,26381,Royal Corner,Cafe,South Auckland,1.05,37.89,1398,103,3902.67,648,388,259,24552.72,14701.32,9813.51,0.246869682,0.438132131,0.31,5,1.48,383.32,1229.33,122.72,73.48,2707.92,0.08,0.5,0.3,0.2,52970.22,4133.45,0.07803346861689454,64.21217359310354,High
Indian,26301,Royal Corner,QSR,North Shore,1.03,38.12,942,115,4383.8,414,248,165,15781.68,9453.76,6289.8,0.268955821,0.372937139,0.31,8,2.36,389.4,1569.87,759.21,454.79,1863.02,0.14,0.5,0.3,0.2,35909.04,4646.889999999999,0.12940724675457765,53.0596914171199,Medium
Indian,25655,Curry Corner,Full-service,West Auckland,1.04,40.72,994,179,7288.88,408,244,163,16613.76,9935.68,6637.36,0.388945355,0.505592896,0.31,11,3.25,529.75,768.7,-3398.15,-2032.23,170.24,0.22,0.5,0.3,0.2,40475.68,-4491.4400000000005,-0.11096638771726629,44.65622770923461,Low
Indian,25777,Bombay Grill,Cafe,West Auckland,1.04,33.33,1588,157,5232.81,716,429,286,23864.28,14298.57,9532.38,0.230246923,0.388176343,0.28,6,1.77,506.22,1996.72,2424.06,1452.4,3131.11,0.11,0.5,0.3,0.2,52928.04,9004.29,0.17012324658158512,63.49626152171619,Medium
Indian,25090,Curry Diner,QSR,West Auckland,1.04,43.56,927,113,4922.28,407,244,163,17728.92,10628.64,7100.28,0.20560058,0.412046377,0.32,5,1.48,241.24,1882.05,1105.45,662.73,2473.57,0.14,0.5,0.3,0.2,40380.119999999995,6123.8,0.15165383361911755,64.07858338771396,High
Indian,25939,Curry Cafe,Full-service,CBD,0.99,32.69,772,123,4020.87,324,195,130,10591.56,6374.55,4249.7,0.352214366,0.485965328,0.32,10,2.95,383.5,650.66,-1675.37,-1008.32,304.19,0.19,0.5,0.3,0.2,25236.68,-1728.8400000000001,-0.0685050490001062,13.26752418009072,Low
Indian,25337,Spice House,Full-service,West Auckland,1.04,32.02,1469,356,11399.12,556,334,223,17803.12,10694.68,7140.46,0.379499956,0.494955799,0.31,7,2.07,461.61,1431.09,-3283.89,-1972.7,434.83,0.32,0.5,0.3,0.2,47037.38,-3390.67,-0.07208458464310726,44.802515642456214,Low
Indian,25336,Tandoori Diner,Cafe,West Auckland,1.04,40.5,1264,155,6277.5,554,333,222,22437.0,13486.5,8991.0,0.246210812,0.365804947,0.32,13,3.84,852.48,2435.57,1525.36,916.87,2635.89,0.14,0.5,0.3,0.2,51192.0,7513.6900000000005,0.1467746913580247,64.67296379978026,High
Indian,25862,Curry Corner,QSR,South Auckland,1.05,31.86,563,69,2198.34,247,148,99,7869.42,4715.28,3154.14,0.21538789,0.441896406,0.31,13,3.84,380.16,753.41,257.45,154.26,700.81,0.14,0.5,0.3,0.2,17937.18,1865.9299999999998,0.10402582791720882,51.96828738415085,Medium
Indian,25218,Curry Eatery,Cafe,CBD,0.99,41.8,937,77,3218.6,430,258,172,17974.0,10784.4,7189.6,0.250285366,0.37918353,0.29,6,1.77,304.44,1192.59,1447.47,868.48,2359.53,0.09,0.5,0.3,0.2,39166.6,5868.07,0.1498233188482023,37.54702913156998,Low
Indian,25582,Tandoori Bistro,Full-service,South Auckland,1.05,32.71,1886,435,14228.85,726,435,290,23747.46,14228.85,9485.9,0.372665002,0.530481759,0.28,16,4.72,1368.8,1378.11,-4349.27,-2605.97,-450.06,0.3,0.5,0.3,0.2,61691.06,-6027.190000000001,-0.09769956943518236,53.06964394193634,Medium
Indian,26674,Royal House,Full-service,West Auckland,1.04,45.84,1776,308,14118.72,734,440,294,33646.56,20169.6,13476.96,0.383812815,0.53229935,0.27,8,2.36,693.84,1184.39,-6262.03,-3753.81,436.71,0.21,0.5,0.3,0.2,81411.84,-8394.74,-0.10311448555885729,57.83763752462999,Medium
Indian,26312,Royal Corner,Cafe,CBD,0.99,40.75,1329,131,5338.25,599,359,240,24409.25,14629.25,9780.0,0.239654355,0.370142451,0.3,10,2.95,708.0,2083.0,2201.79,1319.61,3108.19,0.11,0.5,0.3,0.2,54156.75,8712.59,0.16087726829988874,41.52339422015109,Low
Indian,26555,Tandoori Tavern,Cafe,South Auckland,1.05,41.1,1048,120,4932.0,464,278,186,19070.4,11425.8,7644.6,0.238788859,0.395165687,0.29,18,5.31,987.66,1805.34,1450.22,868.88,1810.61,0.13,0.5,0.3,0.2,43072.799999999996,5935.049999999999,0.13779113500863654,67.30553040022336,High
Indian,25103,Royal Tavern,Cafe,South Auckland,1.05,44.19,481,55,2430.45,213,128,85,9412.47,5656.32,3756.15,0.24769629,0.385943021,0.31,15,4.43,376.55,890.42,530.49,318.79,999.56,0.13,0.5,0.3,0.2,21255.39,2739.2599999999998,0.12887366451521237,63.381644419749406,Medium
Indian,26597,Spice Tavern,Cafe,CBD,0.99,44.0,970,119,5236.0,426,255,170,18744.0,11220.0,7480.0,0.20239653,0.363575631,0.27,15,4.43,753.1,2272.57,3074.54,1840.39,2493.43,0.14,0.5,0.3,0.2,42680.0,9680.93,0.22682591377694472,44.97315624922733,Low
Indian,25345,Tandoori Kitchen,Cafe,CBD,0.99,30.42,551,67,2038.14,242,145,97,7361.64,4410.9,2950.74,0.234786412,0.443164037,0.3,4,1.18,114.46,656.38,162.32,97.26,835.82,0.14,0.5,0.3,0.2,16761.42,1751.7800000000002,0.10451262482534299,20.63595686604279,Low
Indian,25507,Bombay Bistro,Cafe,North Shore,1.03,41.47,506,62,2571.14,222,133,89,9206.34,5515.51,3690.83,0.263065988,0.449756935,0.27,13,3.84,341.76,738.37,158.14,94.74,718.16,0.14,0.5,0.3,0.2,20983.82,1709.4099999999999,0.08146324167858854,48.11300115298021,Medium
Indian,25064,Curry Kitchen,QSR,South Auckland,1.05,39.79,1108,144,5729.76,482,289,193,19178.78,11499.31,7679.47,0.274862327,0.387011475,0.29,16,4.72,910.96,1937.38,923.0,553.42,1685.67,0.15,0.5,0.3,0.2,44087.32,5099.47,0.11566749804705753,65.32178106877078,High
Indian,25913,Bombay Bistro,Full-service,North Shore,1.03,39.72,1516,220,8738.4,648,389,259,25738.56,15451.08,10287.48,0.383225434,0.518419141,0.27,5,1.48,383.32,859.47,-4417.88,-2652.09,628.51,0.17,0.5,0.3,0.2,60215.520000000004,-5581.99,-0.0927001875928332,45.53262231554244,Low
Indian,26333,Curry Bistro,Cafe,South Auckland,1.05,39.15,1282,147,5755.05,568,340,227,22237.2,13311.0,8887.05,0.23071646,0.444402274,0.27,14,4.13,937.51,1869.71,1220.41,730.52,1949.73,0.13,0.5,0.3,0.2,50190.3,5770.37,0.1149698248466337,66.55977982602495,High
Indian,26401,Tandoori House,QSR,South Auckland,1.05,39.1,510,37,1446.7,236,142,95,9227.6,5552.2,3714.5,0.204883327,0.423674209,0.31,13,3.84,364.8,537.37,566.97,341.14,1014.92,0.08,0.5,0.3,0.2,19941.0,2460.4,0.12338398274910987,58.93997599454542,Medium
Indian,25270,Royal Grill,Cafe,North Shore,1.03,44.24,1636,148,6547.52,744,446,298,32914.56,19731.04,13183.52,0.228769694,0.427074354,0.27,7,2.07,616.86,2253.37,2440.81,1463.17,3920.33,0.1,0.5,0.3,0.2,72376.64,10077.68,0.1392394010001017,66.30628517717425,High
Indian,25959,Tandoori House,Cafe,North Shore,1.03,32.04,524,60,1922.4,232,139,93,7433.28,4453.56,2979.72,0.219312045,0.381069437,0.27,4,1.18,109.74,768.23,963.49,577.26,1081.01,0.13,0.5,0.3,0.2,16788.960000000003,3389.99,0.2019178078928057,48.30435400439279,Medium
Indian,26445,Bombay Grill,Full-service,West Auckland,1.04,42.58,1038,158,6727.64,440,264,176,18735.2,11241.12,7494.08,0.395378249,0.512961703,0.32,6,1.77,311.52,616.66,-4277.99,-2566.8,375.39,0.18,0.5,0.3,0.2,44198.04,-5852.74,-0.13242080418045687,45.275262218932816,Low
Indian,26689,Tandoori Cafe,Full-service,North Shore,1.03,42.48,927,191,8113.68,368,221,147,15632.64,9388.08,6244.56,0.355269492,0.450880612,0.33,18,5.31,780.57,1572.84,-2128.39,-1278.19,429.94,0.26,0.5,0.3,0.2,39378.96,-1403.8,-0.03564847827367711,45.535605151748825,Low
Indian,26285,Bombay Corner,Cafe,CBD,0.99,31.62,1649,189,5976.18,730,438,292,23082.6,13849.56,9233.04,0.262300696,0.392937249,0.3,8,2.36,689.12,2060.36,1033.22,619.93,2494.08,0.13,0.5,0.3,0.2,52141.38,6207.59,0.11905304385883152,34.22958586972797,Low
Indian,25479,Curry Bistro,QSR,North Shore,1.03,39.98,641,68,2718.64,286,172,115,11434.28,6876.56,4597.7,0.265662389,0.358416501,0.29,4,1.18,135.7,1021.99,982.45,590.84,1592.67,0.12,0.5,0.3,0.2,25627.18,4187.950000000001,0.16341829260964338,53.774867674407254,Medium
Indian,26207,Bombay Eatery,QSR,CBD,0.99,38.65,604,74,2860.1,265,159,106,10242.25,6145.35,4096.9,0.257352493,0.402868346,0.32,16,4.72,500.32,971.8,202.58,121.55,891.72,0.14,0.5,0.3,0.2,23344.6,2187.6499999999996,0.09371117945906118,27.54614848400101,Low
Indian,25724,Spice House,Ghost Kitchen,South Auckland,1.05,41.71,1373,113,4713.23,630,378,252,26277.3,15766.38,10510.92,0.266961203,0.25339996,0.28,7,2.07,521.64,2260.65,5245.97,3147.58,4519.81,0.09,0.5,0.3,0.2,57267.829999999994,15174.010000000002,0.2649656884152936,79.82316586796954,High
Indian,25238,Spice Bistro,Full-service,CBD,0.99,32.21,485,87,2802.27,199,119,80,6409.79,3832.99,2576.8,0.351886709,0.498530268,0.29,9,2.66,212.8,419.17,-900.04,-538.22,172.65,0.22,0.5,0.3,0.2,15621.849999999999,-846.4399999999999,-0.05418308330959522,10.791782434555946,Low
Indian,26492,Curry Eatery,QSR,North Shore,1.03,37.39,940,122,4561.58,409,245,164,15292.51,9160.55,6131.96,0.224889688,0.401663389,0.29,9,2.66,436.24,1703.51,1276.11,764.42,1853.72,0.15,0.5,0.3,0.2,35146.6,5597.76,0.15926889087422397,54.42179249811645,Medium
Indian,25320,Tandoori Corner,Full-service,South Auckland,1.05,34.11,1716,416,14189.76,650,390,260,22171.5,13302.9,8868.6,0.359559498,0.476637484,0.27,17,5.02,1305.2,2324.33,-2354.55,-1412.73,147.5,0.32,0.5,0.3,0.2,58532.76,-1295.4500000000003,-0.022132050496166594,57.56970069124154,Medium
Indian,26399,Curry Diner,QSR,West Auckland,1.04,33.57,1622,160,5371.2,731,439,292,24539.67,14737.23,9802.44,0.25842935,0.361078181,0.29,15,4.43,1293.56,2043.7,2220.66,1333.61,2436.19,0.11,0.5,0.3,0.2,54450.54,8034.16,0.14754968453940034,62.541092091830805,Medium
Indian,25767,Tandoori Eatery,QSR,CBD,0.99,30.55,1366,112,3421.6,627,376,251,19154.85,11486.8,7668.05,0.27797038,0.371558752,0.29,8,2.36,592.36,1199.17,1158.31,694.62,2095.07,0.09,0.5,0.3,0.2,41731.3,5147.17,0.12334075382267026,30.612816156499473,Low
Indian,25404,Curry Kitchen,Cafe,CBD,0.99,39.42,1547,127,5006.34,710,426,284,27988.2,16792.92,11195.28,0.205401578,0.443159784,0.28,14,4.13,1172.92,1759.42,1999.44,1199.66,2761.53,0.09,0.5,0.3,0.2,60982.74,7720.050000000001,0.12659401660207464,40.37020716021051,Low
Indian,25202,Bombay Corner,Ghost Kitchen,North Shore,1.03,40.04,1418,92,3683.68,663,398,265,26546.52,15935.92,10610.6,0.291234463,0.259023642,0.3,18,5.31,1407.15,1656.71,3975.13,2386.27,3364.88,0.07,0.5,0.3,0.2,56776.72,11382.990000000002,0.20048692492275005,64.51910331679413,High
Indian,25325,Tandoori Grill,QSR,West Auckland,1.04,34.01,1213,89,3026.89,562,337,225,19113.62,11461.37,7652.25,0.279793931,0.408069194,0.27,6,1.77,398.25,944.8,805.39,482.95,1990.3,0.08,0.5,0.3,0.2,41254.13,4223.44,0.10237617421576943,55.562926982558395,Medium
Indian,26621,Tandoori Eatery,QSR,CBD,0.99,40.33,628,72,2903.76,278,167,111,11211.74,6735.11,4476.63,0.265019956,0.399025585,0.33,16,4.72,523.92,975.53,66.76,40.1,980.02,0.13,0.5,0.3,0.2,25327.24,2062.41,0.08143050723252908,28.417211859957703,Low
Indian,26096,Spice Grill,Full-service,South Auckland,1.05,45.37,1762,229,10389.73,766,460,307,34753.42,20870.2,13928.59,0.37329105,0.50635389,0.28,6,1.77,543.39,1250.46,-5548.21,-3331.82,1132.99,0.15,0.5,0.3,0.2,79941.93999999999,-6496.58,-0.08126622896567184,63.757109828591275,High
Indian,26097,Royal Grill,Ghost Kitchen,West Auckland,1.04,38.59,633,57,2199.63,288,173,115,11113.92,6676.07,4437.85,0.283717413,0.223925864,0.28,7,2.07,238.05,1083.0,2360.12,1417.71,1946.96,0.1,0.5,0.3,0.2,24427.47,6807.79,0.2786940276663936,65.25832248579304,High
Indian,26219,Royal Kitchen,QSR,North Shore,1.03,36.34,1293,128,4651.52,582,350,233,21149.88,12719.0,8467.22,0.273164425,0.437278969,0.31,15,4.43,1032.19,1346.88,-432.38,-260.02,1419.55,0.11,0.5,0.3,0.2,46987.62,2074.03,0.04413992451628748,49.48883863847474,Medium
Indian,25047,Tandoori Eatery,QSR,West Auckland,1.04,44.82,734,78,3495.96,328,197,131,14700.96,8829.54,5871.42,0.244568081,0.403566298,0.32,14,4.13,541.03,1230.11,468.46,281.36,1524.92,0.12,0.5,0.3,0.2,32897.88,3504.85,0.106537260151718,60.088008995344644,Medium
Indian,25697,Royal House,QSR,South Auckland,1.05,41.5,883,87,3610.5,398,239,159,16517.0,9918.5,6598.5,0.220556069,0.421731136,0.31,17,5.02,798.18,1291.52,788.07,473.24,1562.19,0.11,0.5,0.3,0.2,36644.5,4115.02,0.11229570604046993,64.19204320565711,High
Indian,26465,Tandoori Diner,QSR,North Shore,1.03,34.89,1339,143,4989.27,598,359,239,20864.22,12525.51,8338.71,0.216410799,0.360744556,0.3,17,5.02,1199.78,2109.69,2563.06,1538.69,2326.2,0.12,0.5,0.3,0.2,46717.71,8537.64,0.1827495397355735,58.06175389150846,Medium
Indian,26222,Bombay Tavern,Cafe,CBD,0.99,35.06,1469,145,5083.7,662,397,265,23209.72,13918.82,9290.9,0.257371511,0.422914585,0.32,5,1.48,392.2,1625.33,-6.64,-3.98,2578.23,0.11,0.5,0.3,0.2,51503.14000000001,4192.94,0.08141134695865143,32.754546020986034,Low
Indian,26613,Royal Kitchen,Cafe,West Auckland,1.04,35.71,478,58,2071.18,210,126,84,7499.1,4499.46,2999.64,0.216459961,0.374055621,0.29,17,5.02,421.68,848.12,896.03,537.62,806.63,0.14,0.5,0.3,0.2,17069.38,3088.4,0.18093217211169943,54.56235802853612,Medium
Indian,26104,Curry Grill,Full-service,North Shore,1.03,37.2,1558,203,7551.6,678,406,271,25221.6,15103.2,10081.2,0.394597243,0.465950363,0.27,6,1.77,479.67,1053.09,-3292.62,-1971.69,926.18,0.15,0.5,0.3,0.2,57957.59999999999,-3285.0399999999995,-0.056680055764904,46.23404429120451,Medium
Indian,26145,Spice Grill,QSR,South Auckland,1.05,40.64,1020,84,3413.76,468,281,187,19019.52,11419.84,7599.68,0.235223977,0.35370359,0.31,14,4.13,772.31,1403.3,1922.35,1154.23,2351.71,0.09,0.5,0.3,0.2,41452.799999999996,6831.589999999999,0.164804066311564,68.43374496658862,High
Indian,25458,Royal Bistro,Full-service,CBD,0.99,32.89,1708,319,10491.91,694,417,278,22825.66,13715.13,9143.42,0.35805391,0.541396578,0.3,12,3.54,984.12,1054.96,-4552.59,-2735.49,-64.75,0.23,0.5,0.3,0.2,56176.119999999995,-6297.87,-0.11210938028471885,20.376378845035347,Low
Indian,26107,Tandoori Tavern,Cafe,North Shore,1.03,39.73,971,119,4727.87,426,256,170,16924.98,10170.88,6754.1,0.220234274,0.356106535,0.3,4,1.18,200.6,2003.01,2092.93,1257.72,2660.84,0.14,0.5,0.3,0.2,38577.829999999994,8014.5,0.20774885471785223,60.02634761155993,Medium
Indian,25744,Spice Bistro,Cafe,West Auckland,1.04,45.96,506,66,3033.36,220,132,88,10111.2,6066.72,4044.48,0.263840751,0.350082896,0.31,17,5.02,441.76,1171.11,769.22,461.53,1119.72,0.15,0.5,0.3,0.2,23255.760000000002,3521.58,0.15142829131363583,61.68668590779155,Medium
Indian,25866,Spice Corner,QSR,West Auckland,1.04,42.39,1697,208,8817.12,744,447,298,31538.16,18948.33,12632.22,0.269348164,0.408116452,0.27,8,2.36,703.28,2843.83,1656.87,995.46,3371.06,0.14,0.5,0.3,0.2,71935.83,8867.22,0.12326569388300655,69.2828085826939,High
Indian,25746,Bombay Kitchen,Cafe,CBD,0.99,36.31,1164,151,5482.81,506,304,203,18372.86,11038.24,7370.93,0.219539312,0.379697457,0.27,14,4.13,838.39,2197.31,2402.49,1443.4,2115.61,0.15,0.5,0.3,0.2,42264.840000000004,8158.8099999999995,0.19304012507796076,38.13012333610039,Low
Indian,26232,Tandoori Kitchen,QSR,North Shore,1.03,37.99,625,51,1937.49,287,172,115,10903.13,6534.28,4368.85,0.275574486,0.429182407,0.32,14,4.13,474.95,572.03,-269.93,-161.77,814.92,0.09,0.5,0.3,0.2,23743.75,955.2499999999999,0.04023163990523822,43.59836880866889,Low
Indian,25949,Spice Grill,Cafe,North Shore,1.03,34.8,945,116,4036.8,414,249,166,14407.2,8665.2,5776.8,0.27771425,0.398123695,0.29,14,4.13,685.58,1308.58,492.18,296.02,1187.04,0.14,0.5,0.3,0.2,32886.0,3283.8199999999997,0.09985464939487927,48.24558039192585,Medium
Indian,26477,Bombay Tavern,Cafe,West Auckland,1.04,45.86,1100,100,4586.0,500,300,200,22930.0,13758.0,9172.0,0.218355244,0.397347188,0.3,5,1.48,296.0,1762.39,1932.94,1159.77,3228.78,0.1,0.5,0.3,0.2,50446.0,8083.880000000001,0.16024818617928083,68.46048498934766,High
Indian,25547,Spice Kitchen,QSR,CBD,0.99,30.69,1054,129,3959.01,462,278,185,14178.78,8531.82,5677.65,0.206030499,0.407672602,0.32,14,4.13,764.05,1529.35,940.01,565.63,1429.21,0.14,0.5,0.3,0.2,32347.260000000002,4464.2,0.13800859794616296,28.42991177308281,Low
Indian,26075,Bombay Cafe,Full-service,South Auckland,1.05,33.96,2027,491,16674.36,768,461,307,26081.28,15655.56,10425.72,0.351224799,0.532647073,0.32,18,5.31,1630.17,1936.36,-5317.24,-3191.73,-419.45,0.32,0.5,0.3,0.2,68836.92,-6992.06,-0.10157427148105988,55.3711543437442,Medium
Indian,25332,Spice Tavern,QSR,CBD,0.99,30.89,614,70,2162.3,272,163,109,8402.08,5035.07,3367.01,0.246180344,0.44165175,0.29,10,2.95,321.55,675.0,186.26,111.62,729.52,0.13,0.5,0.3,0.2,18966.46,1702.4,0.0897584472800934,20.71112071552105,Low
Indian,25078,Spice Eatery,Full-service,CBD,0.99,34.5,954,184,6348.0,385,231,154,13282.5,7969.5,5313.0,0.38005627,0.466577302,0.3,6,1.77,272.58,973.57,-1947.66,-1168.6,542.26,0.24,0.5,0.3,0.2,32913.0,-1600.43,-0.04862607480326923,18.082892728981896,Low
Indian,26535,Curry Diner,Cafe,CBD,0.99,38.14,1607,159,6064.26,724,434,290,27613.36,16552.76,11060.6,0.204376495,0.383977796,0.31,11,3.25,942.5,2496.33,2806.78,1682.52,3610.55,0.11,0.5,0.3,0.2,61290.98,10596.18,0.17288318770559713,43.019596002160625,Low
Indian,26643,Royal Grill,Full-service,CBD,0.99,33.57,1667,289,9701.73,689,413,276,23129.73,13864.41,9265.32,0.397283318,0.474615922,0.28,17,5.02,1385.52,1242.8,-3513.39,-2105.99,-198.63,0.21,0.5,0.3,0.2,55961.189999999995,-4575.21,-0.08175683898072933,22.572876886819568,Low
Indian,25756,Spice Diner,Cafe,North Shore,1.03,32.1,616,66,2118.6,275,165,110,8827.5,5296.5,3531.0,0.227221258,0.372634864,0.31,7,2.07,227.7,847.74,795.75,477.45,1185.21,0.12,0.5,0.3,0.2,19773.6,3306.15,0.16720020633572036,46.98832877676949,Medium
Indian,26606,Tandoori Diner,QSR,CBD,0.99,36.96,1185,145,5359.2,520,312,208,19219.2,11531.52,7687.68,0.22477208,0.373160506,0.29,5,1.48,307.84,2154.76,2153.85,1292.31,2783.13,0.14,0.5,0.3,0.2,43797.6,8384.05,0.19142715582588998,38.8020747771679,Low
Indian,25759,Spice Cafe,QSR,North Shore,1.03,30.99,1553,178,5516.22,688,412,275,21321.12,12767.88,8522.25,0.270179028,0.35510421,0.32,16,4.72,1298.0,2067.02,1166.62,698.62,1895.43,0.13,0.5,0.3,0.2,48127.47,5827.69,0.12108864230760519,52.812159448738214,Medium
Indian,26487,Spice House,Full-service,CBD,0.99,37.63,781,141,5305.83,320,192,128,12041.6,7224.96,4816.64,0.377514863,0.464946568,0.3,9,2.66,340.48,835.87,-1715.46,-1029.28,418.33,0.22,0.5,0.3,0.2,29389.03,-1490.54,-0.05071756366235973,18.80923176431193,Low
Indian,25153,Curry Grill,Cafe,CBD,0.99,40.16,850,84,3373.44,383,230,153,15381.28,9236.8,6144.48,0.259762071,0.447379532,0.3,3,0.89,136.17,987.94,-109.85,-65.97,1663.29,0.11,0.5,0.3,0.2,34136.0,2475.41,0.07251611202249823,30.012418715366845,Low
Indian,25033,Spice Diner,Full-service,West Auckland,1.04,34.95,618,153,5347.35,232,140,93,8108.4,4893.0,3250.35,0.371757353,0.462851058,0.32,16,4.72,438.96,884.41,-1253.63,-756.5,98.62,0.33,0.5,0.3,0.2,21599.1,-1027.1000000000004,-0.047552907297063324,39.99790385595587,Low
Indian,26126,Spice Eatery,QSR,South Auckland,1.05,39.42,1685,139,5479.38,773,464,309,30471.66,18290.88,12180.78,0.230952102,0.362889634,0.31,3,0.89,275.01,2225.5,2930.1,1758.82,4672.31,0.09,0.5,0.3,0.2,66422.7,11586.73,0.17443931065735058,75.04809704648167,High
Indian,26653,Curry Tavern,Cafe,North Shore,1.03,40.32,968,88,3548.16,440,264,176,17740.8,10644.48,7096.32,0.265767633,0.375899662,0.27,14,4.13,726.88,1271.42,1567.09,940.26,1815.96,0.1,0.5,0.3,0.2,39029.759999999995,5594.7300000000005,0.14334523194608426,56.16482371997471,Medium
Indian,25440,Bombay Bistro,QSR,North Shore,1.03,33.12,792,97,3212.64,348,208,139,11525.76,6888.96,4603.68,0.244969292,0.365438399,0.29,16,4.72,656.08,1251.62,1147.88,686.09,1137.48,0.14,0.5,0.3,0.2,26231.04,4223.07,0.16099514163372858,49.30427556677829,Medium
Indian,26236,Royal Grill,QSR,CBD,0.99,40.75,599,64,2608.0,268,160,107,10921.0,6520.0,4360.25,0.211037354,0.438833951,0.3,8,2.36,252.52,913.14,547.46,326.84,1274.13,0.12,0.5,0.3,0.2,24409.25,3061.5699999999997,0.12542663129756138,31.435510337794003,Low
Indian,26665,Royal Grill,Full-service,South Auckland,1.05,43.01,1756,304,13075.04,726,436,290,31225.26,18752.36,12472.9,0.381894535,0.513519362,0.28,14,4.13,1197.7,1367.47,-5477.34,-3289.42,106.79,0.21,0.5,0.3,0.2,75525.56,-7292.5,-0.09655671536894266,60.63424763686698,Medium
Indian,25578,Spice Cafe,QSR,West Auckland,1.04,32.96,934,114,3757.44,410,246,164,13513.6,8108.16,5405.44,0.202443747,0.354591335,0.28,7,2.07,339.48,1664.41,2202.24,1321.35,2054.94,0.14,0.5,0.3,0.2,30784.64,7242.9400000000005,0.2352777229163635,60.66719290478835,Medium
Indian,25929,Bombay Grill,QSR,CBD,0.99,40.71,1586,144,5862.24,721,433,288,29351.91,17627.43,11724.48,0.261057219,0.387353183,0.28,11,3.25,936.0,2061.1,2101.29,1261.94,3186.21,0.1,0.5,0.3,0.2,64566.06,8610.54,0.13336015857247602,42.34679114886878,Low
Indian,25525,Spice Bistro,Cafe,South Auckland,1.05,39.22,1707,169,6628.18,769,461,308,30160.18,18080.42,12079.76,0.221280723,0.383297111,0.32,14,4.13,1272.04,2620.93,2274.75,1363.66,3504.56,0.11,0.5,0.3,0.2,66948.54,9763.9,0.1458418660063386,73.18222000510778,High
Indian,26147,Spice Grill,Full-service,South Auckland,1.05,44.16,993,246,10863.36,374,224,149,16515.84,9891.84,6579.84,0.392545881,0.520224753,0.28,6,1.77,263.73,947.6,-3183.77,-1906.86,310.23,0.33,0.5,0.3,0.2,43850.880000000005,-3832.7999999999997,-0.08740531546915363,54.191140975040874,Medium
Indian,26619,Tandoori Bistro,Cafe,CBD,0.99,42.55,973,119,5063.45,427,256,171,18168.85,10892.8,7276.05,0.241101745,0.381717206,0.3,17,5.02,858.42,1909.84,1402.29,840.72,1885.97,0.14,0.5,0.3,0.2,41401.15,6038.820000000001,0.14586116569225735,38.30500923440689,Low
Indian,26419,Spice Kitchen,Full-service,South Auckland,1.05,33.27,660,160,5323.2,250,150,100,8317.5,4990.5,3327.0,0.356647594,0.510117775,0.29,17,5.02,502.0,709.23,-1303.9,-782.34,-58.73,0.32,0.5,0.3,0.2,21958.2,-1435.7400000000002,-0.06538514085854033,42.79505641975401,Low
Indian,26501,Tandoori Corner,Ghost Kitchen,North Shore,1.03,35.43,1511,137,4853.91,687,412,275,24340.41,14597.16,9743.25,0.250613306,0.236551173,0.32,6,1.77,486.75,2489.26,4693.7,2814.85,4509.93,0.1,0.5,0.3,0.2,53534.729999999996,14507.74,0.2709967903078992,66.28365708031316,High
Indian,25329,Bombay Cafe,Cafe,North Shore,1.03,34.77,817,81,2816.37,368,221,147,12795.36,7684.17,5111.19,0.208918144,0.436058596,0.27,15,4.43,651.21,999.88,1087.9,653.33,1163.38,0.11,0.5,0.3,0.2,28407.09,3904.4900000000002,0.1374477287184291,49.40131373312632,Medium
Indian,25936,Royal Cafe,QSR,West Auckland,1.04,40.36,1412,128,5166.08,642,385,257,25911.12,15538.6,10372.52,0.259702174,0.402220299,0.28,10,2.95,758.15,1746.54,1504.85,902.44,2748.57,0.1,0.5,0.3,0.2,56988.31999999999,6902.4,0.12111955572650678,64.38595920763738,High
Indian,25169,Bombay Eatery,Cafe,North Shore,1.03,33.38,1202,109,3638.42,546,328,219,18225.48,10948.64,7310.22,0.240091152,0.410124057,0.28,7,2.07,453.33,1272.66,1271.86,764.05,2103.67,0.1,0.5,0.3,0.2,40122.76,5412.24,0.1348920164016633,52.09485040218221,Medium
Indian,26262,Curry Corner,Full-service,CBD,0.99,30.28,957,237,7176.36,360,216,144,10900.8,6540.48,4360.32,0.389117769,0.534674154,0.27,3,0.89,128.16,546.9,-2112.49,-1267.49,204.13,0.33,0.5,0.3,0.2,28977.96,-2628.95,-0.0907223972978084,11.64992823957429,Low
Indian,25211,Curry Tavern,Cafe,South Auckland,1.05,35.75,911,104,3718.0,404,242,161,14443.0,8651.5,5755.75,0.247389223,0.375637276,0.31,16,4.72,759.92,1401.59,967.3,579.42,1409.85,0.13,0.5,0.3,0.2,32568.25,4358.16,0.1338162167141311,60.99119667303997,Medium
Indian,26306,Bombay Eatery,Cafe,South Auckland,1.05,40.07,1218,100,4007.0,559,335,224,22399.13,13423.45,8975.68,0.275403124,0.39643964,0.31,4,1.18,264.32,1314.93,406.71,243.73,2681.11,0.09,0.5,0.3,0.2,48805.26,4646.4800000000005,0.09520449230267394,65.34484079571347,High
Indian,25482,Spice Eatery,Full-service,North Shore,1.03,31.8,888,154,4897.2,367,220,147,11670.6,6996.0,4674.6,0.392120596,0.483421586,0.3,13,3.84,564.48,609.49,-2048.68,-1228.09,17.31,0.21,0.5,0.3,0.2,28238.4,-2649.97,-0.09384278146070597,32.019273901862086,Low
Indian,25457,Royal Diner,Full-service,CBD,0.99,39.01,1062,275,10727.75,394,236,157,15369.94,9206.36,6124.57,0.384822722,0.492451392,0.27,3,0.89,139.73,1316.57,-2263.59,-1355.86,611.91,0.35,0.5,0.3,0.2,41428.62,-1690.9700000000003,-0.040816469387587616,23.62709341930135,Low
Indian,26630,Spice House,Ghost Kitchen,South Auckland,1.05,43.17,655,59,2547.03,298,179,119,12864.66,7727.43,5137.23,0.276819003,0.345801801,0.32,4,1.18,140.42,961.2,738.16,443.39,1798.26,0.1,0.5,0.3,0.2,28276.350000000002,3941.01,0.13937477786206492,65.04700284912134,High
Indian,25424,Curry House,Cafe,West Auckland,1.04,34.46,1146,122,4204.12,512,307,205,17643.52,10579.22,7064.3,0.267271008,0.403685403,0.31,15,4.43,908.15,1383.34,336.0,201.47,1416.31,0.12,0.5,0.3,0.2,39491.16,3337.12,0.08450296218191615,54.03952618960115,Medium
Indian,25905,Curry Grill,Full-service,West Auckland,1.04,40.99,1249,273,11190.27,488,293,195,20003.12,12010.07,7993.05,0.361335497,0.464482245,0.29,9,2.66,518.7,1949.15,-2316.72,-1390.98,873.55,0.28,0.5,0.3,0.2,51196.51,-884.9999999999998,-0.01728633455678912,53.88731158879998,Medium
Indian,25906,Royal Cafe,Cafe,North Shore,1.03,39.25,932,107,4199.75,412,248,165,16171.0,9734.0,6476.25,0.249628631,0.400936817,0.28,14,4.13,681.45,1467.54,1122.83,675.88,1581.58,0.13,0.5,0.3,0.2,36581.0,4847.83,0.1325231677646866,54.13595496485644,Medium
Indian,25705,Tandoori Diner,Cafe,West Auckland,1.04,40.63,1108,100,4063.0,504,302,202,20477.52,12270.26,8207.26,0.25858574,0.373463933,0.28,6,1.77,357.54,1494.98,1801.0,1079.17,2662.32,0.1,0.5,0.3,0.2,45018.04,7037.469999999999,0.15632555304495707,63.78241933764394,High
Indian,25465,Royal House,Cafe,South Auckland,1.05,33.66,1408,139,4678.74,634,381,254,21340.44,12824.46,8549.64,0.277729024,0.425745387,0.29,6,1.77,449.58,1387.37,139.26,83.69,2085.61,0.11,0.5,0.3,0.2,47393.28,3695.9300000000003,0.07798426274779885,60.67615692867789,Medium
Indian,25923,Spice Bistro,Cafe,South Auckland,1.05,42.83,775,70,2998.1,352,212,141,15076.16,9079.96,6039.03,0.239987723,0.361035195,0.3,10,2.95,415.95,1196.17,1492.19,898.71,1993.48,0.1,0.5,0.3,0.2,33193.25,5580.55,0.16812303706325835,67.95647741548302,High
Indian,26072,Tandoori Diner,Full-service,North Shore,1.03,36.89,736,182,6713.98,277,166,111,10218.53,6123.74,4094.79,0.364053798,0.454439165,0.31,14,4.13,458.43,1218.63,-1313.01,-786.86,284.8,0.33,0.5,0.3,0.2,27151.04,-596.4399999999998,-0.021967482645232,39.63428599649968,Low
Indian,25587,Tandoori Kitchen,QSR,CBD,0.99,43.07,533,39,1679.73,247,148,99,10638.29,6374.36,4263.93,0.229685053,0.443937586,0.3,11,3.25,321.75,548.23,280.61,168.14,1069.9,0.08,0.5,0.3,0.2,22956.31,2066.88,0.09003537589447085,30.351257827536315,Low
Indian,26212,Curry Bistro,Ghost Kitchen,West Auckland,1.04,43.43,695,51,2214.93,322,193,129,13984.46,8381.99,5602.47,0.269806259,0.235637369,0.27,18,5.31,684.99,1095.41,3140.3,1882.23,2085.75,0.08,0.5,0.3,0.2,30183.85,8203.69,0.2717907092700236,69.61026342982308,High
Indian,26331,Tandoori Corner,Cafe,South Auckland,1.05,41.72,706,64,2670.08,321,193,128,13392.12,8051.96,5340.16,0.269646522,0.428811987,0.32,5,1.48,189.44,805.14,-247.2,-148.63,1420.84,0.1,0.5,0.3,0.2,29454.32,1830.15,0.06213519782497101,59.13606046672329,Medium
Indian,26080,Curry Eatery,Cafe,West Auckland,1.04,37.43,1137,148,5539.64,494,297,198,18490.42,11116.71,7411.14,0.26905572,0.420033977,0.32,13,3.84,760.32,1722.33,-168.07,-101.05,1543.88,0.15,0.5,0.3,0.2,42557.909999999996,2997.09,0.07042380605626546,55.55088578214891,Medium
Indian,26211,Spice House,Cafe,South Auckland,1.05,42.61,1597,183,7797.63,707,424,283,30125.27,18066.64,12058.63,0.272716873,0.392648421,0.32,4,1.18,333.94,2609.36,440.87,264.4,3701.3,0.13,0.5,0.3,0.2,68048.17,7015.93,0.10310240525204425,72.05925770860591,High
Indian,26648,Royal Eatery,Ghost Kitchen,CBD,0.99,29.97,1033,49,1468.53,492,295,197,14745.24,8841.15,5904.09,0.271228668,0.334657384,0.3,4,1.18,232.46,578.77,1387.73,832.08,2094.42,0.05,0.5,0.3,0.2,30959.01,4893.0,0.1580476895094514,28.938681280166804,Low
Indian,26083,Curry Diner,QSR,West Auckland,1.04,40.8,1301,139,5671.2,581,349,232,23704.8,14239.2,9465.6,0.209401438,0.427624625,0.27,3,0.89,206.48,2058.5,2203.93,1323.87,3229.29,0.12,0.5,0.3,0.2,53080.799999999996,8815.59,0.16607869512139983,66.62133593856906,High
Indian,25854,Spice Grill,Full-service,CBD,0.99,35.89,661,86,3086.54,288,172,115,10336.32,6173.08,4127.35,0.35975043,0.467440707,0.28,9,2.66,305.9,533.38,-1107.96,-661.7,407.34,0.15,0.5,0.3,0.2,23723.29,-828.9400000000003,-0.034942033756700706,17.109269670632646,Low
Indian,25677,Royal Bistro,Full-service,CBD,0.99,41.47,1154,252,10450.44,451,271,180,18702.97,11238.37,7464.6,0.360269789,0.468195636,0.32,18,5.31,955.8,1792.61,-2776.74,-1668.51,324.64,0.28,0.5,0.3,0.2,47856.380000000005,-2328.0,-0.048645551544015654,26.186125137455047,Low
Indian,25845,Spice Eatery,Cafe,South Auckland,1.05,37.31,1195,137,5111.47,529,317,212,19736.99,11827.27,7909.72,0.264910599,0.378957715,0.29,7,2.07,438.84,1820.36,1305.24,782.16,2378.06,0.13,0.5,0.3,0.2,44585.450000000004,6285.82,0.14098366171026644,65.81141980939567,High
Indian,25519,Bombay Diner,QSR,South Auckland,1.05,45.41,1552,141,6402.81,706,423,282,32059.46,19208.43,12805.62,0.242675538,0.386734868,0.29,12,3.54,998.28,2372.81,2583.66,1548.0,3747.35,0.1,0.5,0.3,0.2,70476.31999999999,10251.82,0.14546474617289892,76.84576925011636,High
Indian,26298,Spice Diner,Full-service,North Shore,1.03,36.98,1431,238,8801.24,596,358,239,22040.08,13238.84,8838.22,0.364159198,0.484340712,0.28,13,3.84,917.76,1333.39,-2832.15,-1701.19,421.23,0.2,0.5,0.3,0.2,52918.380000000005,-2778.72,-0.052509543942955164,44.986029342768774,Low
Indian,25114,Royal Bistro,Ghost Kitchen,CBD,0.99,43.57,1288,95,4139.15,596,358,239,25967.72,15598.06,10413.23,0.275923362,0.285576167,0.28,15,4.43,1058.77,1815.02,4115.9,2472.3,3507.44,0.08,0.5,0.3,0.2,56118.16,11910.660000000002,0.21224252541423314,46.975612932006975,Medium
Indian,25562,Curry Diner,Ghost Kitchen,South Auckland,1.05,32.78,506,37,1212.86,234,141,94,7670.52,4621.98,3081.32,0.267022463,0.21160836,0.28,7,2.07,194.58,632.35,1851.43,1115.6,1411.93,0.08,0.5,0.3,0.2,16586.68,5011.31,0.3021285754593445,65.4997522758109,High
Indian,26291,Royal Corner,Full-service,North Shore,1.03,44.35,580,108,4789.8,236,142,94,10466.6,6297.7,4168.9,0.399440883,0.479600088,0.27,9,2.66,250.04,579.37,-1559.95,-938.62,254.23,0.23,0.5,0.3,0.2,25723.0,-1664.97,-0.06472689810675271,41.52532115538872,Low
Indian,25110,Spice Grill,QSR,West Auckland,1.04,42.87,1145,131,5615.97,507,304,203,21735.09,13032.48,8702.61,0.203999982,0.39107782,0.32,13,3.84,779.52,2274.03,1845.79,1106.75,2744.36,0.13,0.5,0.3,0.2,49086.15,7970.93,0.16238653876908252,66.50750391681643,High
Indian,25216,Curry Tavern,Full-service,North Shore,1.03,33.9,1230,160,5424.0,535,321,214,18136.5,10881.9,7254.6,0.378257888,0.507687572,0.28,13,3.84,821.76,618.63,-3009.67,-1805.8,5.66,0.15,0.5,0.3,0.2,41697.0,-4191.18,-0.1005151449744586,36.98370387693208,Low
Indian,25931,Spice Kitchen,Ghost Kitchen,West Auckland,1.04,41.49,1376,65,2696.85,656,393,262,27217.44,16305.57,10870.38,0.261336359,0.305998753,0.32,18,5.31,1391.22,1166.83,3066.45,1837.07,3312.01,0.05,0.5,0.3,0.2,57090.24,9382.36,0.16434262669065677,67.8890210536347,High
Indian,26593,Royal Diner,Full-service,South Auckland,1.05,39.21,1106,235,9214.35,436,261,174,17095.56,10233.81,6822.54,0.393314448,0.477627314,0.29,4,1.18,205.32,1189.19,-2751.39,-1647.05,675.18,0.27,0.5,0.3,0.2,43366.26,-2534.07,-0.058434137506900526,53.07676565107199,Medium
Indian,26258,Curry Grill,QSR,South Auckland,1.05,43.82,587,67,2935.94,260,156,104,11393.2,6835.92,4557.28,0.215669533,0.445533281,0.32,6,1.77,184.08,994.69,214.16,128.5,1359.91,0.13,0.5,0.3,0.2,25722.34,2697.26,0.10486059977435958,62.56436781300345,Medium
Indian,26676,Bombay Cafe,Full-service,CBD,0.99,32.14,1671,255,8195.7,708,425,283,22755.12,13659.5,9095.62,0.382634708,0.490592551,0.33,16,4.72,1335.76,1038.99,-4624.46,-2775.98,-182.68,0.18,0.5,0.3,0.2,53705.94,-6544.130000000001,-0.121851139743574,18.68494522819128,Low
Indian,25814,Tandoori Cafe,Ghost Kitchen,CBD,0.99,37.47,753,35,1311.45,359,215,144,13451.73,8056.05,5395.68,0.276370377,0.282053984,0.33,10,2.95,424.8,579.1,1500.89,898.86,1957.8,0.05,0.5,0.3,0.2,28214.91,4936.650000000001,0.17496600201808196,33.57516512473722,Low
Indian,25154,Spice Tavern,QSR,CBD,0.99,40.4,576,70,2828.0,253,152,101,10221.2,6140.8,4080.4,0.22364859,0.447242902,0.3,6,1.77,178.77,930.72,297.52,178.75,1164.12,0.14,0.5,0.3,0.2,23270.4,2571.1099999999997,0.11048843165566555,29.88583279266569,Low
Indian,26001,Curry Kitchen,QSR,CBD,0.99,39.73,567,51,2026.23,258,155,103,10250.34,6158.15,4092.19,0.215525405,0.392081076,0.32,17,5.02,517.06,795.08,742.06,445.81,1088.69,0.1,0.5,0.3,0.2,22526.91,3071.64,0.13635425364597276,30.956596702000432,Low
Indian,26203,Curry Grill,Cafe,CBD,0.99,43.47,1048,112,4868.64,468,281,187,20343.96,12215.07,8128.89,0.238891417,0.389279943,0.3,5,1.48,276.76,1810.3,1461.28,877.39,2745.79,0.12,0.5,0.3,0.2,45556.56,6894.76,0.151345053270045,40.25675128835321,Low
Indian,26324,Tandoori Cafe,Cafe,West Auckland,1.04,42.44,1518,174,7384.56,672,403,269,28519.68,17103.32,11416.36,0.212132799,0.350313314,0.33,15,4.43,1191.67,3231.14,3067.4,1839.53,3803.6,0.13,0.5,0.3,0.2,64423.92,11941.67,0.18536081008420474,71.61949106512623,High
Indian,26067,Spice Tavern,Cafe,South Auckland,1.05,41.39,1707,222,9188.58,742,446,297,30711.38,18459.94,12292.83,0.253075633,0.366731767,0.31,5,1.48,439.56,3493.43,2155.71,1295.75,4234.08,0.15,0.5,0.3,0.2,70652.73,11178.97,0.158224176192484,75.88251931673165,High
Indian,26228,Curry Kitchen,QSR,West Auckland,1.04,43.04,892,88,3787.52,402,241,161,17302.08,10372.64,6929.44,0.218910075,0.439482704,0.27,15,4.43,713.23,1293.84,1238.95,742.76,1653.92,0.11,0.5,0.3,0.2,38391.68,4929.47,0.12839943446079985,61.6960444111877,Medium
Indian,25837,Spice Diner,Full-service,South Auckland,1.05,46.04,1817,277,12753.08,770,462,308,35450.8,21270.48,14180.32,0.383247677,0.541258347,0.28,3,0.89,274.12,962.78,-7249.9,-4349.94,796.41,0.18,0.5,0.3,0.2,83654.68,-9840.65,-0.11763418376592918,62.46430036053032,Medium
Indian,25477,Tandoori Tavern,Full-service,CBD,0.99,40.21,854,142,5709.82,356,214,142,14314.76,8604.94,5709.82,0.359316236,0.523824896,0.31,13,3.84,545.28,667.24,-2764.77,-1661.97,121.96,0.2,0.5,0.3,0.2,34339.340000000004,-3637.54,-0.10592923451644672,18.080020265604656,Low
Indian,26297,Royal Eatery,Full-service,West Auckland,1.04,33.78,829,114,3850.92,358,214,143,12093.24,7228.92,4830.54,0.390697827,0.501871643,0.32,5,1.48,211.64,413.71,-2570.65,-1536.65,307.31,0.16,0.5,0.3,0.2,28003.620000000003,-3386.28,-0.12092293782018182,36.276149921055314,Low
Japanese,25083,Lotus Tavern,Cafe,North Shore,1.03,35.12,1745,266,9341.92,813,444,222,28552.56,15593.28,7796.64,0.252295018,0.389916495,0.3,6,1.77,392.94,3342.43,1650.01,901.11,2396.61,0.18,0.55,0.3,0.15,61284.4,8290.16,0.13527357696248962,59.34495474997402,Medium
Japanese,26362,Dragon Tavern,QSR,CBD,0.99,39.27,1525,187,7343.49,736,401,201,28902.72,15747.27,7893.27,0.257398884,0.438255576,0.27,4,1.18,237.18,2234.96,992.68,540.85,2165.1,0.14,0.55,0.3,0.15,59886.75,5933.59,0.09908018050737434,38.1561764888788,Low
Japanese,25365,Red Diner,Cafe,South Auckland,1.05,43.2,1430,141,6091.2,709,387,193,30628.8,16718.4,8337.6,0.209253272,0.410766398,0.28,5,1.48,285.64,2314.54,3062.28,1671.51,2882.48,0.11,0.55,0.3,0.15,61776.0,9930.81,0.16075514763014762,74.68779548453865,High
Japanese,25003,Red Bistro,Cafe,North Shore,1.03,41.86,885,147,6153.42,406,221,111,16995.16,9251.06,4646.46,0.239052445,0.388262916,0.32,12,3.54,392.94,2293.29,895.38,487.39,1338.72,0.2,0.55,0.3,0.15,37046.1,5014.78,0.1353659359554717,56.07646315823986,Medium
Japanese,26180,Lotus Bistro,Full-service,CBD,0.99,33.85,792,168,5686.8,343,187,94,11610.55,6329.95,3181.9,0.392637338,0.542559663,0.28,6,1.77,166.38,368.52,-2498.56,-1362.19,39.82,0.27,0.55,0.3,0.15,26809.2,-3452.41,-0.12877706160571742,10.417116423568492,Low
Japanese,25250,Dragon Grill,Full-service,West Auckland,1.04,45.53,683,94,4279.82,324,177,88,14751.72,8058.81,4006.64,0.391819321,0.461220927,0.32,7,2.07,182.16,628.96,-2552.64,-1394.5,406.65,0.16,0.55,0.3,0.15,31096.99,-2911.5299999999997,-0.0936273896605427,46.68039207398408,Medium
Japanese,25930,Sakura Cafe,Full-service,West Auckland,1.04,31.68,1749,228,7223.04,837,456,228,26516.16,14446.08,7223.04,0.375493483,0.483947519,0.32,10,2.95,672.6,1015.26,-4758.09,-2592.22,342.66,0.15,0.55,0.3,0.15,55408.32,-5992.389999999999,-0.10814964250856188,45.034830160888575,Low
Japanese,25473,Red Grill,Cafe,North Shore,1.03,39.93,488,74,2954.82,228,124,62,9104.04,4951.32,2475.66,0.259624505,0.425284619,0.33,12,3.54,219.48,931.04,-135.73,-73.82,560.58,0.18,0.55,0.3,0.15,19485.84,1282.0700000000002,0.06579495674807964,45.54338865690292,Low
Japanese,25781,Lotus Bistro,QSR,South Auckland,1.05,43.17,1546,127,5482.59,780,426,213,33672.6,18390.42,9195.21,0.260186134,0.359269828,0.31,9,2.66,566.58,2086.37,2375.4,1297.33,2932.6,0.09,0.55,0.3,0.15,66740.82,8691.7,0.13023064445417362,73.82991535584708,High
Japanese,25591,Sakura Cafe,Cafe,CBD,0.99,31.33,1419,226,7080.58,656,358,179,20552.48,11216.14,5608.07,0.243087902,0.432264998,0.32,3,0.89,159.31,2298.69,95.51,52.12,1661.33,0.19,0.55,0.3,0.15,44457.27,4107.65,0.09239546197955925,29.75871490446515,Low
Japanese,25935,Lotus Diner,Ghost Kitchen,West Auckland,1.04,34.42,956,45,1548.9,501,273,137,17244.42,9396.66,4715.54,0.283478421,0.258798871,0.29,9,2.66,364.42,708.97,2892.28,1576.03,1793.99,0.05,0.55,0.3,0.15,32905.52,6971.2699999999995,0.21185715952824938,60.57771089053918,Medium
Japanese,25131,Lotus Tavern,Full-service,South Auckland,1.05,36.41,541,78,2839.98,255,139,69,9284.55,5060.99,2512.29,0.351876992,0.454915027,0.33,5,1.48,102.12,548.71,-1270.05,-692.3,383.27,0.17,0.55,0.3,0.15,19697.809999999998,-1030.37,-0.05230886073121834,45.121106625677996,Low
Japanese,26110,Dragon Eatery,Full-service,South Auckland,1.05,35.71,1487,325,11605.75,639,349,174,22818.69,12462.79,6213.54,0.380318439,0.49025056,0.32,7,2.07,360.18,1502.14,-4348.53,-2375.02,444.04,0.28,0.55,0.3,0.15,53100.770000000004,-4777.37,-0.08996799858081153,51.96174951140069,Medium
Japanese,25639,Golden Bistro,Full-service,CBD,0.99,31.51,1902,482,15187.82,781,426,213,24609.31,13423.26,6711.63,0.38884312,0.536920781,0.32,10,2.95,628.35,1127.48,-6048.08,-3298.95,-130.1,0.34,0.55,0.3,0.15,59932.020000000004,-8349.65,-0.1393186813993588,19.403425583800296,Low
Japanese,26471,Lotus Grill,Full-service,South Auckland,1.05,39.24,545,91,3570.84,250,136,68,9810.0,5336.64,2668.32,0.383506985,0.549688297,0.28,6,1.77,120.36,238.55,-2091.45,-1137.75,57.9,0.2,0.55,0.3,0.15,21385.8,-2932.7499999999995,-0.13713538890291688,41.88462498883162,Low
Japanese,25539,Sakura Bistro,Cafe,South Auckland,1.05,44.31,993,106,4696.86,488,266,133,21623.28,11786.46,5893.23,0.226003335,0.433048424,0.27,6,1.77,235.41,1601.39,1534.13,836.23,1773.88,0.12,0.55,0.3,0.15,43999.83,5745.630000000001,0.13058300452524477,69.00081668423242,High
Japanese,26082,Lotus House,QSR,North Shore,1.03,44.67,1615,185,8263.95,787,429,214,35155.29,19163.43,9559.38,0.205233753,0.399764048,0.3,12,3.54,757.56,3264.28,3339.83,1820.57,3018.42,0.13,0.55,0.3,0.15,72142.05,11443.1,0.15861900237101662,67.7597461001808,High
Japanese,25981,Sakura Bistro,Cafe,CBD,0.99,30.58,533,77,2354.66,251,137,68,7675.58,4189.46,2079.44,0.233391352,0.369862145,0.31,7,2.07,140.76,934.2,665.83,363.42,684.25,0.17,0.55,0.3,0.15,16299.140000000001,2647.7000000000003,0.1624441534952151,24.485160318126304,Low
Japanese,26288,Sakura House,Cafe,CBD,0.99,42.78,1287,138,5903.64,632,345,172,27036.96,14759.1,7358.16,0.215248874,0.376687582,0.31,10,2.95,507.4,2409.06,2651.34,1447.33,2495.2,0.12,0.55,0.3,0.15,55057.86,9002.93,0.16351761583178134,43.00415957778347,Low
Japanese,25315,Lotus Corner,Cafe,South Auckland,1.05,38.18,1620,186,7101.48,789,430,215,30124.02,16417.4,8208.7,0.268077058,0.382454255,0.31,14,4.13,887.95,2481.74,1188.96,647.97,1980.73,0.13,0.55,0.3,0.15,61851.600000000006,6299.4,0.10184700153270083,68.40712078311519,High
Japanese,25739,Lotus Bistro,Cafe,South Auckland,1.05,47.19,905,89,4199.91,449,245,122,21188.31,11561.55,5757.18,0.205470814,0.378765724,0.27,17,5.02,612.44,1746.17,3088.48,1685.25,1781.19,0.11,0.55,0.3,0.15,42706.950000000004,8301.09,0.19437328116383865,74.84563684612333,High
Japanese,26252,Lotus Grill,Cafe,CBD,0.99,42.21,1414,151,6373.71,695,379,189,29335.95,15997.59,7977.69,0.253951703,0.415228765,0.28,6,1.77,334.53,2108.55,1490.84,812.99,2304.65,0.12,0.55,0.3,0.15,59684.94,6717.030000000001,0.11254145518115626,40.420524410851606,Low
Japanese,25887,Sakura Kitchen,Cafe,North Shore,1.03,37.46,773,106,3970.76,367,200,100,13747.82,7492.0,3746.0,0.276952433,0.352458655,0.27,3,0.89,89.0,1471.52,1382.88,753.61,1299.23,0.16,0.55,0.3,0.15,28956.58,4907.24,0.16946890827577013,53.40732687806986,Medium
Japanese,25714,Red Bistro,Full-service,West Auckland,1.04,46.29,617,123,5693.67,272,148,74,12590.88,6850.92,3425.46,0.373254713,0.484985151,0.28,12,3.54,261.96,807.14,-1740.56,-947.07,223.63,0.25,0.55,0.3,0.15,28560.93,-1656.8600000000001,-0.05801141629491757,49.036455966846596,Medium
Japanese,26134,Dragon Eatery,Cafe,South Auckland,1.05,34.23,761,127,4347.21,349,190,95,11946.27,6503.7,3251.85,0.230217789,0.36566523,0.29,15,4.43,420.85,1756.78,1363.27,742.18,893.28,0.2,0.55,0.3,0.15,26049.03,4755.51,0.18255996480483153,61.38427979639094,Medium
Japanese,25822,Golden House,QSR,West Auckland,1.04,36.27,623,61,2212.47,309,169,84,11207.43,6129.63,3046.68,0.250744558,0.400507799,0.27,3,0.89,74.76,771.59,882.56,482.69,987.76,0.11,0.55,0.3,0.15,22596.21,3124.6000000000004,0.13827982657268634,53.701076386228785,Medium
Japanese,25932,Dragon Kitchen,QSR,South Auckland,1.05,36.85,586,67,2468.95,285,156,78,10502.25,5748.6,2874.3,0.213268914,0.407166296,0.31,5,1.48,115.44,937.13,730.59,399.9,975.54,0.13,0.55,0.3,0.15,21594.100000000002,3043.16,0.14092553058474303,58.98781207039,Medium
Japanese,26017,Dragon Corner,Cafe,CBD,0.99,37.8,1640,226,8542.8,778,424,212,29408.4,16027.2,8013.6,0.239885733,0.439995341,0.3,6,1.77,375.24,2734.71,591.67,322.45,2190.07,0.16,0.55,0.3,0.15,61991.99999999999,5838.9,0.09418795973674023,37.775449834069555,Low
Japanese,25044,Lotus Eatery,Cafe,West Auckland,1.04,33.95,764,111,3768.45,359,196,98,12188.05,6654.2,3327.1,0.268164318,0.374643553,0.32,9,2.66,260.68,1346.06,453.3,247.48,927.73,0.17,0.55,0.3,0.15,25937.8,2974.5699999999997,0.11468089043789373,51.60370913677945,Medium
Japanese,26137,Dragon Diner,Cafe,West Auckland,1.04,39.63,1415,162,6420.06,689,376,188,27305.07,14900.88,7450.44,0.255555464,0.41687174,0.33,8,2.36,443.68,2103.04,-66.27,-36.17,1996.88,0.13,0.55,0.3,0.15,56076.45,3997.48,0.0712862529635881,60.43365949921,Medium
Japanese,26664,Red Tavern,Full-service,West Auckland,1.04,36.95,1303,277,10235.15,564,308,154,20839.8,11380.6,5690.3,0.378453952,0.458881443,0.31,11,3.25,500.5,1664.9,-3070.44,-1676.77,425.11,0.27,0.55,0.3,0.15,48145.85,-2657.2,-0.055190634291429064,48.42945465666105,Medium
Japanese,25252,Sakura Kitchen,QSR,West Auckland,1.04,33.06,561,55,1818.3,278,152,76,9190.68,5025.12,2512.56,0.252470249,0.392187588,0.32,15,4.43,336.68,646.12,324.82,177.6,556.14,0.11,0.55,0.3,0.15,18546.66,1704.6799999999998,0.09191304525990124,47.16355182679048,Medium
Japanese,26344,Lotus Eatery,QSR,West Auckland,1.04,44.93,1297,96,4313.28,661,360,180,29698.73,16174.8,8087.4,0.271596232,0.416869679,0.3,8,2.36,424.8,1343.73,342.55,186.56,2094.7,0.08,0.55,0.3,0.15,58274.21,3967.54,0.06808397745760947,63.531759251246896,High
Japanese,26261,Golden Cafe,QSR,West Auckland,1.04,35.8,578,71,2541.8,279,152,76,9988.2,5441.6,2720.8,0.202562804,0.444152637,0.29,9,2.66,202.16,897.98,632.1,344.37,759.06,0.14,0.55,0.3,0.15,20692.399999999998,2633.5099999999998,0.1272694322553208,52.08064266903085,Medium
Japanese,26304,Lotus Grill,Full-service,West Auckland,1.04,34.19,1016,183,6256.77,458,250,125,15659.02,8547.5,4273.75,0.384006748,0.516593752,0.32,17,5.02,627.5,621.92,-3454.39,-1885.58,-202.69,0.22,0.55,0.3,0.15,34737.04,-4920.739999999999,-0.14165685965182984,37.205012721171634,Low
Japanese,26264,Red House,QSR,South Auckland,1.05,36.64,980,97,3554.08,486,265,132,17807.04,9709.6,4836.48,0.206409751,0.39012785,0.3,7,2.07,273.24,1433.94,1842.36,1004.58,1678.1,0.11,0.55,0.3,0.15,35907.2,5958.98,0.1659550173781303,64.64894912486864,High
Japanese,26455,Dragon Bistro,Cafe,West Auckland,1.04,43.12,527,80,3449.6,246,134,67,10607.52,5778.08,2889.04,0.263502875,0.391973116,0.29,7,2.07,138.69,1188.47,578.36,315.04,856.65,0.18,0.55,0.3,0.15,22724.24,2938.52,0.12931213541134928,57.976107624427556,Medium
Japanese,26428,Golden Corner,Ghost Kitchen,South Auckland,1.05,35.81,1422,105,3760.05,724,395,198,25926.44,14144.95,7090.38,0.296076073,0.216479024,0.3,8,2.36,467.28,1832.82,4859.78,2651.4,2988.89,0.08,0.55,0.3,0.15,50921.82,12332.89,0.24219263961892956,73.73182632968093,High
Japanese,25836,Golden Kitchen,Cafe,North Shore,1.03,34.88,601,59,2057.92,298,163,81,10394.24,5685.44,2825.28,0.243954892,0.390905472,0.31,6,1.77,143.37,751.43,573.13,313.49,888.25,0.11,0.55,0.3,0.15,20962.879999999997,2526.3,0.12051302111160302,46.07695639731639,Medium
Japanese,25838,Dragon Bistro,Full-service,CBD,0.99,32.01,1516,242,7746.42,701,382,191,22439.01,12227.82,6113.91,0.375022407,0.478104886,0.32,9,2.66,508.06,1137.74,-3884.81,-2116.97,389.91,0.19,0.55,0.3,0.15,48527.16,-4474.129999999999,-0.09219847194849233,18.935103565172497,Low
Japanese,25397,Red Cafe,QSR,South Auckland,1.05,36.9,944,101,3726.9,464,253,126,17121.6,9335.7,4649.4,0.207561242,0.427623541,0.31,15,4.43,558.18,1359.63,938.52,511.74,1137.99,0.12,0.55,0.3,0.15,34833.6,3947.88,0.11333540030315559,60.949100450745306,Medium
Japanese,25824,Golden Corner,Ghost Kitchen,North Shore,1.03,34.11,1304,50,1705.5,690,376,188,23535.9,12825.36,6412.68,0.266505319,0.293576011,0.3,12,3.54,665.52,750.28,3293.11,1794.51,2155.54,0.04,0.55,0.3,0.15,44479.44,7993.4400000000005,0.17971089564077244,56.817043207982955,Medium
Japanese,26069,Dragon Cafe,Ghost Kitchen,South Auckland,1.05,36.49,673,32,1167.68,353,192,96,12880.97,7006.08,3503.04,0.283546177,0.223205913,0.31,8,2.36,226.56,575.96,2360.41,1283.85,1501.31,0.05,0.55,0.3,0.15,24557.77,5721.529999999999,0.23298247357150095,65.79557612228896,High
Japanese,25182,Red Grill,QSR,South Auckland,1.05,36.11,871,100,3611.0,424,231,116,15310.64,8341.41,4188.76,0.210995952,0.449590544,0.33,18,5.31,615.96,1225.62,144.13,78.52,805.76,0.13,0.55,0.3,0.15,31451.809999999998,2254.0299999999997,0.07166614576394809,56.693324235302434,Medium
Japanese,25627,Golden House,QSR,CBD,0.99,41.78,822,88,3676.64,404,220,110,16879.12,9191.6,4595.8,0.229561721,0.378747976,0.28,12,3.54,389.4,1440.1,1885.23,1026.61,1410.73,0.12,0.55,0.3,0.15,34343.16,5762.67,0.167796731576244,37.52718627583638,Low
Japanese,25858,Dragon Cafe,QSR,CBD,0.99,30.34,1390,181,5491.54,665,363,181,20176.1,11013.42,5491.54,0.233027175,0.432163921,0.28,9,2.66,481.46,1838.62,1105.83,603.63,1357.16,0.15,0.55,0.3,0.15,42172.6,4905.24,0.11631343573789617,30.212099021216172,Low
Japanese,25793,Golden Bistro,QSR,North Shore,1.03,44.46,1322,109,4846.14,667,364,182,29654.82,16183.44,8091.72,0.220565614,0.364827864,0.32,9,2.66,484.12,2009.24,2805.54,1531.06,2870.76,0.09,0.55,0.3,0.15,58776.12,9216.6,0.15680858144430085,64.36648475615185,High
Japanese,25874,Lotus House,Cafe,South Auckland,1.05,37.47,1752,201,7531.47,853,465,233,31961.91,17423.55,8730.51,0.265840567,0.43534924,0.32,11,3.25,757.25,2250.48,-677.27,-369.2,1851.52,0.13,0.55,0.3,0.15,65647.43999999999,3055.5299999999997,0.046544541569328524,65.4644560268314,High
Japanese,26155,Sakura Eatery,Cafe,West Auckland,1.04,32.14,1366,208,6685.12,637,347,174,20473.18,11152.58,5592.36,0.27543968,0.36857905,0.3,17,5.02,873.48,2379.78,1146.11,624.34,1117.3,0.18,0.55,0.3,0.15,43903.24,5267.530000000001,0.11998043880132767,56.75405793586077,Medium
Japanese,26398,Red Kitchen,Cafe,South Auckland,1.05,33.94,1485,182,6177.08,717,391,195,24334.98,13270.54,6618.3,0.21454746,0.380856062,0.31,14,4.13,805.35,2499.22,2302.0,1255.35,1872.39,0.14,0.55,0.3,0.15,50400.9,7928.96,0.15731782567374789,67.0720245111195,High
Japanese,26361,Dragon House,Full-service,CBD,0.99,39.28,1715,273,10723.44,793,433,216,31149.04,17008.24,8484.48,0.371044463,0.52991912,0.27,18,5.31,1146.96,1062.01,-5325.35,-2907.79,-306.69,0.19,0.55,0.3,0.15,67365.2,-7477.82,-0.11100419801321751,26.02063445545486,Low
Japanese,25484,Lotus House,Full-service,CBD,0.99,43.35,1617,343,14869.05,701,382,191,30388.35,16559.7,8279.85,0.389593648,0.469132607,0.31,13,3.84,733.44,2100.61,-5127.31,-2794.06,436.29,0.27,0.55,0.3,0.15,70096.95,-5384.47,-0.07681461176270865,30.789987674308446,Low
Japanese,26548,Lotus Corner,Cafe,West Auckland,1.04,40.76,799,79,3220.04,396,216,108,16140.96,8804.16,4402.08,0.273636317,0.390719757,0.31,13,3.84,414.72,1080.79,413.92,225.77,1062.81,0.11,0.55,0.3,0.15,32567.239999999998,2783.29,0.0854628761909207,55.86241307784976,Medium
Japanese,26366,Dragon Diner,QSR,CBD,0.99,36.78,773,76,2795.28,383,209,105,14086.74,7687.02,3861.9,0.211343499,0.40794842,0.28,14,4.13,433.65,1064.19,1418.65,774.15,1036.61,0.11,0.55,0.3,0.15,28430.940000000002,4293.6,0.15101857342739985,31.579906502769305,Low
Japanese,26608,Dragon Grill,QSR,CBD,0.99,36.8,661,54,1987.2,334,182,91,12291.2,6697.6,3348.8,0.244970485,0.350810358,0.3,6,1.77,161.07,803.26,1280.98,698.02,1192.58,0.09,0.55,0.3,0.15,24324.8,3974.8399999999997,0.1634068933763073,31.249978701580126,Low
Japanese,25191,Red Kitchen,QSR,West Auckland,1.04,43.31,809,93,4027.83,394,215,107,17064.14,9311.65,4634.17,0.215933739,0.364275915,0.28,13,3.84,410.88,1690.84,2385.4,1301.68,1534.5,0.13,0.55,0.3,0.15,35037.79,6912.42,0.19728470317334512,65.69189555607949,High
Japanese,26056,Red Kitchen,QSR,North Shore,1.03,44.7,661,60,2682.0,331,180,90,14795.7,8046.0,4023.0,0.209457493,0.384090273,0.29,5,1.48,133.2,1090.1,1722.99,936.97,1501.96,0.1,0.55,0.3,0.15,29546.7,5252.02,0.17775318394270764,59.0108701091071,Medium
Japanese,25561,Red Eatery,QSR,North Shore,1.03,33.82,765,69,2333.58,383,209,104,12953.06,7068.38,3517.28,0.249428802,0.417320056,0.27,12,3.54,368.16,777.67,819.3,447.08,803.98,0.1,0.55,0.3,0.15,25872.3,2848.0299999999997,0.11008027890833053,46.192612515619025,Medium
Japanese,26206,Sakura House,Ghost Kitchen,South Auckland,1.05,38.27,492,23,880.21,258,141,70,9873.66,5396.07,2678.9,0.278013643,0.205571949,0.29,18,5.31,371.7,454.55,2235.54,1221.75,1011.72,0.05,0.55,0.3,0.15,18828.84,4923.56,0.2614903520344323,67.33715099497218,High
Japanese,25884,Sakura Corner,QSR,CBD,0.99,40.79,755,92,3752.68,365,199,99,14888.35,8117.21,4038.21,0.260912698,0.355794576,0.29,15,4.43,438.57,1438.37,1388.97,757.28,1109.25,0.14,0.55,0.3,0.15,30796.449999999997,4693.87,0.15241594404549877,34.93310842833024,Low
Japanese,26695,Red Grill,Full-service,South Auckland,1.05,43.8,801,155,6789.0,355,194,97,15549.0,8497.2,4248.6,0.384673321,0.486521621,0.31,15,4.43,429.71,874.46,-2817.4,-1539.65,117.53,0.24,0.55,0.3,0.15,35083.8,-3365.06,-0.09591492369697695,51.28310261392473,Medium
Japanese,25523,Golden Kitchen,QSR,West Auckland,1.04,39.26,1523,125,4907.5,769,419,210,30190.94,16449.94,8244.6,0.245123395,0.414689914,0.28,5,1.48,310.8,1669.47,1817.09,990.07,2493.9,0.09,0.55,0.3,0.15,59792.98,6970.530000000001,0.11657773203476395,64.3048702796616,High
Japanese,25926,Golden Corner,Full-service,North Shore,1.03,35.24,1402,298,10501.52,607,331,166,21390.68,11664.44,5849.84,0.35764533,0.513063862,0.29,11,3.25,539.5,1357.75,-3437.68,-1874.58,216.83,0.27,0.55,0.3,0.15,49406.479999999996,-3737.68,-0.07565161492986346,41.62503444249824,Low
Japanese,26048,Sakura Tavern,QSR,North Shore,1.03,41.53,544,58,2408.74,267,146,73,11088.51,6063.38,3031.69,0.201183567,0.428493036,0.32,9,2.66,194.18,892.01,558.01,305.13,928.53,0.12,0.55,0.3,0.15,22592.32,2683.6800000000003,0.11878726930213454,51.0790780222306,Medium
Japanese,26278,Golden Diner,Full-service,West Auckland,1.04,32.39,1420,246,7967.94,646,352,176,20923.94,11401.28,5700.64,0.353880776,0.513588661,0.33,10,2.95,519.2,1056.0,-4131.84,-2251.4,236.31,0.21,0.55,0.3,0.15,45993.799999999996,-5090.929999999999,-0.110687310028743,42.00412916744653,Low
Japanese,26240,Dragon Bistro,QSR,North Shore,1.03,44.24,1665,178,7874.72,818,446,223,36188.32,19731.04,9865.52,0.229306232,0.405727085,0.31,11,3.25,724.75,2874.01,1989.15,1084.55,2875.84,0.12,0.55,0.3,0.15,73659.6,8823.55,0.11978818782616249,65.30222911412578,High
Japanese,26049,Sakura House,Full-service,West Auckland,1.04,42.53,811,205,8718.65,333,182,91,14162.49,7740.46,3870.23,0.395120665,0.492510938,0.28,3,0.89,80.99,979.7,-2374.08,-1297.55,353.9,0.34,0.55,0.3,0.15,34491.83,-2338.0299999999997,-0.06778503779010854,47.19070928027038,Medium
Japanese,26051,Sakura Cafe,Full-service,West Auckland,1.04,38.36,1671,395,15152.2,702,383,191,26928.72,14691.88,7326.76,0.353888595,0.531871802,0.27,12,3.54,676.14,1730.98,-4194.43,-2288.41,160.87,0.31,0.55,0.3,0.15,64099.56,-4590.990000000001,-0.0716228005309241,52.41739833794674,Medium
Japanese,26418,Lotus Eatery,QSR,West Auckland,1.04,43.92,959,110,4831.2,467,255,127,20510.64,11199.6,5577.84,0.254194249,0.394716512,0.32,3,0.89,113.03,1696.18,637.66,348.19,1845.29,0.13,0.55,0.3,0.15,42119.28,4527.32,0.10748806722242166,61.75137729067084,Medium
Japanese,26029,Sakura Grill,QSR,South Auckland,1.05,38.48,1000,99,3809.52,496,270,135,19086.08,10389.6,5194.8,0.269834992,0.404240629,0.33,5,1.48,199.8,1241.62,-77.79,-42.34,1493.31,0.11,0.55,0.3,0.15,38480.00000000001,2614.8,0.06795218295218294,59.84238027053601,Medium
Japanese,25019,Dragon House,Cafe,West Auckland,1.04,39.08,1642,149,5822.92,821,448,224,32084.68,17507.84,8753.92,0.229026,0.363543054,0.28,13,3.84,860.16,2372.44,4088.58,2231.04,2706.46,0.1,0.55,0.3,0.15,64169.36,11398.52,0.17763181680478035,69.51708217588772,High
Japanese,25008,Golden Bistro,Ghost Kitchen,CBD,0.99,33.6,1402,115,3864.0,708,386,193,23788.8,12969.6,6484.8,0.296795365,0.275661605,0.28,6,1.77,341.61,1652.03,3509.87,1913.57,2430.92,0.09,0.55,0.3,0.15,47107.200000000004,9506.39,0.20180333367298414,38.89999110758686,Low
Japanese,25168,Sakura Grill,QSR,CBD,0.99,36.66,441,40,1466.4,221,120,60,8101.86,4399.2,2199.6,0.26931674,0.397792466,0.3,3,0.89,53.4,488.15,266.48,144.69,678.83,0.1,0.55,0.3,0.15,16167.06,1578.15,0.09761515080664018,24.378073854887916,Low
Japanese,25575,Red Cafe,Ghost Kitchen,North Shore,1.03,46.05,1595,118,5433.9,812,443,222,37392.6,20400.15,10223.1,0.262201234,0.20648294,0.31,3,0.89,197.58,2887.12,8275.57,4514.88,5234.11,0.08,0.55,0.3,0.15,73449.75,20911.68,0.2847072998886994,77.22725661230139,High
Japanese,26181,Lotus Diner,QSR,South Auckland,1.05,39.53,1365,167,6601.51,659,359,180,26050.27,14191.27,7115.4,0.225995637,0.425437679,0.33,8,2.36,424.8,2301.07,483.67,263.48,2055.39,0.14,0.55,0.3,0.15,53958.450000000004,5103.610000000001,0.09458407348617316,66.38924138171961,High
Japanese,26425,Red Bistro,Cafe,West Auckland,1.04,45.01,1064,138,6211.38,509,278,139,22910.09,12512.78,6256.39,0.219707919,0.39908913,0.31,11,3.25,451.75,2367.8,1631.27,890.95,1933.2,0.15,0.55,0.3,0.15,47890.64,6823.22,0.14247502225904687,66.15270699943584,High
Japanese,26385,Sakura House,Ghost Kitchen,CBD,0.99,34.19,1437,106,3624.14,732,399,200,25027.08,13641.81,6838.0,0.293339884,0.266947809,0.31,14,4.13,826.0,1593.58,3246.32,1769.51,2180.75,0.08,0.55,0.3,0.15,49131.03,8790.16,0.17891259352795982,38.235041604586314,Low
Japanese,26518,Lotus Tavern,Cafe,CBD,0.99,30.07,566,60,1804.2,278,152,76,8359.46,4570.64,2285.32,0.250124883,0.391696425,0.32,12,3.54,269.04,646.23,319.15,174.5,549.51,0.12,0.55,0.3,0.15,17019.62,1689.39,0.09926132310827153,20.139497943583308,Low
Japanese,26213,Golden House,QSR,North Shore,1.03,34.81,1428,117,4072.77,721,393,197,25098.01,13680.33,6857.57,0.224662753,0.401254094,0.27,7,2.07,407.79,1523.55,2612.28,1423.89,2157.51,0.09,0.55,0.3,0.15,49708.68,7717.2300000000005,0.15524914361033124,57.07972084759454,Medium
Japanese,26037,Dragon Diner,QSR,CBD,0.99,41.15,1458,132,5431.8,729,398,199,29998.35,16377.7,8188.85,0.272327848,0.424706685,0.28,10,2.95,587.05,1645.65,688.93,376.12,1893.89,0.1,0.55,0.3,0.15,59996.700000000004,4604.59,0.07674738777299418,37.56237154632749,Low
Japanese,26473,Dragon Tavern,Full-service,South Auckland,1.05,39.32,1364,338,13290.16,564,308,154,22176.48,12110.56,6055.28,0.360700103,0.50368746,0.3,15,4.43,682.22,1802.31,-3645.54,-1990.83,138.95,0.33,0.55,0.3,0.15,53632.479999999996,-3695.11,-0.06889686995641447,55.18827056430826,Medium
Japanese,25676,Lotus Corner,Cafe,South Auckland,1.05,37.75,1449,231,8720.25,670,365,183,25292.5,13778.75,6908.25,0.232736262,0.377447,0.28,12,3.54,647.82,3399.3,2777.54,1513.14,2045.13,0.19,0.55,0.3,0.15,54699.75,9735.11,0.17797357391944205,71.36031118549694,High
Japanese,26202,Lotus Cafe,Ghost Kitchen,North Shore,1.03,39.39,742,48,1890.72,382,208,104,15046.98,8193.12,4096.56,0.282787777,0.325283242,0.28,10,2.95,306.8,741.03,1684.19,917.05,1298.76,0.07,0.55,0.3,0.15,29227.38,4641.030000000001,0.1587904902868475,54.02114997836283,Medium
Japanese,26554,Sakura Kitchen,Cafe,West Auckland,1.04,42.93,1272,146,6267.78,619,338,169,26573.67,14510.34,7255.17,0.25976028,0.409047899,0.33,17,5.02,848.38,2075.84,31.67,17.29,1554.47,0.13,0.55,0.3,0.15,54606.95999999999,3679.2700000000004,0.06737730868006571,61.50027130273069,Medium
Japanese,25787,Lotus Cafe,QSR,West Auckland,1.04,44.71,990,90,4023.9,495,270,135,22131.45,12071.7,6035.85,0.263192797,0.371279262,0.29,15,4.43,598.05,1470.85,1671.54,911.75,1608.22,0.1,0.55,0.3,0.15,44262.9,5662.36,0.12792564427545414,64.13424497797281,High
Japanese,26438,Lotus Eatery,Full-service,CBD,0.99,33.54,613,84,2817.36,291,159,79,9760.14,5332.86,2649.66,0.360813741,0.505782615,0.27,7,2.07,163.53,375.85,-1333.2,-728.45,189.94,0.16,0.55,0.3,0.15,20560.02,-1495.8600000000001,-0.07275576580178425,12.035117797435172,Low
Japanese,25873,Sakura Grill,Full-service,West Auckland,1.04,35.04,1885,339,11878.56,850,464,232,29784.0,16258.56,8129.28,0.354307649,0.476819818,0.32,4,1.18,273.76,2005.96,-4501.18,-2457.11,1099.05,0.22,0.55,0.3,0.15,66050.4,-3853.2799999999997,-0.05833848091760232,52.71392475800404,Medium
Japanese,26034,Golden House,QSR,West Auckland,1.04,46.27,531,69,3192.63,254,139,69,11752.58,6431.53,3192.63,0.20946353,0.448409099,0.29,17,5.02,346.38,1092.29,612.63,335.26,745.91,0.15,0.55,0.3,0.15,24569.37,2786.09,0.11339688400638682,59.655760686658496,Medium
Japanese,25184,Dragon Cafe,QSR,North Shore,1.03,41.57,1243,152,6318.64,600,327,164,24942.0,13593.39,6817.48,0.22781131,0.426582224,0.28,16,4.72,774.08,2183.76,1636.36,891.81,1582.09,0.14,0.55,0.3,0.15,51671.509999999995,6294.02,0.12180832338749151,58.69035560669633,Medium
Japanese,25348,Red Tavern,Cafe,South Auckland,1.05,39.66,1327,221,8764.86,608,332,166,24113.28,13167.12,6583.56,0.260996655,0.356645783,0.32,5,1.48,245.68,3351.31,1503.65,821.07,2271.59,0.2,0.55,0.3,0.15,52628.82,7947.62,0.1510126960855288,69.90045676347317,High
Japanese,25643,Red Bistro,Ghost Kitchen,CBD,0.99,43.23,1096,62,2680.26,569,310,155,24597.87,13401.3,6700.65,0.29654417,0.272076313,0.31,15,4.43,686.65,1156.21,2985.68,1626.64,2203.87,0.06,0.55,0.3,0.15,47380.079999999994,7972.4,0.16826480664448015,41.69613768967914,Low
Japanese,25226,Red Corner,Cafe,West Auckland,1.04,37.52,767,105,3939.6,364,199,99,13657.28,7466.48,3714.48,0.238916006,0.408436138,0.29,17,5.02,496.98,1389.29,855.6,467.76,812.92,0.16,0.55,0.3,0.15,28777.84,3525.5699999999997,0.12250988955390675,55.23313474182867,Medium
Japanese,26365,Lotus Grill,QSR,North Shore,1.03,38.36,864,78,2992.08,432,236,118,16571.52,9052.96,4526.48,0.27687737,0.428101296,0.31,11,3.25,383.5,882.73,-248.22,-135.6,951.91,0.1,0.55,0.3,0.15,33143.03999999999,1450.82,0.043774499864828335,46.67629758085434,Medium
Japanese,25635,Sakura Bistro,QSR,West Auckland,1.04,40.27,1232,101,4067.27,622,339,170,25047.94,13651.53,6845.9,0.201740783,0.427386292,0.3,11,3.25,552.5,1508.44,1775.22,967.52,1986.46,0.09,0.55,0.3,0.15,49612.64,6237.64,0.12572683090438244,62.720098761990506,Medium
Japanese,25080,Dragon Cafe,QSR,South Auckland,1.05,43.46,1609,132,5736.72,812,443,222,35289.52,19252.78,9648.12,0.23662827,0.389586268,0.27,7,2.07,459.54,2144.3,3662.54,1998.16,3146.79,0.09,0.55,0.3,0.15,69927.14,10951.79,0.15661715894572553,76.520927615736,High
Japanese,26660,Sakura Cafe,Full-service,South Auckland,1.05,38.45,1361,217,8343.65,629,343,172,24185.05,13188.35,6613.4,0.380893692,0.473209342,0.31,5,1.48,254.56,1217.31,-3968.84,-2164.25,710.31,0.19,0.55,0.3,0.15,52330.45,-4205.470000000001,-0.08036372704610797,53.63609713965102,Medium
Japanese,26328,Sakura House,Cafe,North Shore,1.03,36.91,1525,175,6459.25,743,405,202,27424.13,14948.55,7455.82,0.226427938,0.432532472,0.28,4,1.18,238.36,2202.86,1673.96,912.45,2304.37,0.13,0.55,0.3,0.15,56287.75000000001,7093.64,0.1260245790602751,57.94095998006274,Medium
Japanese,26084,Lotus Eatery,Cafe,South Auckland,1.05,40.42,1561,203,8205.26,747,407,204,30193.74,16450.94,8245.68,0.224783057,0.391915865,0.31,3,0.89,181.56,3145.09,2213.23,1205.87,2979.02,0.15,0.55,0.3,0.15,63095.62,9543.21,0.15124995998137428,73.03845971531963,High
Japanese,26326,Golden Kitchen,Cafe,South Auckland,1.05,44.18,1483,134,5920.12,742,405,202,32781.56,17892.9,8924.36,0.257800715,0.38243854,0.29,11,3.25,656.5,2129.83,2286.87,1248.22,2554.13,0.1,0.55,0.3,0.15,65518.94,8219.05,0.125445405557538,73.71178390454321,High
Japanese,25680,Dragon Cafe,Cafe,South Auckland,1.05,37.7,991,121,4561.7,479,261,130,18058.3,9839.7,4901.0,0.219805197,0.412271771,0.31,7,2.07,269.1,1678.35,1045.99,569.95,1534.09,0.14,0.55,0.3,0.15,37360.7,4828.38,0.1292368719001518,63.20385644113349,Medium
Japanese,25990,Red Grill,Cafe,South Auckland,1.05,41.45,841,134,5554.3,389,212,106,16124.05,8787.4,4393.7,0.258344796,0.386462967,0.32,17,5.02,532.12,1972.84,567.44,309.25,1028.49,0.19,0.55,0.3,0.15,34859.45,3878.0199999999995,0.11124730883591107,63.6353951868488,High
Japanese,26572,Lotus House,QSR,West Auckland,1.04,32.31,639,78,2520.18,309,168,84,9983.79,5428.08,2714.04,0.222789006,0.391756869,0.32,4,1.18,99.12,971.41,653.48,355.29,947.02,0.14,0.55,0.3,0.15,20646.090000000004,2927.2,0.14177987212106502,50.69960385222883,Medium
Japanese,26332,Golden Bistro,Cafe,North Shore,1.03,37.55,1449,210,7885.5,681,372,186,25571.55,13968.6,6984.3,0.276243352,0.388164146,0.28,9,2.66,494.76,2646.31,1421.59,776.55,1849.12,0.17,0.55,0.3,0.15,54409.950000000004,6693.57,0.12302106508092728,57.487455996356786,Medium
Japanese,25626,Golden Diner,Cafe,South Auckland,1.05,31.84,1549,178,5667.52,754,411,206,24007.36,13086.24,6559.04,0.242263052,0.423438486,0.32,10,2.95,607.7,1894.64,343.27,187.11,1584.98,0.13,0.55,0.3,0.15,49320.16,4010.0,0.08130549454827396,60.82180371827427,Medium
Japanese,26162,Sakura Corner,QSR,North Shore,1.03,43.02,901,74,3183.48,455,248,124,19574.1,10668.96,5334.48,0.274492172,0.357641596,0.28,10,2.95,365.8,1171.09,1719.9,937.44,1596.58,0.09,0.55,0.3,0.15,38761.01999999999,5425.01,0.13996045511702224,57.55236887213736,Medium
Japanese,25950,Golden Kitchen,QSR,West Auckland,1.04,40.48,1417,163,6598.24,690,376,188,27931.2,15220.48,7610.24,0.263979021,0.443158025,0.28,18,5.31,998.28,1932.38,359.28,195.78,1230.48,0.13,0.55,0.3,0.15,57360.159999999996,3717.92,0.064817113480855,60.750163249836184,Medium
Japanese,26474,Red Tavern,Cafe,North Shore,1.03,40.01,656,100,4001.0,306,167,83,12243.06,6681.67,3320.83,0.215015464,0.429638663,0.28,4,1.18,97.94,1421.74,922.46,503.44,1082.1,0.18,0.55,0.3,0.15,26246.559999999998,3929.74,0.1497240019263477,53.03664128350781,Medium
Japanese,26148,Lotus Tavern,Full-service,West Auckland,1.04,35.97,1488,194,6978.18,712,388,194,25610.64,13956.36,6978.18,0.386351231,0.524007843,0.27,15,4.43,859.42,625.53,-4619.11,-2517.16,-233.89,0.15,0.55,0.3,0.15,53523.36,-6744.63,-0.1260128287910176,44.76844335459835,Low
Japanese,25262,Golden Corner,Ghost Kitchen,West Auckland,1.04,46.27,1126,32,1480.64,602,328,164,27854.54,15176.56,7588.28,0.288767496,0.316839593,0.32,3,0.89,145.96,583.95,2072.18,1129.03,2846.8,0.03,0.55,0.3,0.15,52100.02,6631.96,0.12729284940773536,66.86797099054314,High
Japanese,25721,Dragon Corner,Cafe,North Shore,1.03,44.47,1361,207,9205.29,635,346,173,28238.45,15386.62,7693.31,0.22497858,0.397193155,0.31,10,2.95,510.35,3478.02,1915.37,1043.65,2396.4,0.18,0.55,0.3,0.15,60523.670000000006,8833.439999999999,0.14595017123052845,64.05520656078613,High
Japanese,25105,Sakura Grill,Cafe,West Auckland,1.04,44.69,1238,132,5899.08,608,332,166,27171.52,14837.08,7418.54,0.212421131,0.440803884,0.27,4,1.18,195.88,2045.65,2086.09,1139.12,2376.68,0.12,0.55,0.3,0.15,55326.22,7647.539999999999,0.13822632379367322,67.42678743224586,High
Japanese,26663,Sakura Grill,QSR,South Auckland,1.05,43.37,818,94,4076.78,398,217,109,17261.26,9411.29,4727.33,0.273267865,0.373013901,0.31,7,2.07,225.63,1442.03,754.63,411.44,1446.51,0.13,0.55,0.3,0.15,35476.659999999996,4054.6099999999997,0.11428950752410176,65.24903549952019,High
Japanese,26604,Lotus House,Full-service,CBD,0.99,38.61,935,168,6486.48,422,230,115,16293.42,8880.3,4440.15,0.3957178,0.463533437,0.28,6,1.77,203.55,912.96,-2268.88,-1236.59,421.4,0.22,0.55,0.3,0.15,36100.35,-2171.11,-0.06014096816235854,20.641964758623555,Low
Japanese,25544,Golden Grill,QSR,CBD,0.99,37.56,1331,153,5746.68,648,353,177,24338.88,13258.68,6648.12,0.277365746,0.433482588,0.28,18,5.31,939.87,1661.66,222.74,121.34,982.44,0.13,0.55,0.3,0.15,49992.36000000001,2988.1800000000003,0.059772733273644206,31.991803059187475,Low
Japanese,25222,Golden Kitchen,Ghost Kitchen,South Auckland,1.05,44.92,665,43,1931.56,342,187,93,15362.64,8400.04,4177.56,0.284354734,0.235236591,0.29,9,2.66,247.38,927.94,2925.18,1599.44,1759.56,0.07,0.55,0.3,0.15,29871.800000000003,7212.119999999999,0.24143573537583937,73.53105549747968,High
Japanese,25749,Sakura Cafe,Full-service,North Shore,1.03,39.47,988,250,9867.5,406,221,111,16024.82,8722.87,4381.17,0.35076056,0.522105942,0.3,7,2.07,229.77,1254.49,-2770.15,-1507.89,327.22,0.34,0.55,0.3,0.15,38996.36,-2696.33,-0.06914312002453563,41.334455619736545,Low
Japanese,26596,Sakura Eatery,QSR,West Auckland,1.04,35.63,1532,126,4489.38,773,422,211,27541.99,15035.86,7517.93,0.213268641,0.398478802,0.31,4,1.18,248.98,1743.01,2155.23,1176.59,2669.88,0.09,0.55,0.3,0.15,54585.16,7744.71,0.1418830685849414,62.98188954179786,Medium
Japanese,25343,Dragon Cafe,Cafe,South Auckland,1.05,32.59,1588,219,7137.21,753,411,205,24540.27,13394.49,6680.95,0.276790069,0.378854388,0.3,14,4.13,846.65,2457.74,1088.5,594.12,1453.97,0.16,0.55,0.3,0.15,51752.92,5594.33,0.10809689578868208,63.682561164192485,High
Japanese,25991,Lotus Eatery,QSR,South Auckland,1.05,36.46,1302,149,5432.54,634,346,173,23115.64,12615.16,6307.58,0.217342792,0.380982107,0.27,7,2.07,358.11,2182.12,3043.75,1661.1,2175.49,0.13,0.55,0.3,0.15,47470.92,9062.46,0.190905505939215,69.57107503835512,High
Japanese,26570,Sakura Kitchen,Full-service,South Auckland,1.05,36.61,936,162,5930.82,426,232,116,15595.86,8493.52,4246.76,0.398264523,0.531748677,0.3,8,2.36,273.76,415.08,-3587.25,-1953.62,23.46,0.21,0.55,0.3,0.15,34266.96,-5102.33,-0.14889940630858414,42.95479565309201,Low
Kebabs/Mediterranean,26545,Spice House,Full-service,South Auckland,1.05,40.05,627,125,5006.25,276,151,75,11053.8,6047.55,3003.75,0.36459869,0.529629612,0.33,17,5.02,376.5,529.52,-2478.57,-1356.03,-58.79,0.25,0.55,0.3,0.15,25111.35,-3363.87,-0.13395815039812675,43.660252807568156,Low
Kebabs/Mediterranean,26602,Mediterranean Bistro,QSR,West Auckland,1.04,33.46,634,47,1572.62,323,176,88,10807.58,5888.96,2944.48,0.201225141,0.418291948,0.31,13,3.84,337.92,598.36,761.75,415.07,782.4,0.08,0.55,0.3,0.15,21213.64,2557.58,0.1205629962608963,50.207093019025216,Medium
Kebabs/Mediterranean,25091,Spice Eatery,QSR,West Auckland,1.04,45.92,776,95,4362.4,375,204,102,17220.0,9367.68,4683.84,0.277301201,0.378922409,0.3,6,1.77,180.54,1499.69,753.83,410.08,1429.65,0.14,0.55,0.3,0.15,35633.92,4093.25,0.11486948390746794,62.03829061397841,Medium
Kebabs/Mediterranean,25614,Greek Grill,Ghost Kitchen,West Auckland,1.04,42.6,532,25,1065.0,279,152,76,11885.4,6475.2,3237.6,0.266277985,0.221162783,0.28,4,1.18,89.68,545.88,2764.06,1505.87,1569.78,0.05,0.55,0.3,0.15,22663.199999999997,6385.589999999999,0.2817602986339087,67.84839090544975,High
Kebabs/Mediterranean,26105,Spice House,Full-service,South Auckland,1.05,40.7,1617,363,14774.1,690,376,188,28083.0,15303.2,7651.6,0.356935667,0.520855247,0.32,12,3.54,665.52,1805.53,-5554.56,-3026.83,269.58,0.29,0.55,0.3,0.15,65811.90000000001,-6506.280000000001,-0.09886175600461314,57.02595550058104,Medium
Kebabs/Mediterranean,26223,Spice Kitchen,QSR,CBD,0.99,31.53,1159,105,3310.65,580,316,158,18287.4,9963.48,4981.74,0.253054095,0.44301897,0.31,4,1.18,186.44,1006.2,-111.06,-60.51,1327.64,0.1,0.55,0.3,0.15,36543.270000000004,2162.2700000000004,0.05917012900049722,24.9505208124313,Low
Kebabs/Mediterranean,25024,Souvlaki Eatery,Ghost Kitchen,West Auckland,1.04,35.37,1141,54,1909.98,598,326,163,21151.26,11530.62,5765.31,0.25549008,0.29274634,0.27,10,2.95,480.85,862.86,3844.53,2095.85,2123.71,0.05,0.55,0.3,0.15,40357.17,8926.95,0.22119861229119883,63.97538519812757,High
Kebabs/Mediterranean,25289,Greek Bistro,QSR,West Auckland,1.04,34.89,789,65,2267.85,398,217,109,13886.22,7571.13,3803.01,0.25402348,0.418164386,0.31,17,5.02,547.18,743.43,247.34,134.86,699.49,0.09,0.55,0.3,0.15,27528.21,1825.1200000000001,0.06629998826658182,49.41764365706742,Medium
Kebabs/Mediterranean,25175,Greek Bistro,Full-service,CBD,0.99,33.4,1342,259,8650.6,596,325,162,19906.4,10855.0,5410.8,0.364125222,0.467583471,0.3,12,3.54,573.48,1455.82,-2621.85,-1429.7,337.11,0.24,0.55,0.3,0.15,44822.8,-2258.62,-0.050389980099413686,21.110826683415674,Low
Kebabs/Mediterranean,25007,Greek Cafe,Cafe,South Auckland,1.05,33.52,734,95,3184.4,351,192,96,11765.52,6435.84,3217.92,0.236895952,0.400437305,0.31,13,3.84,368.64,1154.88,619.65,338.95,798.39,0.15,0.55,0.3,0.15,24603.68,2911.87,0.1183509946479551,56.16458117514072,Medium
Kebabs/Mediterranean,26466,Ottoman Bistro,Full-service,South Auckland,1.05,45.45,942,169,7681.05,425,232,116,19316.25,10544.4,5272.2,0.369745925,0.515077801,0.32,3,0.89,103.24,884.67,-3956.43,-2159.74,503.99,0.22,0.55,0.3,0.15,42813.899999999994,-4727.51,-0.11041998042691745,53.21273684432231,Medium
Kebabs/Mediterranean,25305,Souvlaki Grill,Full-service,West Auckland,1.04,41.02,789,167,6850.34,342,187,93,14028.84,7670.74,3814.86,0.357983699,0.513289989,0.31,13,3.84,357.12,881.82,-2543.06,-1390.5,133.95,0.27,0.55,0.3,0.15,32364.78,-2917.79,-0.09015324683189566,44.153491722871294,Low
Kebabs/Mediterranean,26611,Souvlaki House,Cafe,West Auckland,1.04,40.69,1066,79,3214.51,543,296,148,22094.67,12044.24,6022.12,0.259203198,0.42171219,0.27,16,4.72,698.56,1025.7,1084.51,591.19,1223.01,0.08,0.55,0.3,0.15,43375.54,3924.41,0.09047518486225185,58.95622176431505,Medium
Kebabs/Mediterranean,25980,Mediterranean Diner,Cafe,North Shore,1.03,43.12,1379,113,4872.56,696,380,190,30011.52,16385.6,8192.8,0.202285921,0.376177826,0.28,18,5.31,1008.9,2053.96,4247.72,2319.16,2444.66,0.09,0.55,0.3,0.15,59462.479999999996,11065.5,0.18609213742850955,65.78736076497943,High
Kebabs/Mediterranean,26125,Souvlaki Cafe,QSR,South Auckland,1.05,45.72,739,85,3886.2,360,196,98,16459.2,8961.12,4480.56,0.242075206,0.362840296,0.3,17,5.02,491.96,1535.38,1565.01,852.06,1278.24,0.13,0.55,0.3,0.15,33787.08,5230.6900000000005,0.15481331917407484,69.16603820200568,High
Kebabs/Mediterranean,26018,Spice Diner,Full-service,West Auckland,1.04,43.73,584,131,5728.63,249,136,68,10888.77,5947.28,2973.64,0.367173613,0.522325868,0.32,8,2.36,160.48,633.02,-2281.19,-1245.95,168.11,0.29,0.55,0.3,0.15,25538.32,-2726.0099999999998,-0.1067419470035617,43.204708923791515,Low
Kebabs/Mediterranean,25832,Greek Grill,Full-service,North Shore,1.03,44.16,1885,352,15544.32,843,460,230,37226.88,20313.6,10156.8,0.353877747,0.4747875,0.32,16,4.72,1085.6,2663.28,-5534.34,-3019.93,654.61,0.23,0.55,0.3,0.15,83241.59999999999,-5236.38,-0.06290580671202861,55.250369901746396,Medium
Kebabs/Mediterranean,25713,Mediterranean Grill,Full-service,CBD,0.99,35.19,1050,144,5067.36,498,272,136,17524.62,9571.68,4785.84,0.386786558,0.529788629,0.32,13,3.84,522.24,422.74,-4145.89,-2264.42,-122.98,0.16,0.55,0.3,0.15,36949.5,-6110.55,-0.16537571550359276,11.826381951192133,Low
Kebabs/Mediterranean,26475,Greek Tavern,Cafe,South Auckland,1.05,43.63,554,68,2966.84,267,146,73,11649.21,6369.98,3184.99,0.248891774,0.402402316,0.32,11,3.25,237.25,1034.55,334.4,182.86,873.37,0.14,0.55,0.3,0.15,24171.019999999997,2425.18,0.10033420186653273,61.74801389579183,Medium
Kebabs/Mediterranean,26502,Mediterranean House,Ghost Kitchen,CBD,0.99,40.08,491,40,1603.2,248,135,68,9939.84,5410.8,2725.44,0.276130199,0.246165008,0.3,16,4.72,320.96,765.86,1766.36,961.53,981.0,0.09,0.55,0.3,0.15,19679.28,4474.75,0.22738382705058316,36.58642728008602,Low
Kebabs/Mediterranean,25288,Mediterranean House,QSR,West Auckland,1.04,45.09,1015,92,4148.28,508,277,138,22905.72,12489.93,6222.42,0.216415446,0.364264164,0.29,4,1.18,162.84,1739.46,2962.18,1615.2,2446.35,0.1,0.55,0.3,0.15,45766.35,8763.189999999999,0.1914767072314047,69.00470879720686,High
Kebabs/Mediterranean,25773,Spice Bistro,Full-service,CBD,0.99,37.45,1507,240,8988.0,697,380,190,26102.65,14231.0,7115.5,0.370961642,0.509873624,0.31,9,2.66,505.4,1071.05,-4981.31,-2715.78,342.52,0.19,0.55,0.3,0.15,56437.15,-6283.52,-0.11133659300655685,22.230188233986656,Low
Kebabs/Mediterranean,25225,Souvlaki Bistro,QSR,West Auckland,1.04,46.53,819,81,3768.93,406,221,111,18891.18,10283.13,5164.83,0.262682406,0.401916303,0.3,8,2.36,261.96,1264.1,668.77,364.04,1470.33,0.11,0.55,0.3,0.15,38108.07,3767.24,0.09885675133902083,61.93813807812428,Medium
Kebabs/Mediterranean,25454,Ottoman Tavern,QSR,West Auckland,1.04,39.95,823,81,3235.95,408,223,111,16299.6,8908.85,4434.45,0.256565089,0.421104991,0.29,13,3.84,426.24,1043.04,526.96,288.02,1003.12,0.11,0.55,0.3,0.15,32878.85,2861.14,0.08702068350930765,55.523815561401065,Medium
Kebabs/Mediterranean,25248,Spice Diner,Ghost Kitchen,South Auckland,1.05,33.77,603,49,1654.73,305,166,83,10299.85,5605.82,2802.91,0.283417476,0.303180989,0.31,5,1.48,122.84,684.07,1065.02,579.65,1035.89,0.09,0.55,0.3,0.15,20363.31,3364.63,0.16523001417745936,58.15486643927401,Medium
Kebabs/Mediterranean,25371,Ottoman Diner,Cafe,CBD,0.99,35.67,711,64,2282.88,356,194,97,12698.52,6919.98,3459.99,0.225877579,0.355963769,0.31,14,4.13,400.61,954.61,1373.45,748.46,1046.21,0.1,0.55,0.3,0.15,25361.370000000003,4122.73,0.16255943586643778,30.748428238844895,Low
Kebabs/Mediterranean,26629,Souvlaki Grill,Cafe,West Auckland,1.04,38.33,763,99,3794.67,365,199,100,13990.45,7627.67,3833.0,0.257246895,0.447942202,0.28,17,5.02,502.0,1118.71,207.21,112.97,628.01,0.15,0.55,0.3,0.15,29245.79,2066.9,0.07067342000335775,52.39663119604291,Medium
Kebabs/Mediterranean,25943,Spice Bistro,Cafe,South Auckland,1.05,36.29,880,87,3157.23,436,238,119,15822.44,8637.02,4318.51,0.2512568,0.375119054,0.28,13,3.84,456.96,1179.62,1481.36,808.63,1156.54,0.11,0.55,0.3,0.15,31935.200000000004,4626.15,0.1448605300733986,61.87243336353659,Medium
Kebabs/Mediterranean,25016,Greek House,Ghost Kitchen,CBD,0.99,32.39,1544,101,3271.39,794,433,216,25717.66,14024.87,6996.24,0.253185342,0.26486043,0.31,13,3.84,829.44,1576.66,4422.26,2411.64,2542.43,0.07,0.55,0.3,0.15,50010.159999999996,10952.99,0.21901529609183415,40.51632883737292,Low
Kebabs/Mediterranean,25740,Mediterranean Corner,QSR,CBD,0.99,41.47,1106,135,5598.45,534,291,146,22144.98,12067.77,6054.62,0.24256165,0.398084159,0.29,12,3.54,516.84,2011.83,1535.85,836.95,1658.91,0.14,0.55,0.3,0.15,45865.82,6043.54,0.1317656590463225,37.82978641899988,Low
Kebabs/Mediterranean,25276,Souvlaki Corner,Full-service,West Auckland,1.04,31.87,1282,256,8158.72,564,308,154,17974.68,9815.96,4907.98,0.393898059,0.483712477,0.32,14,4.13,636.02,998.54,-3551.99,-1939.74,-35.33,0.25,0.55,0.3,0.15,40857.34,-4528.5199999999995,-0.11083736728822777,40.09107948814996,Low
Kebabs/Mediterranean,26124,Mediterranean Tavern,QSR,West Auckland,1.04,32.43,1426,175,5675.25,688,375,188,22311.84,12161.25,6096.84,0.256884273,0.368377373,0.29,4,1.18,221.84,2126.73,1890.67,1030.52,2062.88,0.14,0.55,0.3,0.15,46245.17999999999,7110.8,0.15376305163046183,59.91152296198962,Medium
Kebabs/Mediterranean,25789,Spice Eatery,QSR,South Auckland,1.05,32.44,1444,166,5385.04,703,383,192,22805.32,12424.52,6228.48,0.273825882,0.435303534,0.31,7,2.07,397.44,1566.35,-436.25,-237.67,1414.24,0.13,0.55,0.3,0.15,46843.36,2306.67,0.04924219782697057,58.07092602389269,Medium
Kebabs/Mediterranean,26350,Ottoman Corner,Cafe,CBD,0.99,43.19,988,121,5225.99,477,260,130,20601.63,11229.4,5614.7,0.257561586,0.395663525,0.27,5,1.48,192.4,1812.24,1581.69,862.14,1754.64,0.14,0.55,0.3,0.15,42671.72,6010.710000000001,0.14085933259779546,38.67684187501072,Low
Kebabs/Mediterranean,25628,Souvlaki Kitchen,Full-service,West Auckland,1.04,33.05,652,99,3271.95,304,166,83,10047.2,5486.3,2743.15,0.38492362,0.490895912,0.32,11,3.25,269.75,406.31,-1967.44,-1074.32,70.9,0.18,0.55,0.3,0.15,21548.600000000002,-2564.5499999999997,-0.11901237203344994,33.90986348456228,Low
Kebabs/Mediterranean,26383,Spice Grill,Ghost Kitchen,CBD,0.99,43.64,909,75,3273.0,459,250,125,20030.76,10910.0,5455.0,0.288354203,0.245657608,0.31,11,3.25,406.25,1525.18,3124.56,1701.83,2135.72,0.09,0.55,0.3,0.15,39668.759999999995,8487.289999999999,0.21395400309966836,43.15319039620803,Low
Kebabs/Mediterranean,25265,Spice Corner,Cafe,CBD,0.99,44.54,1057,121,5389.34,515,281,140,22938.1,12515.74,6235.6,0.279153476,0.39372163,0.3,14,4.13,578.2,1762.99,622.19,339.49,1461.62,0.13,0.55,0.3,0.15,47078.78,4186.29,0.08892095334670949,37.067966844302966,Low
Kebabs/Mediterranean,26070,Ottoman Kitchen,Cafe,South Auckland,1.05,40.64,1068,97,3942.08,534,291,146,21701.76,11826.24,5933.44,0.233017965,0.408658241,0.33,16,4.72,689.12,1412.54,614.68,334.96,1436.97,0.1,0.55,0.3,0.15,43403.52,3799.1499999999996,0.08753091915125778,63.736029427449104,High
Kebabs/Mediterranean,26374,Mediterranean Cafe,Full-service,CBD,0.99,31.57,1365,188,5935.16,647,353,177,20425.79,11144.21,5587.89,0.371638255,0.45873145,0.3,15,4.43,784.11,1006.78,-2662.9,-1452.87,163.77,0.16,0.55,0.3,0.15,43093.05,-2945.22,-0.06834559169053941,18.57023451640237,Low
Kebabs/Mediterranean,25996,Mediterranean Tavern,Full-service,South Auckland,1.05,35.33,1777,366,12930.78,776,423,212,27416.08,14944.59,7489.96,0.365926622,0.490341198,0.28,5,1.48,313.76,1858.57,-3735.93,-2036.47,762.79,0.26,0.55,0.3,0.15,62781.409999999996,-3151.04,-0.050190653570858,57.37283520575483,Medium
Kebabs/Mediterranean,25955,Mediterranean Diner,Cafe,South Auckland,1.05,43.46,1369,146,6345.16,673,367,183,29248.58,15949.82,7953.18,0.264182696,0.356815892,0.31,6,1.77,323.91,2404.82,2018.19,1100.56,2690.36,0.12,0.55,0.3,0.15,59496.740000000005,8213.93,0.13805680781837795,72.73931488944127,High
Kebabs/Mediterranean,26537,Souvlaki Tavern,Cafe,South Auckland,1.05,42.82,1662,216,9249.12,795,434,217,34041.9,18583.88,9291.94,0.239814327,0.414505169,0.28,4,1.18,256.06,3197.24,2235.89,1220.6,2955.98,0.15,0.55,0.3,0.15,71166.84000000001,9609.71,0.1350307249837143,75.07577861357616,High
Kebabs/Mediterranean,25743,Spice Bistro,QSR,North Shore,1.03,36.61,1357,123,4503.03,679,370,185,24858.19,13545.7,6772.85,0.204481605,0.414568059,0.32,17,5.02,928.7,1715.43,1515.12,825.61,1651.42,0.1,0.55,0.3,0.15,49679.77,5707.58,0.11488740789258887,55.16073557905198,Medium
Kebabs/Mediterranean,26540,Mediterranean Grill,Cafe,CBD,0.99,37.77,1177,126,4759.02,578,315,158,21831.06,11897.55,5967.66,0.240826117,0.400244645,0.28,11,3.25,513.5,1708.15,1723.11,939.06,1628.47,0.12,0.55,0.3,0.15,44455.29000000001,5998.79,0.13493984630400563,35.61016123141898,Low
Kebabs/Mediterranean,26662,Souvlaki Diner,QSR,CBD,0.99,41.0,992,106,4346.0,487,266,133,19967.0,10906.0,5453.0,0.252186945,0.44915566,0.3,9,2.66,353.78,1297.97,-26.81,-14.64,1274.8,0.12,0.55,0.3,0.15,40672.0,2531.3199999999997,0.06223741148701809,31.54055573972796,Low
Kebabs/Mediterranean,26243,Mediterranean Tavern,Full-service,South Auckland,1.05,33.24,865,138,4587.12,400,218,109,13296.0,7246.32,3623.16,0.360161935,0.530864983,0.27,18,5.31,578.79,499.87,-2141.01,-1166.85,-183.96,0.19,0.55,0.3,0.15,28752.6,-2991.9500000000003,-0.10405841558676435,42.32720691933488,Low
Kebabs/Mediterranean,26609,Greek Grill,Cafe,West Auckland,1.04,39.38,1192,146,5749.48,575,314,157,22643.5,12365.32,6182.66,0.273661237,0.374862988,0.31,14,4.13,648.41,2020.8,939.16,512.86,1524.65,0.14,0.55,0.3,0.15,46940.96000000001,4997.47,0.10646288444036935,60.23532462780007,Medium
Kebabs/Mediterranean,26367,Greek Kitchen,QSR,North Shore,1.03,44.94,1471,180,8089.2,710,387,194,31907.4,17391.78,8718.36,0.253196105,0.35767739,0.29,14,4.13,801.22,3147.72,3162.87,1723.99,2591.32,0.14,0.55,0.3,0.15,66106.73999999999,10625.9,0.16073852681284845,66.61572522191436,High
Kebabs/Mediterranean,26073,Souvlaki Corner,Ghost Kitchen,North Shore,1.03,31.72,464,13,412.36,248,135,68,7866.56,4282.2,2156.96,0.286935224,0.337176509,0.3,13,3.84,261.12,155.0,596.98,324.97,549.66,0.03,0.55,0.3,0.15,14718.079999999998,1626.6100000000001,0.11051781210592689,41.24078052180732,Low
Kebabs/Mediterranean,25415,Greek Tavern,QSR,South Auckland,1.05,33.05,1029,76,2511.8,524,286,143,17318.2,9452.3,4726.15,0.257650163,0.444915941,0.29,12,3.54,506.22,747.09,128.74,70.27,899.5,0.08,0.55,0.3,0.15,34008.45,1845.6,0.05426886553194868,54.556471293508466,Medium
Kebabs/Mediterranean,26389,Ottoman Bistro,QSR,CBD,0.99,44.53,799,98,4363.94,386,210,105,17188.58,9351.3,4675.65,0.237571333,0.408935232,0.32,10,2.95,309.75,1542.62,575.7,313.21,1343.06,0.14,0.55,0.3,0.15,35579.47,3774.5899999999997,0.1060889889590823,35.49404708428182,Low
Kebabs/Mediterranean,25011,Greek Cafe,Ghost Kitchen,CBD,0.99,44.49,584,38,1690.62,300,164,82,13347.0,7296.36,3648.18,0.256190317,0.247887533,0.3,6,1.77,145.14,838.42,2614.97,1429.52,1664.07,0.07,0.55,0.3,0.15,25982.16,6546.98,0.2519798199995689,43.01688858523383,Low
Kebabs/Mediterranean,25079,Spice Corner,Cafe,South Auckland,1.05,33.15,1159,133,4408.95,564,308,154,18696.6,10210.2,5105.1,0.221820099,0.397894587,0.27,13,3.84,591.36,1676.66,2061.96,1126.04,1350.03,0.13,0.55,0.3,0.15,38420.85,6214.69,0.1617530585606513,63.25242908075753,Medium
Kebabs/Mediterranean,25805,Greek Diner,QSR,North Shore,1.03,37.52,827,88,3301.76,406,222,111,15233.12,8329.44,4164.72,0.268282535,0.42707123,0.27,13,3.84,426.24,1005.87,527.77,288.58,842.53,0.12,0.55,0.3,0.15,31029.04,2664.75,0.08587922797482617,48.39911414642,Medium
Kebabs/Mediterranean,25339,Ottoman Diner,Full-service,South Auckland,1.05,46.26,1762,229,10593.54,843,460,230,38997.18,21279.6,10639.8,0.355174615,0.535524721,0.3,15,4.43,1018.9,1157.88,-7436.74,-4058.01,144.04,0.15,0.55,0.3,0.15,81510.12000000001,-10192.829999999998,-0.12504987110802926,61.573934188840205,Medium
Kebabs/Mediterranean,26092,Mediterranean Cafe,QSR,South Auckland,1.05,33.15,656,65,2154.75,325,177,89,10773.75,5867.55,2950.35,0.200747563,0.442062317,0.3,18,5.31,472.59,769.66,616.15,335.57,581.25,0.11,0.55,0.3,0.15,21746.399999999998,2302.63,0.10588557186476844,54.184064882209725,Medium
Kebabs/Mediterranean,25985,Greek House,Ghost Kitchen,West Auckland,1.04,34.05,1044,86,2928.3,527,287,144,17944.35,9772.35,4903.2,0.270674162,0.240603015,0.28,18,5.31,764.64,1431.13,3745.4,2039.71,1631.67,0.09,0.55,0.3,0.15,35548.2,8847.91,0.24889895972229256,63.68236755551343,High
Kebabs/Mediterranean,25583,Greek House,Full-service,West Auckland,1.04,33.6,963,173,5812.8,435,237,118,14616.0,7963.2,3964.8,0.37188325,0.545719662,0.31,7,2.07,244.26,478.96,-3326.64,-1812.45,82.43,0.22,0.55,0.3,0.15,32356.8,-4577.7,-0.1414756712653909,36.15068919292689,Low
Kebabs/Mediterranean,25489,Mediterranean House,Cafe,West Auckland,1.04,38.23,1011,108,4128.84,497,271,135,19000.31,10360.33,5161.05,0.257329108,0.440343454,0.31,14,4.13,557.55,1248.26,-145.78,-79.49,1002.78,0.12,0.55,0.3,0.15,38650.530000000006,2025.77,0.05241247662063107,53.69685256252467,Medium
Kebabs/Mediterranean,26622,Souvlaki Bistro,QSR,South Auckland,1.05,41.47,1412,116,4810.52,713,389,194,29568.11,16131.83,8045.18,0.205360205,0.447295912,0.32,11,3.25,630.5,1670.9,808.51,441.11,2163.94,0.09,0.55,0.3,0.15,58555.64000000001,5084.46,0.08683125997768959,68.03147824470167,High
Kebabs/Mediterranean,26623,Souvlaki Grill,QSR,West Auckland,1.04,36.11,1464,133,4802.63,732,399,200,26432.52,14407.89,7222.0,0.202095478,0.434590044,0.31,10,2.95,590.0,1744.87,1409.24,768.15,2033.86,0.1,0.55,0.3,0.15,52865.04,5956.12,0.11266651836449948,60.709813455096636,Medium
Kebabs/Mediterranean,25208,Mediterranean Corner,QSR,North Shore,1.03,35.47,1588,182,6455.54,773,422,211,27418.31,14968.34,7484.17,0.269747046,0.405974164,0.29,11,3.25,685.75,2093.39,939.87,513.1,1741.21,0.13,0.55,0.3,0.15,56326.36,5287.57,0.09387380970472795,55.20175608818037,Medium
Kebabs/Mediterranean,25143,Souvlaki Kitchen,QSR,West Auckland,1.04,39.69,520,38,1508.22,265,145,72,10517.85,5755.05,2857.68,0.275556911,0.428960548,0.32,15,4.43,318.96,445.65,-257.87,-141.1,525.43,0.08,0.55,0.3,0.15,20638.8,572.1099999999999,0.02772011938678605,48.11032779498779,Medium
Kebabs/Mediterranean,25331,Souvlaki Grill,Full-service,North Shore,1.03,39.06,579,88,3437.28,270,147,74,10546.2,5741.82,2890.44,0.38402383,0.486284908,0.3,18,5.31,392.94,445.79,-1796.11,-977.88,-18.08,0.18,0.55,0.3,0.15,22615.74,-2346.2799999999997,-0.10374544454437483,34.337140604482244,Low
Kebabs/Mediterranean,26254,Spice Cafe,QSR,West Auckland,1.04,34.29,608,74,2537.46,294,160,80,10081.26,5486.4,2743.2,0.237473687,0.368509922,0.27,18,5.31,424.8,999.8,1250.24,680.4,656.07,0.14,0.55,0.3,0.15,20848.320000000003,3586.51,0.1720287294132093,54.11272367889977,Medium
Kebabs/Mediterranean,26424,Ottoman Bistro,Ghost Kitchen,CBD,0.99,32.39,796,45,1457.55,413,225,113,13377.07,7287.75,3660.07,0.278398145,0.340822783,0.3,5,1.48,167.24,555.0,1080.59,588.7,1226.44,0.06,0.55,0.3,0.15,25782.44,3450.73,0.13384031922502293,26.88983145735349,Low
Kebabs/Mediterranean,25577,Ottoman Kitchen,Cafe,CBD,0.99,31.07,1652,215,6680.05,790,431,216,24545.3,13391.17,6711.12,0.217699735,0.435264083,0.31,8,2.36,509.76,2318.22,909.06,495.96,1819.24,0.15,0.55,0.3,0.15,51327.64,5542.48,0.10798236583641874,33.04261405492159,Low
Kebabs/Mediterranean,25088,Ottoman Cafe,Ghost Kitchen,West Auckland,1.04,46.15,565,26,1199.9,296,162,81,13660.4,7476.3,3738.15,0.280667683,0.343393705,0.27,14,4.13,334.53,451.09,1447.16,792.03,1070.78,0.05,0.55,0.3,0.15,26074.75,3761.0599999999995,0.14424145964966106,61.98846116545032,Medium
Kebabs/Mediterranean,25660,Mediterranean Grill,Cafe,West Auckland,1.04,36.99,1507,111,4105.89,768,419,209,28408.32,15498.81,7730.91,0.205301464,0.408271909,0.28,17,5.02,1049.18,1586.63,3023.4,1649.49,1938.25,0.08,0.55,0.3,0.15,55743.92999999999,8197.77,0.14706121366039318,64.23662907865743,High
Kebabs/Mediterranean,25893,Greek Cafe,Full-service,West Auckland,1.04,41.6,1471,255,10608.0,669,365,182,27830.4,15184.0,7571.2,0.376654152,0.451380672,0.33,11,3.25,591.5,1824.21,-4398.17,-2399.6,710.48,0.21,0.55,0.3,0.15,61193.6,-4263.08,-0.06966545521100245,53.22621050673395,Medium
Kebabs/Mediterranean,25516,Greek Bistro,QSR,West Auckland,1.04,36.17,673,66,2387.22,334,182,91,12080.78,6582.94,3291.47,0.253818253,0.432756472,0.3,9,2.66,242.06,748.22,162.19,88.38,789.57,0.11,0.55,0.3,0.15,24342.41,1788.3600000000001,0.07346684243671847,49.77759203282589,Medium
Kebabs/Mediterranean,25864,Spice Diner,Cafe,West Auckland,1.04,41.04,1337,153,6279.12,651,355,178,26717.04,14569.2,7305.12,0.21860002,0.442531745,0.29,17,5.02,893.56,2127.79,1305.61,711.97,1581.91,0.13,0.55,0.3,0.15,54870.48,5727.28,0.1043781647253678,63.052215055907546,Medium
Kebabs/Mediterranean,25704,Spice Bistro,Full-service,West Auckland,1.04,38.81,1556,237,9197.97,725,396,198,28137.25,15368.76,7684.38,0.395055399,0.508862472,0.27,6,1.77,350.46,883.76,-4893.57,-2672.9,387.87,0.18,0.55,0.3,0.15,60388.36,-6294.839999999999,-0.10423929379767888,49.39476602333092,Medium
Kebabs/Mediterranean,25060,Greek House,Cafe,South Auckland,1.05,40.41,721,88,3556.08,348,190,95,14062.68,7677.9,3838.95,0.239993479,0.380987293,0.33,4,1.18,112.1,1347.82,689.34,376.36,1342.94,0.14,0.55,0.3,0.15,29135.610000000004,3756.46,0.12893019916178172,62.665950588016116,Medium
Kebabs/Mediterranean,26517,Greek Kitchen,QSR,North Shore,1.03,43.4,1185,145,6293.0,572,312,156,24824.8,13540.8,6770.4,0.279472619,0.418630881,0.33,3,0.89,138.84,1899.83,-697.66,-380.54,1905.12,0.14,0.55,0.3,0.15,51429.0,2726.75,0.05301969705808007,55.019863837247975,Medium
Kebabs/Mediterranean,26626,Ottoman Bistro,Full-service,CBD,0.99,35.08,1486,247,8664.76,681,372,186,23889.48,13049.76,6524.88,0.372619958,0.481398151,0.3,8,2.36,438.96,1264.9,-3679.41,-2009.9,513.55,0.2,0.55,0.3,0.15,52128.88,-3910.8599999999997,-0.07502290476987036,22.415836886668522,Low
Kebabs/Mediterranean,26681,Souvlaki Corner,QSR,North Shore,1.03,37.43,924,106,3967.58,450,245,123,16843.5,9170.35,4603.89,0.207171429,0.40543718,0.3,4,1.18,145.14,1537.01,1471.98,801.41,1638.37,0.13,0.55,0.3,0.15,34585.32,5448.7699999999995,0.15754574484203124,54.17137264141117,Medium
Kebabs/Mediterranean,26422,Greek Kitchen,Cafe,South Auckland,1.05,44.39,682,62,2752.18,341,186,93,15136.99,8256.54,4128.27,0.27534534,0.368462724,0.28,6,1.77,164.61,980.3,1153.32,629.08,1305.85,0.1,0.55,0.3,0.15,30273.98,4068.5499999999997,0.1343909852619312,66.04548593604702,High
Kebabs/Mediterranean,25671,Spice Corner,QSR,West Auckland,1.04,44.33,923,76,3369.08,466,254,127,20657.78,11259.82,5629.91,0.225593501,0.384164906,0.33,9,2.66,337.82,1314.76,1244.46,678.31,1859.21,0.09,0.55,0.3,0.15,40916.59,5096.74,0.12456414378617574,62.8742751319014,Medium
Kebabs/Mediterranean,25470,Greek House,Full-service,South Auckland,1.05,38.28,1920,371,14201.88,852,465,232,32614.56,17800.2,8880.96,0.399825814,0.504695398,0.3,16,4.72,1095.04,1355.98,-6670.37,-3640.52,-247.1,0.24,0.55,0.3,0.15,73497.6,-9202.01,-0.12520150317833506,56.366856917714216,Medium
Kebabs/Mediterranean,25429,Souvlaki Tavern,QSR,North Shore,1.03,45.07,1131,130,5859.1,551,300,150,24833.57,13521.0,6760.5,0.269425454,0.449281738,0.27,9,2.66,399.0,1648.12,280.44,152.69,1502.68,0.13,0.55,0.3,0.15,50974.17,3583.9300000000003,0.07030874656713391,57.05094675313804,Medium
Kebabs/Mediterranean,25834,Mediterranean House,Full-service,South Auckland,1.05,40.78,657,151,6157.78,278,152,76,11336.84,6198.56,3099.28,0.3974862,0.493230695,0.32,10,2.95,224.2,672.94,-2388.86,-1306.14,114.5,0.3,0.55,0.3,0.15,26792.46,-2907.5600000000004,-0.10852157659281755,46.31762937360182,Medium
Kebabs/Mediterranean,25903,Souvlaki Kitchen,Full-service,South Auckland,1.05,32.9,714,128,4211.2,322,176,88,10593.8,5790.4,2895.2,0.390908957,0.513051022,0.28,16,4.72,415.36,404.44,-1948.84,-1065.2,-137.3,0.22,0.55,0.3,0.15,23490.600000000002,-2746.9,-0.11693613615659029,39.57468453899903,Low
Kebabs/Mediterranean,26014,Mediterranean House,Cafe,North Shore,1.03,35.99,1590,117,4210.83,810,442,221,29151.9,15907.58,7953.79,0.233368135,0.403894892,0.31,7,2.07,457.47,1527.42,1537.38,838.92,2427.66,0.08,0.55,0.3,0.15,57224.100000000006,6331.38,0.11064184495693247,56.79936252380446,Medium
Kebabs/Mediterranean,26649,Greek House,Cafe,CBD,0.99,41.86,689,56,2344.16,348,190,95,14567.28,7953.4,3976.7,0.238853207,0.439306591,0.28,10,2.95,280.25,754.44,609.5,332.77,999.61,0.09,0.55,0.3,0.15,28841.540000000005,2696.32,0.0934873796614189,31.188595409718467,Low
Kebabs/Mediterranean,26123,Mediterranean Cafe,Full-service,North Shore,1.03,34.34,1845,332,11400.88,832,454,227,28570.88,15590.36,7795.18,0.369473968,0.489278899,0.32,13,3.84,871.68,1610.34,-5107.13,-2786.82,229.37,0.22,0.55,0.3,0.15,63357.3,-6054.240000000001,-0.09555710233864133,44.18339082279428,Low
Kebabs/Mediterranean,25719,Souvlaki Tavern,Ghost Kitchen,West Auckland,1.04,46.01,753,49,2254.49,387,211,106,17805.87,9708.11,4877.06,0.293303401,0.298239882,0.32,9,2.66,281.96,920.86,1575.05,858.75,1710.11,0.07,0.55,0.3,0.15,34645.53,5064.7699999999995,0.14618826728873824,63.9822805750663,High
Kebabs/Mediterranean,26205,Ottoman Corner,Cafe,CBD,0.99,41.95,570,47,1971.65,288,157,78,12081.6,6586.15,3272.1,0.277430752,0.37583957,0.28,13,3.84,299.52,683.63,806.2,439.49,835.01,0.09,0.55,0.3,0.15,23911.5,2764.33,0.11560671643351525,31.500380344400945,Low
Kebabs/Mediterranean,25667,Ottoman Eatery,Ghost Kitchen,CBD,0.99,33.69,881,65,2189.85,449,245,122,15126.81,8254.05,4110.18,0.261999705,0.219413872,0.28,15,4.43,540.46,1135.63,3609.05,1969.3,1591.02,0.08,0.55,0.3,0.15,29680.89,8305.0,0.2798096687801478,38.73504077139926,Low
Kebabs/Mediterranean,26668,Spice Bistro,Cafe,CBD,0.99,33.93,468,61,2069.73,224,122,61,7600.32,4139.46,2069.73,0.268982096,0.400547485,0.3,14,4.13,251.93,683.98,231.58,126.13,432.05,0.15,0.55,0.3,0.15,15879.239999999998,1473.74,0.09280922764565559,21.991173368508893,Low
Kebabs/Mediterranean,26235,Mediterranean Cafe,QSR,West Auckland,1.04,39.26,1112,101,3965.26,556,303,152,21828.56,11895.78,5967.52,0.233601734,0.360939597,0.32,4,1.18,179.36,1607.75,1865.44,1016.6,2240.22,0.1,0.55,0.3,0.15,43657.119999999995,6730.01,0.15415606892987904,62.50018146066999,Medium
Kebabs/Mediterranean,25401,Spice Eatery,Ghost Kitchen,South Auckland,1.05,31.67,1368,77,2438.59,710,387,194,22485.7,12256.29,6143.98,0.298004611,0.265996309,0.32,4,1.18,228.92,1063.22,2608.32,1421.72,2449.85,0.06,0.55,0.3,0.15,43324.56,7543.110000000001,0.1741070192057346,65.0161256493422,High
Kebabs/Mediterranean,25725,Greek Bistro,Cafe,North Shore,1.03,35.06,1266,145,5083.7,617,336,168,21632.02,11780.16,5890.08,0.246398248,0.408647845,0.32,14,4.13,693.84,1753.64,539.8,293.96,1337.97,0.13,0.55,0.3,0.15,44385.96000000001,3925.37,0.0884371995108363,51.08635953830999,Medium
Kebabs/Mediterranean,25603,Ottoman House,QSR,CBD,0.99,30.94,675,55,1701.7,341,186,93,10550.54,5754.84,2877.42,0.249525798,0.410928149,0.3,12,3.54,329.22,577.81,417.23,227.58,647.8,0.09,0.55,0.3,0.15,20884.5,1870.4199999999998,0.08956020014843544,21.384234048271775,Low
Kebabs/Mediterranean,26334,Ottoman Bistro,Full-service,West Auckland,1.04,37.32,1299,179,6680.28,616,336,168,22989.12,12539.52,6269.76,0.397531598,0.527181638,0.32,17,5.02,843.36,502.94,-5625.74,-3068.59,-371.33,0.16,0.55,0.3,0.15,48478.68,-8562.720000000001,-0.17662857157001802,40.52712373708055,Low
Kebabs/Mediterranean,26411,Spice Bistro,Full-service,North Shore,1.03,31.34,748,124,3886.16,343,187,94,10749.62,5860.58,2945.96,0.391423791,0.47975892,0.29,12,3.54,332.76,500.6,-1732.65,-944.62,46.73,0.2,0.55,0.3,0.15,23442.32,-2129.94,-0.09085875459425517,30.347801005729107,Low
Kebabs/Mediterranean,25849,Spice Bistro,QSR,West Auckland,1.04,38.94,613,55,2141.7,307,167,84,11954.58,6502.98,3270.96,0.252865559,0.398101906,0.28,4,1.18,99.12,747.52,825.25,448.92,1042.55,0.1,0.55,0.3,0.15,23870.219999999998,3064.24,0.1283708319403843,55.22470402167895,Medium
Kebabs/Mediterranean,25084,Spice Bistro,Full-service,West Auckland,1.04,32.92,1840,391,12871.72,797,435,217,26237.24,14320.2,7143.64,0.373599658,0.513019679,0.32,14,4.13,896.21,1459.4,-5421.12,-2958.83,-86.26,0.27,0.55,0.3,0.15,60572.8,-7006.8099999999995,-0.11567584790533043,46.55439899603772,Medium
Kebabs/Mediterranean,26054,Greek Diner,Cafe,North Shore,1.03,42.88,1646,163,6989.44,816,445,222,34990.08,19081.6,9519.36,0.242294242,0.36749117,0.32,7,2.07,459.54,2727.38,2456.81,1339.81,3255.05,0.11,0.55,0.3,0.15,70580.48000000001,9779.05,0.1385517638871257,65.19573596476671,High
Kebabs/Mediterranean,25609,Greek Tavern,Cafe,North Shore,1.03,43.86,1517,186,8157.96,732,399,200,32105.52,17500.14,8772.0,0.257820842,0.380446418,0.29,13,3.84,768.0,2951.0,2303.02,1255.33,2405.12,0.14,0.55,0.3,0.15,66535.62,8914.470000000001,0.13398041530235988,64.37000390662998,High
Kebabs/Mediterranean,25450,Spice Eatery,Full-service,North Shore,1.03,37.3,1827,410,15293.0,779,425,213,29056.7,15852.5,7944.9,0.354963586,0.480075407,0.31,7,2.07,440.91,2522.75,-4214.35,-2299.23,869.69,0.29,0.55,0.3,0.15,68147.09999999999,-3121.1400000000003,-0.04580004138107125,49.89033268246615,Medium
Kebabs/Mediterranean,26016,Greek Bistro,Full-service,CBD,0.99,36.31,1353,253,9186.43,605,330,165,21967.55,11982.3,5991.15,0.374968183,0.519868463,0.31,6,1.77,292.05,966.08,-4499.76,-2454.41,338.0,0.23,0.55,0.3,0.15,49127.43,-5650.09,-0.11500886571921226,19.377897848705754,Low
Kebabs/Mediterranean,25911,Souvlaki Bistro,QSR,West Auckland,1.04,37.78,1467,133,5024.74,734,400,200,27730.52,15112.0,7556.0,0.251077002,0.444886949,0.31,10,2.95,590.0,1527.7,-165.38,-90.13,1707.3,0.1,0.55,0.3,0.15,55423.26,2979.49,0.053758836993709855,58.210609973003905,Medium
Kebabs/Mediterranean,25644,Souvlaki Tavern,Cafe,West Auckland,1.04,38.67,1014,100,3867.0,503,274,137,19451.01,10595.58,5297.79,0.273716123,0.442389309,0.31,7,2.07,283.59,1097.82,-507.78,-276.6,1220.42,0.11,0.55,0.3,0.15,39211.38,1533.8600000000001,0.03911772551743908,53.21158893804869,Medium
Kebabs/Mediterranean,26680,Greek Eatery,QSR,CBD,0.99,33.11,1363,112,3708.32,688,375,188,22779.68,12416.25,6224.68,0.272173324,0.400781291,0.28,17,5.02,943.76,1212.79,1071.68,584.13,1091.99,0.09,0.55,0.3,0.15,45128.93,3960.59,0.08776166419190529,30.386892725011965,Low
Kebabs/Mediterranean,26437,Souvlaki Eatery,Full-service,CBD,0.99,44.03,1489,316,13913.48,645,352,176,28399.35,15498.56,7749.28,0.390991957,0.452206422,0.31,13,3.84,675.84,2181.66,-4350.73,-2374.35,539.26,0.27,0.55,0.3,0.15,65560.67,-4004.16,-0.06107564184441678,31.084597240968098,Low
Kebabs/Mediterranean,26507,Mediterranean Bistro,Cafe,North Shore,1.03,33.64,962,118,3969.52,464,253,127,15608.96,8510.92,4272.28,0.259540247,0.399806736,0.3,13,3.84,487.68,1352.23,634.55,345.99,967.69,0.14,0.55,0.3,0.15,32361.68,3300.46,0.10198667065492274,47.570782169183104,Medium
Kebabs/Mediterranean,25063,Greek House,Cafe,CBD,0.99,41.39,1198,137,5670.43,584,318,159,24171.76,13162.02,6581.01,0.235803329,0.364087494,0.29,3,0.89,141.51,2268.79,2661.53,1449.26,2491.61,0.13,0.55,0.3,0.15,49585.22,8871.19,0.17890794877989855,41.90629230299075,Low
Kebabs/Mediterranean,26549,Greek Diner,Full-service,North Shore,1.03,40.97,1475,322,13192.34,634,346,173,25974.98,14175.62,7087.81,0.38846716,0.459206326,0.3,16,4.72,816.56,2009.54,-3835.82,-2093.36,263.1,0.28,0.55,0.3,0.15,60430.75,-3656.5400000000004,-0.06050793677060107,48.34326990154643,Medium
Kebabs/Mediterranean,26672,Ottoman Kitchen,Cafe,South Auckland,1.05,36.54,497,53,1936.62,244,133,67,8915.76,4859.82,2448.18,0.237105828,0.373191293,0.29,17,5.02,336.34,754.71,888.93,484.54,617.72,0.12,0.55,0.3,0.15,18160.38,2745.8999999999996,0.15120278320167307,58.474497888180736,Medium
Kebabs/Mediterranean,25883,Greek Cafe,Full-service,West Auckland,1.04,33.35,513,89,2968.15,233,127,64,7770.55,4235.45,2134.4,0.368076555,0.464466113,0.27,5,1.48,94.72,497.04,-796.81,-434.31,262.7,0.21,0.55,0.3,0.15,17108.550000000003,-471.37999999999994,-0.027552305718485777,38.86112452958909,Low
Kebabs/Mediterranean,25703,Souvlaki Cafe,QSR,South Auckland,1.05,36.98,1086,89,3291.22,548,299,150,20265.04,11057.02,5547.0,0.25163143,0.399161982,0.31,3,0.89,133.5,1149.32,794.52,433.51,1803.55,0.09,0.55,0.3,0.15,40160.28,4180.9,0.10410534986309856,61.894190238516565,Medium
Kebabs/Mediterranean,26041,Greek Tavern,Full-service,CBD,0.99,36.6,1297,283,10357.8,558,304,152,20422.8,11126.4,5563.2,0.383930155,0.525889388,0.29,7,2.07,314.64,934.07,-4080.87,-2223.27,187.05,0.28,0.55,0.3,0.15,47470.2,-5183.0199999999995,-0.10918470956515877,19.428841324016272,Low
Kebabs/Mediterranean,25947,Spice Tavern,Cafe,North Shore,1.03,42.02,1115,128,5378.56,543,296,148,22816.86,12437.92,6218.96,0.201845738,0.396769915,0.33,12,3.54,523.92,2158.87,1628.77,887.87,1972.27,0.13,0.55,0.3,0.15,46852.3,6647.780000000001,0.14188801830433084,59.07947494738336,Medium
Kebabs/Mediterranean,25463,Mediterranean Diner,Cafe,North Shore,1.03,36.44,1068,105,3826.2,530,289,144,19313.2,10531.16,5247.36,0.218603148,0.404059751,0.3,9,2.66,383.04,1443.77,1493.63,814.45,1596.98,0.11,0.55,0.3,0.15,38917.92,5348.83,0.13743874287217817,53.48474110738132,Medium
Kebabs/Mediterranean,26340,Souvlaki Kitchen,Cafe,West Auckland,1.04,45.57,1443,143,6516.51,715,390,195,32582.55,17772.3,8886.15,0.235606228,0.440647774,0.31,14,4.13,805.35,2109.69,447.88,244.3,2071.51,0.11,0.55,0.3,0.15,65757.51,4873.380000000001,0.07411138286714326,66.0282245679324,High
Kebabs/Mediterranean,25466,Ottoman Tavern,QSR,West Auckland,1.04,32.89,1160,124,4078.36,570,311,155,18747.3,10228.79,5097.95,0.20995366,0.361114418,0.3,11,3.25,503.75,1749.34,2417.13,1318.82,1682.92,0.12,0.55,0.3,0.15,38152.399999999994,7168.21,0.18788359316845077,59.79914319773039,Medium
Kebabs/Mediterranean,25560,Mediterranean House,QSR,South Auckland,1.05,32.09,530,39,1251.51,270,147,74,8664.3,4717.23,2374.66,0.218899108,0.449125872,0.31,17,5.02,371.48,415.47,190.4,103.66,416.85,0.08,0.55,0.3,0.15,17007.699999999997,1126.38,0.06622764982919503,49.2724475545614,Medium
Kebabs/Mediterranean,26329,Ottoman Grill,QSR,West Auckland,1.04,34.47,1703,209,7204.23,822,448,224,28334.34,15442.56,7721.28,0.26214112,0.415714755,0.28,13,3.84,860.16,2320.8,1194.13,650.81,1627.2,0.14,0.55,0.3,0.15,58702.409999999996,5792.94,0.09868317161084188,60.878636254136865,Medium
Kebabs/Mediterranean,25065,Souvlaki Tavern,Full-service,South Auckland,1.05,41.52,641,140,5812.8,276,150,75,11459.52,6228.0,3114.0,0.38416661,0.464036545,0.29,5,1.48,111.0,882.36,-1583.74,-860.73,361.7,0.28,0.55,0.3,0.15,26614.32,-1200.41,-0.045103913983148926,51.05625277658588,Medium
Kebabs/Mediterranean,25279,Spice Kitchen,QSR,North Shore,1.03,33.8,613,70,2366.0,299,163,81,10106.2,5509.4,2737.8,0.262751854,0.429612299,0.3,9,2.66,215.46,727.87,77.17,42.07,626.79,0.13,0.55,0.3,0.15,20719.399999999998,1473.9,0.07113622981360465,41.9493055518091,Low
Kebabs/Mediterranean,25469,Mediterranean Diner,QSR,West Auckland,1.04,32.62,735,66,2152.92,368,201,100,12004.16,6556.62,3262.0,0.247296023,0.392234467,0.31,13,3.84,384.0,776.06,605.84,330.91,791.85,0.1,0.55,0.3,0.15,23975.7,2504.6600000000003,0.10446660577167717,49.46598776742112,Medium
Kebabs/Mediterranean,26670,Spice House,QSR,West Auckland,1.04,32.25,872,79,2547.75,436,238,119,14061.0,7675.5,3837.75,0.239035086,0.432449588,0.33,5,1.48,176.12,836.97,-20.88,-11.4,1084.64,0.1,0.55,0.3,0.15,28122.0,1889.3300000000002,0.0671833440011379,48.08201943996471,Medium
Kebabs/Mediterranean,25471,Ottoman House,QSR,North Shore,1.03,31.09,987,89,2767.01,494,269,135,15358.46,8363.21,4197.15,0.203626888,0.438051884,0.28,8,2.36,318.6,991.48,1202.89,655.02,1185.33,0.1,0.55,0.3,0.15,30685.83,4034.72,0.13148479281805314,47.62784462033275,Medium
Kebabs/Mediterranean,25433,Mediterranean Tavern,Cafe,CBD,0.99,43.23,1091,108,4668.84,541,295,147,23387.43,12752.85,6354.81,0.234837016,0.434873549,0.31,8,2.36,346.92,1542.07,474.52,258.75,1752.01,0.11,0.55,0.3,0.15,47163.93,4027.3500000000004,0.08539046682496561,36.06213197174006,Low
Kebabs/Mediterranean,25447,Souvlaki Tavern,Full-service,North Shore,1.03,37.88,1683,303,11477.64,759,414,207,28750.92,15682.32,7841.16,0.367748347,0.525368609,0.33,18,5.31,1099.17,1226.77,-6414.82,-3498.99,-261.08,0.22,0.55,0.3,0.15,63752.03999999999,-8948.119999999999,-0.1403581752050601,42.50207755736153,Low
Kebabs/Mediterranean,25811,Greek Grill,QSR,West Auckland,1.04,44.79,827,88,3941.52,406,222,111,18184.74,9943.38,4971.69,0.252022635,0.415092547,0.33,5,1.48,164.28,1312.07,52.46,28.68,1490.72,0.12,0.55,0.3,0.15,37041.33,2883.9300000000003,0.07785708558520982,59.11172116129254,Medium
Kebabs/Mediterranean,25638,Souvlaki Bistro,Full-service,South Auckland,1.05,41.18,1305,244,10047.92,584,318,159,24049.12,13095.24,6547.62,0.385848689,0.517105757,0.31,9,2.66,422.94,975.11,-5121.37,-2788.69,212.48,0.23,0.55,0.3,0.15,53739.9,-6722.470000000001,-0.12509271509623204,52.38110765304076,Medium
Kebabs/Mediterranean,26193,Greek Tavern,Cafe,North Shore,1.03,44.29,1048,95,4207.55,524,286,143,23207.96,12666.94,6333.47,0.25068061,0.444845636,0.33,17,5.02,717.86,1281.09,-592.41,-323.34,1210.52,0.1,0.55,0.3,0.15,46415.92,1575.86,0.03395085134583134,53.055985528375096,Medium
Kebabs/Mediterranean,26420,Souvlaki Kitchen,Cafe,North Shore,1.03,33.61,714,76,2554.36,351,191,96,11797.11,6419.51,3226.56,0.278361919,0.360489339,0.28,10,2.95,283.2,922.5,957.32,520.94,882.07,0.12,0.55,0.3,0.15,23997.540000000005,3282.8300000000004,0.13679860519036532,47.27339348649988,Medium
Kebabs/Mediterranean,25384,Spice Grill,Full-service,West Auckland,1.04,40.74,1142,228,9288.72,503,274,137,20492.22,11162.76,5581.38,0.352449277,0.531841293,0.28,16,4.72,646.64,1074.79,-3366.68,-1833.94,-0.82,0.25,0.55,0.3,0.15,46525.08,-4126.65,-0.08869732196054256,47.734345580414676,Medium
Kebabs/Mediterranean,25506,Mediterranean Tavern,QSR,North Shore,1.03,35.5,1534,200,7100.0,734,400,200,26057.0,14200.0,7100.0,0.257337638,0.367578424,0.32,16,4.72,944.0,2663.1,1435.32,782.19,1719.1,0.15,0.55,0.3,0.15,54457.0,6599.710000000001,0.12119121508713299,56.49765914535727,Medium
Kebabs/Mediterranean,26614,Spice Bistro,Ghost Kitchen,South Auckland,1.05,46.63,479,13,606.19,256,140,70,11937.28,6528.2,3264.1,0.275434452,0.213018913,0.31,15,4.43,310.1,310.09,2405.92,1315.74,1359.64,0.03,0.55,0.3,0.15,22335.77,5391.39,0.24137918683797335,73.03597873859609,High
Kebabs/Mediterranean,25695,Mediterranean Corner,QSR,South Auckland,1.05,40.68,714,52,2115.36,364,199,99,14807.52,8095.32,4027.32,0.245256642,0.387817745,0.33,17,5.02,496.98,776.18,546.78,298.92,980.75,0.08,0.55,0.3,0.15,29045.52,2602.63,0.08960521278324506,60.17595145646387,Medium
Kebabs/Mediterranean,26292,Souvlaki House,Cafe,North Shore,1.03,33.25,955,86,2859.5,478,261,130,15893.5,8678.25,4322.5,0.224801994,0.420380583,0.32,12,3.54,460.2,1014.6,553.37,302.15,1073.5,0.1,0.55,0.3,0.15,31753.75,2943.62,0.0927014919497697,46.53618620654439,Medium
Kebabs/Mediterranean,26641,Greek Eatery,QSR,North Shore,1.03,35.78,1539,165,5903.7,756,412,206,27049.68,14741.36,7370.68,0.253460129,0.411339163,0.29,15,4.43,912.58,1978.92,1222.66,666.32,1558.08,0.12,0.55,0.3,0.15,55065.42,5425.98,0.098536976563513,55.26555296627692,Medium
Kebabs/Mediterranean,25611,Souvlaki Corner,Full-service,West Auckland,1.04,35.8,771,144,5155.2,345,188,94,12351.0,6730.4,3365.2,0.378435775,0.509364751,0.29,16,4.72,443.68,578.41,-2196.01,-1196.67,-66.11,0.23,0.55,0.3,0.15,27601.8,-2880.3800000000006,-0.10435478845582537,38.51752104510733,Low
Kebabs/Mediterranean,26338,Greek Diner,Full-service,CBD,0.99,34.18,1498,309,10561.62,654,357,178,22353.72,12202.26,6084.04,0.360528337,0.538814889,0.3,14,4.13,735.14,1063.1,-4456.06,-2432.44,-122.74,0.26,0.55,0.3,0.15,51201.64000000001,-5948.14,-0.1161708882762349,18.997180620173523,Low
Kebabs/Mediterranean,26415,Spice House,QSR,CBD,0.99,36.99,1429,105,3883.95,728,397,199,26928.72,14685.03,7361.01,0.207761437,0.384028044,0.27,10,2.95,587.05,1585.47,3721.83,2029.63,2417.79,0.08,0.55,0.3,0.15,52858.71000000001,9754.720000000001,0.1845432852977305,40.93811539838879,Low
Kebabs/Mediterranean,25716,Souvlaki Cafe,Cafe,CBD,0.99,34.7,1218,100,3470.0,615,335,168,21340.5,11624.5,5829.6,0.254000047,0.421319738,0.28,11,3.25,546.0,1126.64,953.5,519.39,1346.76,0.09,0.55,0.3,0.15,42264.6,3946.29,0.09337104811118525,30.60267282980742,Low
Kebabs/Mediterranean,25074,Souvlaki Diner,QSR,South Auckland,1.05,42.51,1358,100,4251.0,692,377,189,29416.92,16026.27,8034.39,0.272697975,0.440672688,0.3,4,1.18,223.02,1218.46,-393.32,-214.28,2079.87,0.08,0.55,0.3,0.15,57728.58,2690.73,0.04661001535114843,65.64760967217512,High
Kebabs/Mediterranean,25692,Greek Grill,Full-service,North Shore,1.03,38.68,1742,381,14737.08,749,408,204,28971.32,15781.44,7890.72,0.38971801,0.53424285,0.3,12,3.54,722.16,1120.59,-6488.44,-3534.42,-122.16,0.28,0.55,0.3,0.15,67380.56,-9024.43,-0.133932249895222,44.24527479273245,Low
Kebabs/Mediterranean,25303,Ottoman Tavern,Full-service,CBD,0.99,37.81,1046,159,6011.79,488,266,133,18451.28,10057.46,5028.73,0.370080332,0.466449171,0.3,6,1.77,235.41,982.75,-2519.14,-1373.14,586.64,0.18,0.55,0.3,0.15,39549.259999999995,-2322.89,-0.05873409515121143,21.219524842509703,Low
Kebabs/Mediterranean,26569,Souvlaki Kitchen,QSR,South Auckland,1.05,46.38,900,89,4127.82,446,243,122,20685.48,11270.34,5658.36,0.20785416,0.440306168,0.29,4,1.18,143.96,1452.33,1279.18,696.95,1846.88,0.11,0.55,0.3,0.15,41742.0,5275.34,0.1263796655646591,69.5171154723804,High
Kebabs/Mediterranean,26693,Greek House,QSR,South Auckland,1.05,36.8,1216,110,4048.0,608,332,166,22374.4,12217.6,6108.8,0.226574461,0.3537575,0.32,18,5.31,881.46,1698.82,2230.01,1217.7,1682.21,0.1,0.55,0.3,0.15,44748.8,6828.74,0.15260163401029747,66.3767170654706,High
Kebabs/Mediterranean,26435,Greek House,Cafe,South Auckland,1.05,42.64,1467,108,4605.12,747,408,204,31852.08,17397.12,8698.56,0.209985648,0.442810006,0.33,4,1.18,240.72,1598.92,547.99,299.31,2779.46,0.08,0.55,0.3,0.15,62552.880000000005,5225.68,0.08354019830901471,69.39631421114126,High
Kebabs/Mediterranean,26032,Spice Eatery,Cafe,North Shore,1.03,45.93,1535,164,7532.52,754,411,206,34631.22,18877.23,9461.58,0.213373686,0.426120711,0.29,9,2.66,547.96,2715.52,2441.7,1330.95,2862.99,0.12,0.55,0.3,0.15,70502.55,9351.16,0.13263576991186843,66.24971061738295,High
Kebabs/Mediterranean,26692,Greek Cafe,QSR,North Shore,1.03,32.39,1305,139,4502.21,641,350,175,20761.99,11336.5,5668.25,0.215522291,0.394629189,0.28,9,2.66,465.5,1755.18,2280.67,1245.3,1744.26,0.12,0.55,0.3,0.15,42268.95,7025.410000000001,0.166207346054255,54.43882260961475,Medium
Kebabs/Mediterranean,25188,Ottoman Eatery,Cafe,CBD,0.99,39.88,1076,123,4905.24,524,286,143,20897.12,11405.68,5702.84,0.219640405,0.369246097,0.28,18,5.31,759.33,2016.61,2739.89,1495.44,1585.18,0.13,0.55,0.3,0.15,42910.880000000005,7837.120000000001,0.1826371307230241,39.57177977834228,Low
Kebabs/Mediterranean,26431,Spice Corner,Full-service,West Auckland,1.04,34.12,1357,197,6721.64,638,348,174,21768.56,11873.76,5936.88,0.38520361,0.47071222,0.3,8,2.36,410.64,968.48,-3394.06,-1851.31,444.77,0.17,0.55,0.3,0.15,46300.84,-3832.1199999999994,-0.08276566904617713,44.7079443867541,Low
Kebabs/Mediterranean,25031,Spice Cafe,Ghost Kitchen,West Auckland,1.04,34.63,488,31,1073.53,251,137,69,8692.13,4744.31,2389.47,0.259661736,0.349253115,0.27,18,5.31,366.39,419.84,1052.49,574.47,568.1,0.07,0.55,0.3,0.15,16899.440000000002,2614.9,0.15473293789616696,51.974528080799196,Medium
Kebabs/Mediterranean,25675,Souvlaki House,Cafe,CBD,0.99,32.2,980,120,3864.0,473,258,129,15230.6,8307.6,4153.8,0.270295606,0.429420873,0.27,6,1.77,228.33,1160.3,461.24,251.58,1018.99,0.14,0.55,0.3,0.15,31555.999999999996,2892.1099999999997,0.09165008239320573,25.825994629327,Low
Kebabs/Mediterranean,25826,Ottoman Bistro,QSR,CBD,0.99,38.14,570,70,2669.8,275,150,75,10488.5,5721.0,2860.5,0.250799133,0.372224805,0.29,9,2.66,199.5,1006.45,912.25,497.59,878.84,0.14,0.55,0.3,0.15,21739.8,3295.13,0.15157131160360263,30.645505819761258,Low
Kebabs/Mediterranean,26516,Souvlaki House,Cafe,CBD,0.99,36.82,1405,161,5928.02,684,373,187,25184.88,13733.86,6885.34,0.203489522,0.444077751,0.32,15,4.43,828.41,2089.23,816.81,445.43,1598.21,0.13,0.55,0.3,0.15,51732.100000000006,4949.68,0.09567908513282855,34.554078443716946,Low
Kebabs/Mediterranean,26552,Ottoman Bistro,QSR,CBD,0.99,38.09,574,47,1790.23,290,158,79,11046.1,6018.22,3009.11,0.248063211,0.365854866,0.27,5,1.48,116.92,691.18,1282.25,698.61,1044.84,0.09,0.55,0.3,0.15,21863.66,3716.88,0.17000264365618567,31.88597355133528,Low
Kebabs/Mediterranean,25718,Mediterranean Grill,QSR,West Auckland,1.04,31.23,1671,205,6402.15,806,440,220,25171.38,13741.2,6870.6,0.200967225,0.431224536,0.31,6,1.77,389.4,2354.76,1455.11,794.35,2137.66,0.14,0.55,0.3,0.15,52185.329999999994,6741.88,0.1291910964249915,59.8089758442773,Medium
Kebabs/Mediterranean,25568,Greek Corner,Full-service,West Auckland,1.04,31.98,1032,172,5500.56,473,258,129,15126.54,8250.84,4125.42,0.35630136,0.467378633,0.29,10,2.95,380.55,969.86,-1719.58,-937.96,346.84,0.2,0.55,0.3,0.15,33003.36,-1340.84,-0.04062737854569959,42.27692729863351,Low
Kebabs/Mediterranean,25880,Spice Diner,Full-service,West Auckland,1.04,35.91,1569,343,12317.13,674,368,184,24203.34,13214.88,6607.44,0.351554542,0.533320125,0.29,10,2.95,542.8,1418.01,-4232.55,-2310.95,217.88,0.28,0.55,0.3,0.15,56342.79,-4907.61,-0.08710271536074092,48.19171239682237,Medium
Kebabs/Mediterranean,26250,Souvlaki Cafe,Full-service,North Shore,1.03,46.15,1328,282,13014.3,575,314,157,26536.25,14491.1,7245.55,0.396782762,0.455687405,0.31,5,1.48,232.36,1920.0,-4311.35,-2354.37,836.57,0.27,0.55,0.3,0.15,61287.200000000004,-3909.15,-0.06378411805401454,51.02727420595913,Medium
Kebabs/Mediterranean,26047,Souvlaki Bistro,Cafe,West Auckland,1.04,39.38,955,109,4292.42,465,254,127,18311.7,10002.52,5001.26,0.207481614,0.441974493,0.32,18,5.31,674.37,1504.68,559.31,305.52,1078.79,0.13,0.55,0.3,0.15,37607.9,3448.2999999999997,0.09169084155190797,56.74048523489888,Medium
Kebabs/Mediterranean,25360,Ottoman Kitchen,Full-service,CBD,0.99,35.42,1344,251,8890.42,601,328,164,21287.42,11617.76,5808.88,0.356388754,0.497181931,0.27,11,3.25,533.0,1301.82,-2630.5,-1435.61,317.59,0.23,0.55,0.3,0.15,47604.479999999996,-2446.7,-0.051396423193783444,22.801529039421027,Low
Kebabs/Mediterranean,26295,Ottoman Diner,Cafe,South Auckland,1.05,36.84,1234,151,5562.84,596,325,162,21956.64,11973.0,5968.08,0.24679307,0.430129933,0.28,15,4.43,717.66,1797.23,945.83,515.76,1210.49,0.14,0.55,0.3,0.15,45460.56,4469.3099999999995,0.09831181138111804,62.94478664032474,Medium
Kebabs/Mediterranean,26319,Mediterranean Eatery,Cafe,West Auckland,1.04,45.02,1223,150,6753.0,590,322,161,26561.8,14496.44,7248.22,0.215267715,0.423388047,0.31,13,3.84,618.24,2440.16,1363.8,744.31,2000.86,0.14,0.55,0.3,0.15,55059.46000000001,6549.13,0.11894649893042902,66.25396895665826,High
Kebabs/Mediterranean,25043,Spice Bistro,Cafe,South Auckland,1.05,39.49,1499,160,6318.4,736,402,201,29064.64,15874.98,7937.49,0.276171391,0.366074593,0.28,12,3.54,711.54,2260.43,2259.89,1234.34,2128.13,0.12,0.55,0.3,0.15,59195.51,7882.79,0.13316533635743658,70.36663718801634,High
Kebabs/Mediterranean,25558,Spice Cafe,Cafe,North Shore,1.03,31.21,1210,139,4338.19,589,321,161,18382.69,10018.41,5024.81,0.260982005,0.377487498,0.33,12,3.54,569.94,1568.39,579.62,315.89,1246.68,0.13,0.55,0.3,0.15,37764.1,3710.58,0.09825681003916419,47.84560144404117,Medium
Kebabs/Mediterranean,25475,Ottoman Eatery,Full-service,South Auckland,1.05,32.63,556,96,3132.48,253,138,69,8255.39,4502.94,2251.47,0.357650327,0.460106674,0.29,13,3.84,264.96,570.87,-889.58,-485.22,145.35,0.21,0.55,0.3,0.15,18142.28,-658.58,-0.03630083980624266,43.106265371050235,Low
Kebabs/Mediterranean,25344,Spice Grill,QSR,North Shore,1.03,31.78,992,121,3845.38,479,261,131,15222.62,8294.58,4163.18,0.259586884,0.44402356,0.28,6,1.77,231.87,1139.73,249.49,135.94,1002.05,0.14,0.55,0.3,0.15,31525.760000000002,2527.21,0.08016333309648997,44.817750674725396,Low
Pizza,26112,Lucky Pizza Grill,Full-service,South Auckland,1.05,38.94,1136,352,13706.88,274,157,353,10669.56,6113.58,13745.82,0.395483181,0.512464525,0.3,12,3.54,1249.62,1261.75,-2218.71,-1271.3,15.71,0.45,0.35,0.2,0.45,44235.84,-2212.55,-0.05001713542683942,53.727848792172296,Medium
Pizza,25380,Top Pizza Bistro,Ghost Kitchen,West Auckland,1.04,44.93,1280,105,4717.65,411,235,529,18466.23,10558.55,23767.97,0.288379964,0.343913669,0.31,16,4.72,2496.88,1734.71,1065.62,609.3,6242.75,0.09,0.35,0.2,0.45,57510.399999999994,9652.380000000001,0.1678371216336524,70.07041900796783,High
Pizza,25774,Urban Pizza Grill,Full-service,North Shore,1.03,36.86,1156,385,14191.1,270,154,347,9952.2,5676.44,12790.42,0.352366917,0.470903452,0.29,4,1.18,409.46,2507.99,-1127.29,-642.97,1850.99,0.5,0.35,0.2,0.45,42610.16,2588.72,0.06075358552983607,49.60980384633133,Medium
Pizza,26463,King Pizza Bistro,Full-service,South Auckland,1.05,43.67,1315,395,17249.65,322,184,414,14061.74,8035.28,18079.38,0.365248476,0.474028119,0.28,4,1.18,488.52,2772.42,-1677.24,-958.42,2417.26,0.43,0.35,0.2,0.45,57426.05,2554.0200000000004,0.04447493776779006,66.04794046010427,High
Pizza,25086,Urban Pizza Eatery,Cafe,CBD,0.99,37.54,1551,481,18056.74,374,214,482,14039.96,8033.56,18094.28,0.221766427,0.386539075,0.31,5,1.48,713.36,7072.73,1146.99,656.3,6374.07,0.45,0.35,0.2,0.45,58224.54,15250.089999999998,0.2619185999580245,47.9090109234769,Medium
Pizza,25882,Classic Pizza Grill,Ghost Kitchen,West Auckland,1.04,42.19,1058,69,2911.11,346,198,445,14597.74,8353.62,18774.55,0.253875967,0.272005729,0.27,9,2.66,1183.7,1380.21,2979.67,1705.13,7717.66,0.07,0.35,0.2,0.45,44637.020000000004,13782.67,0.3087721805801552,74.8634212454371,High
Pizza,25780,Lucky Pizza Eatery,Full-service,West Auckland,1.04,32.31,1698,602,19450.62,384,219,493,12407.04,7075.89,15928.83,0.374727414,0.536548694,0.31,12,3.54,1745.22,1725.73,-2745.38,-1565.73,-331.95,0.55,0.35,0.2,0.45,54862.380000000005,-2917.33,-0.053175418200960285,48.741012568053954,Medium
Pizza,25449,King Pizza Tavern,Cafe,CBD,0.99,33.24,1773,469,15589.56,456,261,587,15157.44,8675.64,19511.88,0.212204296,0.350974699,0.32,9,2.66,1561.42,6809.85,1770.71,1013.5,6961.78,0.36,0.35,0.2,0.45,58934.520000000004,16555.84,0.28091923035938865,47.832006826129536,Medium
Pizza,25373,Top Pizza Tavern,Full-service,CBD,0.99,37.38,1251,422,15774.36,290,166,373,10840.2,6205.08,13942.74,0.391263068,0.52708051,0.28,13,3.84,1432.32,1288.08,-2150.08,-1230.74,-293.81,0.51,0.35,0.2,0.45,46762.38,-2386.5499999999997,-0.051035682957112104,23.53059064369216,Low
Pizza,25038,King Pizza Grill,QSR,West Auckland,1.04,37.49,578,100,3749.0,167,96,215,6260.83,3599.04,8060.35,0.274961325,0.424550715,0.32,15,4.43,952.45,1126.53,-122.16,-70.22,1469.59,0.21,0.35,0.2,0.45,21669.22,2403.74,0.11092877362452362,52.43371817834719,Medium
Pizza,25006,Lucky Pizza Cafe,QSR,West Auckland,1.04,36.59,617,111,4061.49,177,101,228,6476.43,3695.59,8342.52,0.206805598,0.410740737,0.28,5,1.48,337.44,1553.33,663.53,378.63,2853.19,0.22,0.35,0.2,0.45,22576.03,5448.68,0.2413480138004778,60.854254457888544,Medium
Pizza,26142,Top Pizza Eatery,Cafe,CBD,0.99,35.99,893,178,6406.22,250,143,322,8997.5,5146.57,11588.78,0.241009942,0.441597331,0.29,12,3.54,1139.88,2033.29,246.47,140.98,2538.31,0.25,0.35,0.2,0.45,32139.07,4959.049999999999,0.15429973549327966,32.387230260313416,Low
Pizza,25392,Urban Pizza Corner,QSR,South Auckland,1.05,46.88,1499,270,12657.6,430,246,553,20158.4,11532.48,25924.64,0.279234421,0.354903347,0.3,5,1.48,818.44,4630.94,1327.68,759.55,8666.41,0.22,0.35,0.2,0.45,70273.12,15384.58,0.21892552942006846,82.49832921612841,High
Pizza,26564,Urban Pizza House,QSR,CBD,0.99,35.24,1210,264,9303.36,331,189,426,11664.44,6660.36,15012.24,0.240514188,0.418890317,0.3,11,3.25,1384.5,3168.68,473.52,270.38,3728.6,0.28,0.35,0.2,0.45,42640.4,7641.18,0.179200476543372,36.76301096362324,Low
Pizza,25025,Top Pizza Grill,Full-service,North Shore,1.03,31.92,1930,510,16279.2,497,284,639,15864.24,9065.28,20396.88,0.390945378,0.534093063,0.3,12,3.54,2262.06,1220.31,-3570.06,-2040.04,-733.08,0.36,0.35,0.2,0.45,61605.600000000006,-5122.87,-0.08315591439739244,43.83376484914933,Low
Pizza,25106,Urban Pizza Diner,Ghost Kitchen,West Auckland,1.04,34.66,648,30,1039.8,216,124,278,7486.56,4297.84,9635.48,0.29229255,0.295013708,0.28,13,3.84,1067.52,429.12,993.42,570.3,2908.98,0.05,0.35,0.2,0.45,22459.68,4901.82,0.21824977025496353,57.96570512583009,Medium
Pizza,25139,Urban Pizza Grill,Ghost Kitchen,South Auckland,1.05,32.66,744,35,1143.1,248,142,319,8099.68,4637.72,10418.54,0.25135528,0.216788948,0.32,15,4.43,1413.17,607.96,1715.96,982.53,4127.99,0.05,0.35,0.2,0.45,24299.04,7434.44,0.30595612007717177,68.16485997049152,High
Pizza,26257,Classic Pizza Eatery,QSR,West Auckland,1.04,35.1,1333,275,9652.5,370,212,476,12987.0,7441.2,16707.6,0.269191359,0.413150827,0.31,8,2.36,1123.36,3066.19,99.45,56.98,4183.94,0.26,0.35,0.2,0.45,46788.3,7406.5599999999995,0.15829940391080674,61.532460866196374,Medium
Pizza,25369,Lucky Pizza Bistro,Cafe,South Auckland,1.05,38.81,1624,355,13777.55,444,254,571,17231.64,9857.74,22160.51,0.213594258,0.397822911,0.33,10,2.95,1684.45,5353.72,1009.48,577.49,6926.74,0.28,0.35,0.2,0.45,63027.44,13867.43,0.22002210465790772,76.94980430933957,High
Pizza,26111,Urban Pizza Kitchen,QSR,North Shore,1.03,42.32,1855,346,14642.72,528,302,679,22344.96,12780.64,28735.28,0.226639509,0.395567659,0.27,3,0.89,604.31,5531.91,2408.63,1377.66,10251.67,0.23,0.35,0.2,0.45,78503.6,19569.870000000003,0.24928627476956472,74.37626274746995,High
Pizza,25492,Lucky Pizza Tavern,QSR,South Auckland,1.05,36.23,1746,303,10977.69,505,289,649,18296.15,10470.47,23513.27,0.259713233,0.429588017,0.32,7,2.07,1343.43,3410.75,-170.18,-97.39,5962.11,0.21,0.35,0.2,0.45,63257.58,9105.29,0.14393990411900046,70.89384839368513,High
Pizza,25682,Top Pizza House,Full-service,North Shore,1.03,46.34,1569,543,25162.62,359,205,462,16636.06,9499.7,21409.08,0.373308735,0.462983097,0.28,15,4.43,2046.66,4119.33,-1934.64,-1104.74,1458.18,0.53,0.35,0.2,0.45,72707.46,2538.1299999999997,0.034908797529166875,60.37946812645374,Medium
Pizza,26103,King Pizza Bistro,QSR,North Shore,1.03,39.15,1914,383,14994.45,536,306,689,20984.4,11979.9,26974.35,0.222852778,0.388389317,0.31,11,3.25,2239.25,5829.21,1652.69,943.51,8247.24,0.25,0.35,0.2,0.45,74933.1,16672.65,0.2225004704196143,70.46821548617709,High
Pizza,26574,Urban Pizza Tavern,Cafe,West Auckland,1.04,44.39,2103,545,24192.55,545,312,701,24192.55,13849.68,31117.39,0.227275923,0.405208937,0.3,10,2.95,2067.95,8891.13,1633.36,935.06,9368.16,0.35,0.35,0.2,0.45,93352.17,20827.71,0.2231090075356577,82.00974970418083,High
Pizza,25092,Top Pizza Grill,Full-service,CBD,0.99,38.56,1452,392,15115.52,371,212,477,14305.76,8174.72,18393.12,0.368413514,0.490756772,0.3,12,3.54,1688.58,2128.71,-2277.05,-1301.17,901.72,0.37,0.35,0.2,0.45,55989.119999999995,-547.7900000000002,-0.009783865150943616,29.44390087584142,Low
Pizza,26346,King Pizza Diner,Ghost Kitchen,South Auckland,1.05,34.82,1559,74,2576.68,520,297,668,18106.4,10341.54,23259.76,0.251541353,0.346690254,0.32,10,2.95,1970.6,1035.23,1480.53,845.61,7374.44,0.05,0.35,0.2,0.45,54284.380000000005,10735.81,0.19776978202569503,71.33377722817804,High
Pizza,25094,Urban Pizza Tavern,Full-service,CBD,0.99,35.58,1372,457,16260.06,320,183,412,11385.6,6511.14,14658.96,0.392297587,0.478353369,0.31,11,3.25,1339.0,2103.22,-2056.82,-1176.24,557.12,0.5,0.35,0.2,0.45,48815.76,-572.7200000000004,-0.0117322766254177,25.90572772197261,Low
Pizza,25420,Lucky Pizza Corner,QSR,South Auckland,1.05,38.11,1361,236,8993.96,394,225,506,15015.34,8574.75,19283.66,0.217586545,0.420943736,0.3,14,4.13,2089.78,3251.04,922.99,527.09,4880.68,0.21,0.35,0.2,0.45,51867.71,9581.8,0.18473535847254485,71.19705395076075,High
Pizza,26460,King Pizza Diner,QSR,CBD,0.99,42.77,594,103,4405.31,172,98,221,7356.44,4191.46,9452.17,0.211001245,0.424304421,0.29,5,1.48,327.08,1606.59,549.48,313.08,3120.07,0.21,0.35,0.2,0.45,25405.379999999997,5589.219999999999,0.2200014327673902,39.48939653805079,Low
Pizza,25772,King Pizza Diner,Full-service,West Auckland,1.04,44.69,1130,381,17026.89,262,150,337,11708.78,6703.5,15060.53,0.354959928,0.479285537,0.32,16,4.72,1590.64,2822.28,-1806.03,-1033.98,905.71,0.51,0.35,0.2,0.45,50499.7,887.9800000000002,0.01758386683485249,58.162748646812815,Medium
Pizza,25745,Lucky Pizza House,Cafe,North Shore,1.03,38.54,2039,561,21620.94,517,296,665,19925.18,11407.84,25629.1,0.253008397,0.351952241,0.32,9,2.66,1768.9,8541.12,1495.17,856.04,8355.6,0.38,0.35,0.2,0.45,78583.06,19247.93,0.2449373949041944,72.77316415514673,High
Pizza,25786,King Pizza Corner,Cafe,South Auckland,1.05,32.3,1390,312,10077.6,377,216,485,12177.1,6976.8,15665.5,0.224799485,0.363931143,0.3,6,1.77,858.45,4144.61,1354.94,776.3,5584.29,0.29,0.35,0.2,0.45,44897.0,11860.14,0.26416330712519764,71.85499021373012,High
Pizza,25962,Urban Pizza Cafe,Cafe,South Auckland,1.05,42.26,869,252,10649.52,216,123,278,9128.16,5197.98,11748.28,0.256736693,0.449217924,0.28,4,1.18,328.04,3131.44,128.21,73.01,3126.49,0.41,0.35,0.2,0.45,36723.94,6459.15,0.17588390570292836,68.98045049435048,High
Pizza,26610,King Pizza Bistro,Cafe,CBD,0.99,42.19,1103,309,13036.71,278,159,357,11728.82,6708.21,15061.83,0.241353794,0.448946318,0.31,3,0.89,317.73,4037.47,-3.52,-2.01,4346.92,0.39,0.35,0.2,0.45,46535.57,8378.86,0.18005280691737527,41.66935771689511,Low
Pizza,26491,Lucky Pizza Bistro,QSR,South Auckland,1.05,42.76,1276,271,11587.96,352,201,452,15051.52,8594.76,19327.52,0.210227784,0.438780712,0.3,18,5.31,2400.12,4067.28,767.5,438.26,4383.68,0.27,0.35,0.2,0.45,54561.759999999995,9656.720000000001,0.1769869593649472,73.77803166696305,High
Pizza,26505,Classic Pizza Cafe,Full-service,South Auckland,1.05,40.96,1414,418,17121.28,349,199,448,14295.04,8151.04,18350.08,0.369314089,0.513505964,0.27,8,2.36,1057.28,2006.27,-2184.57,-1245.64,1092.98,0.42,0.35,0.2,0.45,57917.44,-330.96000000000026,-0.005714340965346539,61.38134373690133,Medium
Pizza,25292,Lucky Pizza Grill,QSR,West Auckland,1.04,34.98,1162,217,7590.66,331,189,425,11578.38,6611.22,14866.5,0.236099763,0.438484685,0.28,18,5.31,2256.75,2470.12,525.84,300.25,2581.04,0.23,0.35,0.2,0.45,40646.76,5877.25,0.14459332059923102,58.702401209917554,Medium
Pizza,25186,King Pizza Bistro,Cafe,North Shore,1.03,44.93,1146,250,11232.5,314,179,403,14108.02,8042.47,18106.79,0.211410814,0.359518893,0.33,9,2.66,1071.98,4819.53,1397.69,796.77,6697.11,0.28,0.35,0.2,0.45,51489.78,13711.099999999999,0.2662877953644393,70.28718525211102,High
Pizza,26114,King Pizza Eatery,Cafe,South Auckland,1.05,40.25,942,228,9177.0,250,143,321,10062.5,5755.75,12920.25,0.275714058,0.384198272,0.32,11,3.25,1043.25,3120.98,202.13,115.62,3350.77,0.32,0.35,0.2,0.45,37915.5,6789.5,0.17906924608669278,68.23622851853509,High
Pizza,25876,Classic Pizza Diner,Full-service,West Auckland,1.04,40.51,1837,612,24792.12,429,245,551,17378.79,9924.95,22321.01,0.376616796,0.496469203,0.28,9,2.66,1465.66,3146.47,-2660.45,-1519.37,1367.19,0.5,0.35,0.2,0.45,74416.87,333.84000000000015,0.004486079567710926,61.14328625174866,Medium
Pizza,25390,Classic Pizza Diner,QSR,West Auckland,1.04,34.08,958,209,7122.72,262,150,337,8928.96,5112.0,11484.96,0.251370043,0.351589107,0.31,13,3.84,1294.08,2828.01,777.18,444.95,3265.92,0.28,0.35,0.2,0.45,32648.64,7316.0599999999995,0.22408467856547776,61.12985239404032,Medium
Pizza,25244,Urban Pizza Cafe,Full-service,North Shore,1.03,35.17,761,221,7772.57,189,108,243,6647.13,3798.36,8546.31,0.387739199,0.496896874,0.28,9,2.66,646.38,896.67,-1094.36,-625.35,339.56,0.41,0.35,0.2,0.45,26764.370000000003,-483.47999999999996,-0.018064314609310808,38.68150440099535,Low
Pizza,26149,Classic Pizza Bistro,Cafe,West Auckland,1.04,39.35,1881,575,22626.25,457,261,588,17982.95,10270.35,23137.8,0.24920562,0.392973105,0.32,13,3.84,2257.92,8096.15,680.14,388.44,6021.28,0.44,0.35,0.2,0.45,74017.34999999999,15186.009999999998,0.20516824771489386,74.12487506482753,High
Pizza,25448,Urban Pizza Tavern,QSR,West Auckland,1.04,44.34,754,160,7094.4,208,119,267,9222.72,5276.46,11838.78,0.203992223,0.406685895,0.28,4,1.18,315.06,2762.01,1008.25,576.83,4294.04,0.27,0.35,0.2,0.45,33432.36,8641.130000000001,0.25846604906144827,70.11794596276057,High
Pizza,25032,Urban Pizza House,Ghost Kitchen,South Auckland,1.05,41.06,949,45,1847.7,316,181,407,12974.96,7431.86,16711.42,0.282779273,0.280021978,0.32,12,3.54,1440.78,807.81,1520.65,871.0,5865.43,0.05,0.35,0.2,0.45,38965.94,9064.89,0.23263624591117266,72.61427071275656,High
Pizza,25045,King Pizza Diner,QSR,South Auckland,1.05,46.66,1516,322,15024.52,418,239,537,19503.88,11151.74,25056.42,0.210184779,0.444766892,0.32,8,2.36,1267.32,5184.19,488.54,279.33,7378.36,0.27,0.35,0.2,0.45,70736.56,13330.419999999998,0.18845162953923683,80.43613579306074,High
Pizza,26259,Classic Pizza House,Ghost Kitchen,South Auckland,1.05,45.51,551,36,1638.36,180,103,232,8191.8,4687.53,10558.32,0.264104923,0.221715734,0.28,10,2.95,684.4,842.41,1918.35,1097.72,4744.47,0.07,0.35,0.2,0.45,25076.01,8602.95,0.34307491502834786,79.68097975457746,High
Pizza,25411,Top Pizza Cafe,QSR,CBD,0.99,33.7,921,190,6403.0,256,146,329,8627.2,4920.2,11087.3,0.213650381,0.382427731,0.32,14,4.13,1358.77,2586.31,724.01,412.91,3119.63,0.26,0.35,0.2,0.45,31037.7,6842.86,0.22046930023809752,35.169240563353945,Low
Pizza,25156,Urban Pizza Corner,Cafe,CBD,0.99,31.97,796,219,7001.43,202,115,260,6457.94,3676.55,8312.2,0.268265921,0.427995915,0.31,10,2.95,767.0,2126.6,-40.44,-23.02,1757.73,0.38,0.35,0.2,0.45,25448.12,3820.87,0.15014350765400353,27.626548990054822,Low
Pizza,25521,Urban Pizza Bistro,QSR,South Auckland,1.05,39.54,1492,278,10992.12,425,243,546,16804.5,9608.22,21588.84,0.207473447,0.400803268,0.33,5,1.48,808.08,4305.87,1037.23,593.05,7648.77,0.23,0.35,0.2,0.45,58993.68000000001,13584.920000000002,0.23027754837467335,76.87593029783768,High
Pizza,26007,Classic Pizza Tavern,Full-service,North Shore,1.03,34.82,2201,672,23399.04,535,306,688,18628.7,10654.92,23956.16,0.353792431,0.525969897,0.31,18,5.31,3653.28,2813.45,-3535.03,-2021.9,-772.85,0.44,0.35,0.2,0.45,76638.82,-3516.3300000000004,-0.04588183899491146,51.696944089042674,Medium
Pizza,26061,Lucky Pizza Cafe,Full-service,North Shore,1.03,44.18,614,172,7598.96,155,88,199,6847.9,3887.84,8791.82,0.355922215,0.542598888,0.32,11,3.25,646.75,771.13,-1496.41,-849.58,245.43,0.39,0.35,0.2,0.45,27126.52,-1329.43,-0.04900849795698085,42.796328206320844,Low
Pizza,25052,Top Pizza Corner,Cafe,North Shore,1.03,38.47,1560,350,13464.5,424,242,544,16311.28,9309.74,20927.68,0.262573087,0.402647344,0.28,18,5.31,2888.64,4507.64,893.52,509.98,4117.52,0.29,0.35,0.2,0.45,60013.2,10028.66,0.16710756966800638,62.41868036985563,Medium
Pizza,25134,Classic Pizza Diner,Full-service,CBD,0.99,36.51,789,229,8360.79,196,112,252,7155.96,4089.12,9200.52,0.388490515,0.49648169,0.29,13,3.84,967.68,961.72,-1252.09,-715.48,90.64,0.41,0.35,0.2,0.45,28806.39,-915.2099999999999,-0.03177107579255852,19.206289155804544,Low
Pizza,25500,Classic Pizza House,Full-service,North Shore,1.03,40.3,655,206,8301.8,157,90,202,6327.1,3627.0,8140.6,0.389053662,0.484122679,0.32,17,5.02,1014.04,1052.86,-1222.25,-700.65,18.38,0.46,0.35,0.2,0.45,26396.5,-851.6600000000001,-0.03226412592578562,41.01932975177066,Low
Pizza,25002,Top Pizza Bistro,Full-service,South Auckland,1.05,44.02,1092,317,13954.34,271,155,349,11929.42,6823.1,15362.98,0.382634082,0.492995391,0.32,13,3.84,1340.16,1735.51,-2333.75,-1334.8,570.54,0.41,0.35,0.2,0.45,48069.84,-1362.5,-0.028344175890745633,59.092569002111205,Medium
Pizza,25137,Classic Pizza Diner,Full-service,CBD,0.99,36.9,1554,474,17490.6,378,216,486,13948.2,7970.4,17933.4,0.396293201,0.549098631,0.31,9,2.66,1292.76,955.13,-3562.26,-2035.58,-313.45,0.44,0.35,0.2,0.45,57342.6,-4956.16,-0.08643068155263277,23.93023422660141,Low
Pizza,25569,King Pizza House,Cafe,West Auckland,1.04,40.68,1638,378,15377.04,441,252,567,17939.88,10251.36,23065.56,0.254423636,0.409830392,0.29,9,2.66,1508.22,5162.78,820.68,468.96,6235.95,0.3,0.35,0.2,0.45,66633.84,12688.369999999999,0.19041931246945995,71.7122227605401,High
Pizza,26190,Top Pizza Eatery,Cafe,North Shore,1.03,41.48,633,153,6346.44,168,96,216,6968.64,3982.08,8959.68,0.273514459,0.387312061,0.29,6,1.77,382.32,2152.54,342.67,195.81,2656.57,0.32,0.35,0.2,0.45,26256.84,5347.59,0.20366464509819157,57.69105175207976,Medium
Pizza,25059,Urban Pizza Eatery,Ghost Kitchen,North Shore,1.03,45.97,664,19,873.43,226,129,290,10389.22,5930.13,13331.3,0.298367746,0.202721908,0.28,4,1.18,342.2,435.76,2274.31,1298.17,6308.92,0.03,0.35,0.2,0.45,30524.079999999998,10317.16,0.3380006866709824,70.92687561748141,High
Pizza,26354,King Pizza Diner,QSR,CBD,0.99,33.25,1797,359,11936.75,503,288,647,16724.75,9576.0,21512.75,0.264598917,0.418979844,0.29,12,3.54,2290.38,3777.04,441.89,253.01,4516.71,0.25,0.35,0.2,0.45,59750.25,8988.650000000001,0.15043702746013618,39.306305563738704,Low
Pizza,25021,Top Pizza Corner,Ghost Kitchen,West Auckland,1.04,44.06,1311,108,4758.48,421,241,541,18549.26,10618.46,23836.46,0.277915947,0.264987401,0.3,13,3.84,2077.44,2175.09,2914.03,1668.12,8818.13,0.09,0.35,0.2,0.45,57762.659999999996,15575.369999999999,0.26964426499749145,76.50545688502733,High
Pizza,25089,King Pizza House,Ghost Kitchen,North Shore,1.03,38.54,1361,112,4316.48,437,250,562,16841.98,9635.0,21659.48,0.256606098,0.271410881,0.32,10,2.95,1657.9,2037.31,2559.69,1464.36,8565.01,0.09,0.35,0.2,0.45,52452.94,14626.369999999999,0.2788474773768639,67.90497703181859,High
Pizza,25818,Classic Pizza Grill,QSR,West Auckland,1.04,33.74,638,147,4959.78,172,98,221,5803.28,3306.52,7456.54,0.219004604,0.355166189,0.31,4,1.18,260.78,2112.02,672.19,382.99,2914.43,0.3,0.35,0.2,0.45,21526.12,6081.629999999999,0.28252327869583554,61.397505248504004,Medium
Pizza,25022,Lucky Pizza Diner,Full-service,West Auckland,1.04,46.04,1706,512,23572.48,418,239,537,19244.72,11003.56,24723.48,0.375633058,0.536289413,0.31,15,4.43,2378.91,2076.21,-4270.84,-2441.94,-201.33,0.43,0.35,0.2,0.45,78544.23999999999,-4837.9,-0.06159458669407203,60.06746227173796,Medium
Pizza,25590,Lucky Pizza Bistro,Cafe,CBD,0.99,35.03,1115,237,8302.11,307,176,395,10754.21,6165.28,13836.85,0.213621605,0.4126736,0.32,8,2.36,932.2,3102.54,577.55,331.11,4238.7,0.27,0.35,0.2,0.45,39058.45,8249.9,0.21121933922109046,37.73662733718314,Low
Pizza,25309,Lucky Pizza Kitchen,Cafe,CBD,0.99,32.37,950,230,7445.1,252,144,324,8157.24,4661.28,10487.88,0.239426185,0.350427772,0.28,7,2.07,670.68,3053.58,1061.63,606.65,3630.88,0.32,0.35,0.2,0.45,30751.5,8352.74,0.2716205713542429,37.77606404453065,Low
Pizza,25066,Lucky Pizza Tavern,Cafe,West Auckland,1.04,31.86,684,181,5766.66,176,101,226,5607.36,3217.86,7200.36,0.20145305,0.406799667,0.3,7,2.07,467.82,2259.07,514.46,295.23,2352.9,0.36,0.35,0.2,0.45,21792.24,5421.66,0.24878855959736124,57.99386326643102,Medium
Pizza,26632,King Pizza Corner,Cafe,South Auckland,1.05,33.51,1650,504,16889.04,401,229,516,13437.51,7673.79,17291.16,0.26581719,0.389184284,0.28,5,1.48,763.68,5826.69,873.42,498.79,5201.74,0.44,0.35,0.2,0.45,55291.5,12400.64,0.2242775110098297,72.95216467150931,High
Pizza,26566,Top Pizza Cafe,QSR,CBD,0.99,30.47,791,173,5271.31,216,124,278,6581.52,3778.28,8470.66,0.220021851,0.377670614,0.3,6,1.77,492.06,2120.69,673.34,386.55,2915.75,0.28,0.35,0.2,0.45,24101.770000000004,6096.33,0.2529411740299571,33.206690089654884,Low
Pizza,25542,Lucky Pizza Cafe,QSR,CBD,0.99,33.2,1461,292,9694.4,409,234,526,13578.8,7768.8,17463.2,0.219637144,0.350006534,0.29,5,1.48,778.48,4172.05,1905.87,1090.4,6736.92,0.25,0.35,0.2,0.45,48505.2,13905.24,0.28667524306672276,44.8941088902959,Low
Pizza,26607,Classic Pizza Cafe,Ghost Kitchen,West Auckland,1.04,43.15,759,49,2114.35,248,142,320,10701.2,6127.3,13808.0,0.271425134,0.310912665,0.28,10,2.95,944.0,883.08,1473.15,843.5,4823.08,0.07,0.35,0.2,0.45,32750.850000000002,8022.8099999999995,0.244964939841256,68.23793243021318,High
Pizza,25394,Lucky Pizza Eatery,Full-service,West Auckland,1.04,32.33,691,182,5884.06,178,102,229,5754.74,3297.66,7403.57,0.365765923,0.462057029,0.31,10,2.95,675.55,1013.1,-793.14,-454.49,599.17,0.36,0.35,0.2,0.45,22340.03,364.64,0.016322269934283883,42.81624939030072,Low
Pizza,26003,King Pizza Cafe,QSR,West Auckland,1.04,45.3,1799,348,15764.4,508,290,653,23012.4,13137.0,29580.9,0.249556165,0.36779494,0.29,10,2.95,1926.35,6032.23,2132.07,1217.13,9392.75,0.24,0.35,0.2,0.45,81494.70000000001,18774.18,0.2303730181226509,80.07488487732437,High
Pizza,26166,Classic Pizza Grill,QSR,West Auckland,1.04,39.37,807,156,6141.72,228,130,293,8976.36,5118.1,11535.41,0.2165965,0.412169995,0.32,6,1.77,518.61,2280.01,459.89,262.22,3763.72,0.24,0.35,0.2,0.45,31771.59,6765.84,0.2129525151243611,63.33720298240664,Medium
Pizza,25803,Classic Pizza Tavern,QSR,North Shore,1.03,41.53,983,203,8430.59,273,156,351,11337.69,6478.68,14577.03,0.252052213,0.397934241,0.31,3,0.89,312.39,2950.82,453.66,259.23,4789.77,0.26,0.35,0.2,0.45,40823.99,8453.48,0.20707138131280162,61.65546983985484,Medium
Pizza,26358,Classic Pizza Cafe,Full-service,North Shore,1.03,31.46,1389,431,13559.26,335,192,431,10539.1,6040.32,13559.26,0.352690544,0.524665215,0.32,7,2.07,892.17,1662.97,-2079.95,-1192.09,770.8,0.45,0.35,0.2,0.45,43697.94,-838.2699999999998,-0.0191832841548137,42.03967837936777,Low
Pizza,25117,Classic Pizza Grill,Cafe,CBD,0.99,43.23,1519,441,19064.43,377,216,485,16297.71,9337.68,20966.55,0.263646087,0.417766973,0.3,16,4.72,2289.2,6073.68,302.92,173.56,4390.47,0.41,0.35,0.2,0.45,65666.37,10940.630000000001,0.16660933138225856,46.046673213066484,Medium
Pizza,26372,Urban Pizza House,QSR,South Auckland,1.05,31.92,1973,431,13757.52,540,308,694,17236.8,9831.36,22152.48,0.275863949,0.423654155,0.31,8,2.36,1637.84,4133.89,-164.06,-93.58,5018.58,0.28,0.35,0.2,0.45,62978.16,8894.83,0.1412367398475916,69.3993201929287,High
Pizza,26009,Classic Pizza Diner,QSR,North Shore,1.03,31.87,1652,330,10517.1,463,264,595,14755.81,8413.68,18962.65,0.217166916,0.448875435,0.29,5,1.48,880.6,3512.27,648.63,369.85,5452.12,0.25,0.35,0.2,0.45,52649.24,9982.869999999999,0.18961090416499837,59.22805068667433,Medium
Pizza,25809,Classic Pizza Cafe,Full-service,West Auckland,1.04,42.7,999,285,12169.5,250,143,321,10675.0,6106.1,13706.7,0.383385897,0.49206828,0.28,4,1.18,378.78,1515.66,-1659.47,-949.22,1328.33,0.4,0.35,0.2,0.45,42657.3,235.29999999999995,0.005516054696382564,54.25658952403196,Medium
Pizza,25754,Lucky Pizza Kitchen,QSR,South Auckland,1.05,46.67,1006,232,10827.44,271,155,348,12647.57,7233.85,16241.16,0.246417473,0.420369215,0.27,10,2.95,1026.6,3607.85,799.49,457.28,4385.17,0.3,0.35,0.2,0.45,46950.020000000004,9249.79,0.1970135475980628,75.64160161575577,High
Pizza,25769,Lucky Pizza Bistro,Full-service,West Auckland,1.04,35.07,1328,437,15325.59,312,178,401,10941.84,6242.46,14063.07,0.371737949,0.460590567,0.29,6,1.77,709.77,2569.66,-1338.5,-763.63,1648.21,0.49,0.35,0.2,0.45,46572.96,2115.74,0.045428506154644235,53.852501377438735,Medium
Pizza,25407,King Pizza Kitchen,Full-service,South Auckland,1.05,33.45,638,207,6924.15,151,86,194,5050.95,2876.7,6489.3,0.371235733,0.526855572,0.27,15,4.43,859.42,705.63,-849.02,-483.55,-198.1,0.48,0.35,0.2,0.45,21341.1,-825.0400000000001,-0.03865967546190216,44.517661134932226,Low
Pizza,25163,King Pizza Grill,Full-service,CBD,0.99,32.14,1958,518,16648.52,504,288,648,16198.56,9256.32,20826.72,0.383340089,0.498660931,0.27,12,3.54,2293.92,1964.51,-2462.2,-1406.97,163.61,0.36,0.35,0.2,0.45,62930.12,-1741.0499999999997,-0.027666402034510654,28.05534561291531,Low
Pizza,25570,Top Pizza Eatery,Ghost Kitchen,South Auckland,1.05,40.57,1674,138,5598.66,538,307,691,21826.66,12454.99,28033.87,0.250997439,0.303737457,0.28,7,2.07,1430.37,2492.89,3607.19,2058.38,11052.13,0.09,0.35,0.2,0.45,67914.18,19210.59,0.2828656695847613,83.2232605852848,High
Pizza,25207,King Pizza Cafe,Cafe,South Auckland,1.05,42.25,1507,365,15421.25,400,228,514,16900.0,9633.0,21716.5,0.212588603,0.365123185,0.28,12,3.54,1819.56,6512.21,2404.67,1370.66,7351.06,0.32,0.35,0.2,0.45,63670.75,17638.600000000002,0.27702830577620025,82.51348768486822,High
Pizza,26542,Classic Pizza Kitchen,Full-service,South Auckland,1.05,35.4,758,216,7646.4,190,108,244,6726.0,3823.2,8637.6,0.379709643,0.538602243,0.32,16,4.72,1151.68,624.62,-1602.89,-911.11,-446.09,0.4,0.35,0.2,0.45,26833.199999999997,-2335.4700000000003,-0.08703658154823131,44.20266714112795,Low
Pizza,25613,Top Pizza Kitchen,QSR,West Auckland,1.04,35.79,601,127,4545.33,166,95,213,5941.14,3400.05,7623.27,0.273536872,0.379405078,0.29,3,0.89,189.57,1577.49,338.99,194.0,2456.15,0.27,0.35,0.2,0.45,21509.79,4566.63,0.21230472264024894,58.04145246774767,Medium
Pizza,25965,Urban Pizza Kitchen,Ghost Kitchen,CBD,0.99,37.35,1243,113,4220.55,396,226,508,14790.6,8441.1,18973.8,0.261534472,0.329363201,0.29,16,4.72,2397.76,1726.64,1761.59,1005.35,5364.47,0.1,0.35,0.2,0.45,46426.05,9858.05,0.212338762397404,41.15763993044206,Low
Pizza,25251,Top Pizza Tavern,QSR,West Auckland,1.04,39.53,850,196,7747.88,229,131,294,9052.37,5178.43,11621.82,0.210827452,0.443278018,0.28,16,4.72,1387.68,2679.95,596.5,341.23,2632.24,0.3,0.35,0.2,0.45,33600.5,6249.92,0.18600675585184745,62.11371251509933,Medium
Pizza,26019,Top Pizza House,Cafe,CBD,0.99,33.37,1573,473,15784.01,385,220,495,12847.45,7341.4,16518.15,0.205387952,0.375505005,0.32,4,1.18,584.1,6615.19,1273.27,727.58,6338.77,0.43,0.35,0.2,0.45,52491.01,14954.81,0.2849023099384066,46.10235896419138,Medium
Pizza,26305,Classic Pizza Eatery,Full-service,West Auckland,1.04,42.95,1726,560,24052.0,408,233,525,17523.6,10007.35,22548.75,0.360291346,0.463856639,0.29,8,2.36,1239.0,4229.59,-2000.28,-1142.32,2726.24,0.48,0.35,0.2,0.45,74131.7,3813.2300000000005,0.05143858835019298,65.23309211160692,High
Pizza,25173,Urban Pizza Kitchen,Full-service,South Auckland,1.05,46.48,1243,414,19242.72,290,166,373,13479.2,7715.68,17337.04,0.374779672,0.510911426,0.31,11,3.25,1212.25,2199.61,-2637.76,-1509.89,769.53,0.5,0.35,0.2,0.45,57774.64000000001,-1178.5100000000002,-0.020398396251365653,63.33633891903256,Medium
Pizza,25419,Urban Pizza Grill,Cafe,North Shore,1.03,46.18,1408,402,18564.36,352,201,453,16255.36,9282.18,20919.54,0.241740225,0.350460663,0.28,3,0.89,403.17,7570.53,2077.42,1186.25,8127.8,0.4,0.35,0.2,0.45,65021.44,18962.0,0.291626884916729,75.83250172483942,High
Pizza,25701,Lucky Pizza Eatery,Full-service,North Shore,1.03,39.54,1766,486,19216.44,448,256,576,17713.92,10122.24,22775.04,0.360499115,0.49761104,0.32,11,3.25,1872.0,2726.62,-3155.03,-1802.87,1359.55,0.38,0.35,0.2,0.45,69827.64,-871.7300000000002,-0.012484024950578314,53.41718185461257,Medium
Pizza,25298,Classic Pizza Eatery,QSR,South Auckland,1.05,46.82,1915,395,18493.9,532,304,684,24908.24,14233.28,32024.88,0.212524152,0.379625273,0.33,17,5.02,3433.68,7542.75,1939.12,1108.07,9627.69,0.26,0.35,0.2,0.45,89660.3,20217.629999999997,0.2254914382396668,87.27709767987119,High
Pizza,25825,Urban Pizza Tavern,Full-service,North Shore,1.03,45.63,1933,562,25644.06,480,274,617,21902.4,12502.62,28153.71,0.388536868,0.507756362,0.29,11,3.25,2005.25,2659.46,-4080.27,-2329.15,914.48,0.41,0.35,0.2,0.45,88202.79000000001,-2835.48,-0.032147282415896365,59.09250035485585,Medium
Pizza,26026,Top Pizza House,QSR,South Auckland,1.05,38.89,1752,361,14039.29,487,278,626,18939.43,10811.42,24345.14,0.208394579,0.36435966,0.29,15,4.43,2773.18,5998.23,2599.36,1483.82,7628.18,0.26,0.35,0.2,0.45,68135.28,17709.59,0.259918063006419,81.05565959111489,High
Pizza,25099,King Pizza Corner,Cafe,West Auckland,1.04,44.19,1161,281,12417.39,308,176,396,13610.52,7777.44,17499.24,0.228979937,0.36802016,0.32,18,5.31,2102.76,5004.21,1129.67,645.53,4949.43,0.32,0.35,0.2,0.45,51304.59,11728.84,0.2286119039251654,72.27162107379377,High
Pizza,25827,King Pizza Cafe,Cafe,North Shore,1.03,37.15,1367,307,11405.05,371,212,477,13782.65,7875.8,17720.55,0.261949095,0.413957369,0.29,12,3.54,1688.58,3696.3,469.9,268.51,4054.54,0.29,0.35,0.2,0.45,50784.05,8489.25,0.16716370592735316,59.25127484784909,Medium
Pizza,26031,Classic Pizza Grill,QSR,South Auckland,1.05,38.06,1219,259,9857.54,336,192,432,12788.16,7307.52,16441.92,0.262302445,0.41514843,0.32,16,4.72,2039.04,3179.54,32.6,18.63,3264.29,0.27,0.35,0.2,0.45,46395.14,6495.0599999999995,0.13999440458634244,66.6430305701738,High
Pizza,26462,Top Pizza Kitchen,Full-service,South Auckland,1.05,34.28,959,336,11518.08,218,125,280,7473.04,4285.0,9598.4,0.354684281,0.463633687,0.31,14,4.13,1156.4,2092.63,-958.93,-549.84,587.46,0.54,0.35,0.2,0.45,32874.52,1171.3200000000002,0.0356300259288957,53.62073446411429,Medium
Pizza,26156,Lucky Pizza Cafe,Cafe,South Auckland,1.05,36.42,1480,314,11435.88,408,233,525,14859.36,8485.86,19120.5,0.221691654,0.40473767,0.3,11,3.25,1706.25,4272.11,1093.21,624.31,5436.61,0.27,0.35,0.2,0.45,53901.6,11426.239999999998,0.2119833177493803,72.83381680056819,High
Pizza,25185,Lucky Pizza Eatery,Cafe,South Auckland,1.05,44.86,1890,401,17988.86,521,298,670,23372.06,13368.28,30056.2,0.26823447,0.363766532,0.31,11,3.25,2177.5,6619.88,1355.56,775.35,8883.15,0.27,0.35,0.2,0.45,84785.4,17633.940000000002,0.20798321409110535,84.1484942692097,High
Pizza,25306,Top Pizza Bistro,Cafe,North Shore,1.03,32.49,1874,443,14393.07,501,286,644,16277.49,9292.14,20923.56,0.211561268,0.428478834,0.3,10,2.95,1899.8,5180.93,976.0,557.16,5631.84,0.31,0.35,0.2,0.45,60886.259999999995,12345.93,0.20277037873569506,62.989318934265995,Medium
Pizza,26683,Classic Pizza Kitchen,Ghost Kitchen,North Shore,1.03,31.6,1152,75,2370.0,377,215,485,11913.2,6794.0,15326.0,0.277710302,0.246876524,0.31,16,4.72,2289.2,1126.73,1970.6,1123.82,4996.98,0.07,0.35,0.2,0.45,36403.2,9218.13,0.2532230683016878,58.00559511521448,Medium
Pizza,26199,Urban Pizza House,Ghost Kitchen,CBD,0.99,41.76,1550,114,4760.64,503,287,646,21005.28,11985.12,26976.96,0.25115767,0.283551557,0.32,12,3.54,2286.84,2215.08,3051.87,1741.33,10265.29,0.08,0.35,0.2,0.45,64728.0,17273.57,0.26686395377580024,51.8610998206353,Medium
Pizza,26685,Top Pizza Grill,Cafe,South Auckland,1.05,32.52,1572,381,12390.12,417,238,536,13560.84,7739.76,17430.72,0.264908879,0.431599406,0.28,15,4.43,2374.48,3760.3,318.57,181.82,2915.6,0.32,0.35,0.2,0.45,51121.44,7176.290000000001,0.14037730549061217,65.62753788567055,High
Pizza,25878,Classic Pizza Cafe,Full-service,South Auckland,1.05,43.16,1772,469,20242.04,456,261,586,19680.96,11264.76,25291.76,0.372721858,0.544081088,0.3,7,2.07,1213.02,1684.08,-4266.89,-2442.23,891.18,0.36,0.35,0.2,0.45,76479.52,-4133.860000000001,-0.054051855973991474,63.79457403731465,High
Pizza,26040,Classic Pizza Eatery,Cafe,West Auckland,1.04,45.41,645,167,7583.47,167,96,215,7583.47,4359.36,9763.15,0.237470008,0.35193967,0.33,8,2.36,507.4,3113.7,611.15,351.32,3501.25,0.35,0.35,0.2,0.45,29289.449999999997,7577.42,0.2587081696651866,69.90476097536597,High
Pizza,26527,Lucky Pizza Grill,QSR,West Auckland,1.04,40.03,1788,334,13370.02,509,291,654,20375.27,11648.73,26179.62,0.26533634,0.355893924,0.3,4,1.18,771.72,5064.16,1604.95,917.57,9144.33,0.23,0.35,0.2,0.45,71573.64,16731.01,0.2337593840413873,75.65422615420164,High
Pizza,25476,King Pizza House,Cafe,North Shore,1.03,33.94,1230,312,10589.28,321,184,413,10894.74,6244.96,14017.22,0.235909214,0.432622271,0.3,14,4.13,1705.69,3510.01,342.84,196.52,2940.58,0.34,0.35,0.2,0.45,41746.2,6989.950000000001,0.16743919207017646,55.06378558885554,Medium
Pizza,26447,Lucky Pizza Tavern,QSR,CBD,0.99,37.78,510,105,3966.9,142,81,182,5364.76,3060.18,6875.96,0.21940292,0.387422295,0.29,11,3.25,591.5,1559.69,553.51,315.73,2111.95,0.26,0.35,0.2,0.45,19267.8,4540.879999999999,0.23567195009290107,35.3668109275549,Low
Pizza,26204,Urban Pizza Grill,Full-service,South Auckland,1.05,38.05,1440,480,18264.0,336,192,432,12784.8,7305.6,16437.6,0.354036158,0.469472704,0.31,14,4.13,1784.16,3223.43,-1706.88,-975.36,1116.93,0.5,0.35,0.2,0.45,54792.0,1658.12,0.030262082055774565,61.575609944015206,Medium
Pizza,25357,Classic Pizza Tavern,Full-service,CBD,0.99,30.21,1163,314,9485.94,297,170,382,8972.37,5135.7,11540.22,0.397544512,0.521062245,0.28,12,3.54,1352.28,772.09,-1781.97,-1019.98,-412.98,0.37,0.35,0.2,0.45,35134.23,-2442.84,-0.06952877578361615,15.190025230527402,Low
Pizza,26005,Top Pizza Cafe,Full-service,South Auckland,1.05,43.39,729,243,10543.77,170,97,219,7376.3,4208.83,9502.41,0.372089598,0.506588339,0.28,10,2.95,646.05,1279.19,-1170.46,-667.85,506.8,0.5,0.35,0.2,0.45,31631.31,-52.31999999999999,-0.001654057324846805,56.519072520865656,Medium
Pizza,26248,Lucky Pizza Bistro,QSR,North Shore,1.03,34.53,610,110,3798.3,175,100,225,6042.75,3453.0,7769.25,0.205075883,0.422484086,0.29,14,4.13,929.25,1414.64,498.16,284.67,1964.33,0.22,0.35,0.2,0.45,21063.3,4161.8,0.19758537361192216,51.06138291304892,Medium
Pizza,26087,King Pizza Diner,QSR,West Auckland,1.04,36.97,562,97,3586.09,163,93,209,6026.11,3438.21,7726.73,0.211319309,0.364706583,0.33,15,4.43,925.87,1520.41,566.3,323.1,2350.06,0.21,0.35,0.2,0.45,20777.14,4759.87,0.22909168441854846,59.775504629964246,Medium
Pizza,25927,Urban Pizza Diner,Cafe,North Shore,1.03,36.69,1847,518,19005.42,465,266,598,17060.85,9759.54,21940.62,0.2245838,0.426185135,0.29,12,3.54,2116.92,6637.28,1010.53,578.07,5545.43,0.39,0.35,0.2,0.45,67766.43,13771.31,0.2032172861990812,66.34699160094301,High
Pizza,25646,Top Pizza Kitchen,Full-service,West Auckland,1.04,39.04,956,287,11204.48,234,134,301,9135.36,5231.36,11751.04,0.357817518,0.527648158,0.3,5,1.48,445.48,1283.3,-1694.3,-970.24,900.42,0.43,0.35,0.2,0.45,37322.240000000005,-480.82000000000005,-0.012882935215035324,49.41596713730993,Medium
Pizza,25323,Lucky Pizza Cafe,QSR,CBD,0.99,40.18,1324,238,9562.84,380,217,489,15268.4,8719.06,19648.02,0.226196178,0.421025983,0.28,9,2.66,1300.74,3373.56,1111.2,634.55,5630.65,0.22,0.35,0.2,0.45,53198.31999999999,10749.96,0.20207329855529274,43.75479104759811,Low
Pizza,26172,Top Pizza Cafe,Cafe,South Auckland,1.05,36.39,1808,468,17030.52,469,268,603,17066.91,9752.52,21943.17,0.27470432,0.355725291,0.28,13,3.84,2315.52,6293.98,1528.69,873.54,5794.03,0.35,0.35,0.2,0.45,65793.12,14490.239999999998,0.2202394414491971,76.82394734506728,High
Pizza,25201,Lucky Pizza Kitchen,QSR,West Auckland,1.04,41.26,893,195,8045.7,244,140,314,10067.44,5776.4,12955.64,0.231416653,0.404841994,0.33,18,5.31,1667.34,2926.55,339.69,194.9,3045.16,0.28,0.35,0.2,0.45,36845.18,6506.3,0.1765848341628403,63.420728102329846,Medium
Pizza,25687,Classic Pizza Corner,Cafe,West Auckland,1.04,33.9,1465,403,13661.7,372,212,478,12610.8,7186.8,16204.2,0.27844196,0.387741361,0.29,6,1.77,846.06,4560.5,552.56,314.9,4563.17,0.38,0.35,0.2,0.45,49663.5,9991.13,0.20117651796591057,64.78036200285062,High
Pizza,26378,King Pizza Cafe,Ghost Kitchen,West Auckland,1.04,42.33,1544,73,3090.09,515,294,662,21799.95,12445.02,28022.46,0.266469525,0.296299077,0.3,9,2.66,1760.92,1351.08,2991.64,1707.85,10491.38,0.05,0.35,0.2,0.45,65357.52,16541.949999999997,0.25309941380884704,76.36107296879912,High
Pizza,25530,Classic Pizza Corner,QSR,North Shore,1.03,38.97,1767,364,14185.08,491,281,631,19134.27,10950.57,24590.07,0.201766975,0.403794487,0.31,5,1.48,933.88,5595.14,1615.67,924.65,8765.39,0.26,0.35,0.2,0.45,68859.98999999999,16900.85,0.24543788054572765,70.30751104564634,High
Pizza,26218,Lucky Pizza Bistro,Full-service,South Auckland,1.05,37.0,1193,322,11914.0,305,174,392,11285.0,6438.0,14504.0,0.365280652,0.468981652,0.32,17,5.02,1967.84,1974.6,-1740.85,-993.14,436.02,0.37,0.35,0.2,0.45,44141.0,-323.37,-0.007325842187535398,55.53562849223408,Medium
Pizza,25989,Classic Pizza Grill,QSR,CBD,0.99,43.26,1794,414,17909.64,483,276,621,20894.58,11939.76,26864.46,0.222421053,0.400567385,0.27,8,2.36,1465.56,6752.14,2235.96,1277.69,8662.65,0.3,0.35,0.2,0.45,77608.44,18928.440000000002,0.24389666897053983,54.178320170180285,Medium
Pizza,25533,Urban Pizza Kitchen,Cafe,West Auckland,1.04,39.97,1712,415,16587.55,454,259,584,18146.38,10352.23,23342.48,0.268391657,0.386257218,0.28,12,3.54,2067.36,5728.53,1185.89,676.53,5993.99,0.32,0.35,0.2,0.45,68428.64,13584.939999999999,0.19852710794778325,72.42817669881597,High
Pizza,25897,Top Pizza Grill,QSR,CBD,0.99,40.49,734,137,5547.13,209,119,269,8462.41,4818.31,10891.81,0.250187469,0.406437873,0.32,5,1.48,398.12,1904.74,197.81,112.63,3341.85,0.23,0.35,0.2,0.45,29719.660000000003,5557.030000000001,0.18698161419074108,36.78142479809996,Low
Pizza,26059,King Pizza Corner,QSR,CBD,0.99,41.01,1536,326,13369.26,424,242,544,17388.24,9924.42,22309.44,0.223241485,0.408812939,0.29,3,0.89,484.16,4919.16,1355.34,773.56,7724.5,0.27,0.35,0.2,0.45,62991.36,14772.56,0.23451724172965943,48.88992696967349,Medium
Pizza,25656,Classic Pizza Cafe,Full-service,CBD,0.99,33.55,1917,548,18385.4,479,274,616,16070.45,9192.7,20666.8,0.391183319,0.468937353,0.33,8,2.36,1453.76,2571.74,-3055.32,-1747.72,1437.1,0.4,0.35,0.2,0.45,64315.350000000006,-794.2000000000003,-0.01234852955009963,29.867184403561094,Low
Pizza,25657,Top Pizza House,Ghost Kitchen,West Auckland,1.04,44.67,1309,74,3305.58,432,247,556,19297.44,11033.49,24836.52,0.264117753,0.244468622,0.29,8,2.36,1312.16,1624.41,3886.77,2222.3,10892.84,0.06,0.35,0.2,0.45,58473.03,18626.32,0.3185454901174097,80.30232231867627,High
Pizza,26185,Lucky Pizza Grill,Full-service,West Auckland,1.04,41.54,1614,418,17363.72,419,239,538,17405.26,9928.06,22348.52,0.374863437,0.524074592,0.32,13,3.84,2065.92,1754.81,-3810.67,-2173.63,192.67,0.35,0.35,0.2,0.45,67045.56,-4036.8199999999997,-0.060210101906822765,55.319824935675236,Medium
Pizza,25620,Urban Pizza Bistro,QSR,South Auckland,1.05,43.51,1521,332,14445.32,416,238,535,18100.16,10355.38,23277.85,0.265463374,0.448396007,0.3,16,4.72,2525.2,4133.39,-250.86,-143.52,4135.54,0.28,0.35,0.2,0.45,66178.70999999999,7874.55,0.11898917340637194,73.1015642994396,High
Pizza,26025,Urban Pizza Grill,Full-service,West Auckland,1.04,37.75,1344,410,15477.5,327,187,420,12344.25,7059.25,15855.0,0.39856462,0.466798004,0.27,17,5.02,2108.4,2083.85,-1670.95,-955.56,26.28,0.44,0.35,0.2,0.45,50736.0,-516.3800000000001,-0.0101777830337433,52.58145722671678,Medium
Pizza,25863,King Pizza Tavern,Full-service,CBD,0.99,33.33,970,296,9865.68,236,135,303,7865.88,4499.55,10098.99,0.373597342,0.482115126,0.31,7,2.07,627.21,1423.49,-1303.47,-745.63,829.95,0.44,0.35,0.2,0.45,32330.1,204.34000000000003,0.006320425857018693,20.94579397401945,Low
Pizza,26188,Classic Pizza Tavern,Full-service,South Auckland,1.05,33.24,1755,600,19944.0,404,231,520,13428.96,7678.44,17284.8,0.380446089,0.461335604,0.31,4,1.18,613.6,3155.51,-2038.27,-1165.45,2121.17,0.52,0.35,0.2,0.45,58336.2,2072.96,0.03553471086563746,61.11644442660873,Medium
Pizza,26271,Classic Pizza Bistro,QSR,South Auckland,1.05,39.47,1174,234,9235.98,329,188,423,12985.63,7420.36,16695.81,0.270539454,0.412952752,0.28,17,5.02,2123.46,2923.26,474.08,270.9,3160.89,0.25,0.35,0.2,0.45,46337.78,6829.13,0.14737715099860202,67.87827551950691,High
Pizza,25504,Top Pizza Tavern,QSR,West Auckland,1.04,32.61,1703,340,11087.4,477,273,613,15554.97,8902.53,19989.93,0.210267849,0.409942657,0.3,15,4.43,2715.59,4210.88,1241.12,710.33,4876.38,0.25,0.35,0.2,0.45,55534.83,11038.71,0.1987709334844457,66.0193854581745,High
Pizza,25894,King Pizza Grill,Cafe,CBD,0.99,36.87,1251,288,10618.56,337,193,433,12425.19,7115.91,15964.71,0.230757518,0.411095651,0.29,17,5.02,2173.66,3803.0,846.74,484.93,3544.05,0.3,0.35,0.2,0.45,46124.369999999995,8678.720000000001,0.18815910114327852,39.20077833320374,Low
Pizza,26194,Classic Pizza Cafe,Full-service,North Shore,1.03,39.04,1801,631,24634.24,410,234,526,16006.4,9135.36,20535.04,0.392636619,0.514461832,0.28,17,5.02,2640.52,2288.56,-2994.77,-1709.21,-732.78,0.54,0.35,0.2,0.45,70311.04000000001,-3148.2,-0.044775329734846755,51.181641039242585,Medium
Pizza,26558,Top Pizza Kitchen,QSR,South Auckland,1.05,35.55,1184,244,8674.2,329,188,423,11695.95,6683.4,15037.65,0.232291806,0.425341091,0.32,8,2.36,998.28,2969.76,261.6,149.49,4150.12,0.26,0.35,0.2,0.45,42091.200000000004,7530.97,0.17892029687915761,66.73650879453645,High
Pizza,25427,Lucky Pizza Bistro,QSR,North Shore,1.03,44.82,700,135,6050.7,198,113,254,8874.36,5064.66,11384.28,0.221595378,0.442231499,0.28,8,2.36,599.44,2034.08,498.5,284.5,3227.65,0.24,0.35,0.2,0.45,31374.0,6044.73,0.19266685790782176,60.52985121608545,Medium
Pizza,26357,Classic Pizza House,QSR,CBD,0.99,38.57,1817,419,16160.83,489,280,629,18860.73,10799.6,24260.53,0.274983283,0.411861554,0.31,11,3.25,2044.25,5060.85,59.51,34.07,5553.06,0.3,0.35,0.2,0.45,70081.69,10707.490000000002,0.15278584177978585,44.251147571858,Low
Pizza,25791,Classic Pizza Bistro,Ghost Kitchen,South Auckland,1.05,46.18,1554,45,2078.1,528,302,679,24383.04,13946.36,31356.22,0.26082389,0.285453698,0.31,5,1.48,1004.92,942.88,3504.39,2004.4,13222.1,0.03,0.35,0.2,0.45,71763.72,19673.77,0.27414646286452266,86.19534796164807,High
Pizza,25753,Urban Pizza Kitchen,QSR,West Auckland,1.04,38.52,799,179,6895.08,217,124,279,8358.84,4776.48,10747.08,0.227842675,0.371170261,0.32,10,2.95,823.05,2764.84,676.96,386.83,3486.39,0.29,0.35,0.2,0.45,30777.480000000003,7315.02,0.23767442948545495,64.18666119015549,High
Pizza,25147,King Pizza Eatery,QSR,CBD,0.99,36.78,1208,264,9709.92,330,189,425,12137.4,6951.42,15631.5,0.233279584,0.399572163,0.27,12,3.54,1504.5,3564.98,1179.13,675.32,4234.58,0.28,0.35,0.2,0.45,44430.24,9654.01,0.21728466918027003,40.63127682906874,Low
Pizza,26576,King Pizza Kitchen,Full-service,North Shore,1.03,39.31,713,250,9827.5,162,93,208,6368.22,3655.83,8176.48,0.365208661,0.481922785,0.31,17,5.02,1044.16,1502.32,-1000.65,-574.45,205.77,0.54,0.35,0.2,0.45,28028.030000000002,132.98999999999992,0.004744892880448605,43.27206614137483,Low
Pizza,25231,Top Pizza House,Full-service,CBD,0.99,30.58,1608,459,14036.22,402,230,517,12293.16,7033.4,15809.86,0.37593186,0.479613356,0.32,3,0.89,460.13,2027.6,-2158.01,-1234.68,1823.68,0.4,0.35,0.2,0.45,49172.64,458.5899999999997,0.009326121192598154,25.512921327760264,Low
Pizza,26645,Urban Pizza Tavern,Cafe,North Shore,1.03,45.34,666,172,7798.48,173,99,222,7843.82,4488.66,10065.48,0.224250628,0.428476973,0.29,11,3.25,721.5,2708.2,449.23,257.08,2773.96,0.35,0.35,0.2,0.45,30196.44,6188.469999999999,0.2049403837008601,61.445023158539904,Medium
Pizza,25757,Top Pizza Kitchen,Cafe,South Auckland,1.05,38.02,1872,386,14675.72,520,297,669,19770.4,11291.94,25435.38,0.210788026,0.40931863,0.33,12,3.54,2368.26,5575.21,986.41,563.39,7294.47,0.26,0.35,0.2,0.45,71173.44,14419.48,0.202596361788892,77.71280986559832,High
Pizza,25314,Lucky Pizza Eatery,QSR,South Auckland,1.05,38.23,1116,186,7110.78,326,186,418,12462.98,7110.78,15980.14,0.217746736,0.420422326,0.32,3,0.89,372.02,2572.9,521.34,297.45,5410.09,0.2,0.35,0.2,0.45,42664.67999999999,8801.78,0.20630132465542933,70.16826036581982,High
Pizza,26635,Urban Pizza Eatery,Ghost Kitchen,South Auckland,1.05,33.14,1066,60,1988.4,352,201,453,11665.28,6661.14,15012.42,0.266349605,0.24646977,0.31,14,4.13,1870.89,968.71,2066.86,1180.22,5442.87,0.06,0.35,0.2,0.45,35327.24,9658.66,0.2734054514306807,69.78216808060094,High
Pizza,26287,Lucky Pizza Diner,Full-service,North Shore,1.03,37.66,784,250,9415.0,187,107,240,7042.42,4029.62,9038.4,0.356693006,0.507279146,0.31,7,2.07,496.8,1280.7,-1225.18,-701.04,732.67,0.47,0.35,0.2,0.45,29525.439999999995,87.14999999999998,0.0029516918291480156,42.48109482586452,Low
Pizza,25924,King Pizza Corner,Full-service,North Shore,1.03,37.23,1287,423,15748.29,302,173,389,11243.46,6440.79,14482.47,0.396817928,0.530299018,0.27,16,4.72,1836.08,1147.78,-2216.28,-1269.59,-780.55,0.49,0.35,0.2,0.45,47915.01,-3118.6400000000003,-0.06508691117877259,42.835028377266475,Low
Pizza,26086,Top Pizza House,QSR,South Auckland,1.05,42.92,1520,304,13047.68,426,243,547,18283.92,10429.56,23477.24,0.258586944,0.380055402,0.3,12,3.54,1936.38,4714.88,1121.86,639.93,6547.3,0.25,0.35,0.2,0.45,65238.399999999994,13023.970000000001,0.19963656374160008,78.0148483997984,High
Pizza,25966,Classic Pizza House,Cafe,CBD,0.99,35.69,1155,273,9743.37,309,176,397,11028.21,6281.44,14168.93,0.22183819,0.38376959,0.33,10,2.95,1171.15,3842.71,710.13,404.48,4416.97,0.31,0.35,0.2,0.45,41221.95,9374.29,0.22741015405627346,39.81661695808215,Low
Pizza,26453,King Pizza Cafe,Full-service,South Auckland,1.05,34.03,1597,532,18103.96,373,213,479,12693.19,7248.39,16300.37,0.352824208,0.478757399,0.31,9,2.66,1274.14,3049.04,-1797.12,-1026.24,1471.14,0.5,0.35,0.2,0.45,54345.91,1696.8200000000002,0.031222588783590154,59.838845656772456,Medium
Pizza,25684,Lucky Pizza Cafe,Ghost Kitchen,South Auckland,1.05,32.73,579,16,523.68,197,113,253,6447.81,3698.49,8280.69,0.297161237,0.348697689,0.33,5,1.48,374.44,185.46,155.66,89.29,2558.09,0.03,0.35,0.2,0.45,18950.67,2988.5,0.15769890985384688,56.50001600774579,Medium
Pizza,26091,King Pizza Grill,Full-service,CBD,0.99,35.31,1086,357,12605.67,255,146,328,9004.05,5155.26,11581.68,0.394978213,0.50199599,0.32,12,3.54,1161.12,1298.71,-1953.65,-1118.56,32.09,0.49,0.35,0.2,0.45,38346.66,-1741.41,-0.04541229927195745,20.388407334088413,Low
Pizza,26631,Lucky Pizza Corner,Full-service,West Auckland,1.04,38.6,1471,449,17331.4,358,204,460,13818.8,7874.4,17756.0,0.352456971,0.523055132,0.3,17,5.02,2309.2,2157.55,-2425.37,-1382.05,-98.79,0.44,0.35,0.2,0.45,56780.6,-1748.6599999999996,-0.030796786226281507,53.26358832290319,Medium
Pizza,26063,Classic Pizza Diner,QSR,North Shore,1.03,43.18,1682,325,14033.5,475,271,611,20510.5,11701.78,26382.98,0.25860716,0.377645603,0.3,13,3.84,2346.24,5104.65,1307.49,745.96,7250.5,0.24,0.35,0.2,0.45,72628.76,14408.599999999999,0.19838697507709066,69.8631780965065,High
Pizza,25217,Urban Pizza Kitchen,Cafe,West Auckland,1.04,32.22,708,179,5767.38,185,106,238,5960.7,3415.32,7668.36,0.24698731,0.444379509,0.28,14,4.13,982.94,1780.0,170.67,97.79,1383.77,0.34,0.35,0.2,0.45,22811.76,3432.23,0.1504587984443112,51.934535486926606,Medium
Pizza,25326,Top Pizza Cafe,QSR,South Auckland,1.05,42.59,1591,357,15204.63,432,247,555,18398.88,10519.73,23637.45,0.23504476,0.44542568,0.31,17,5.02,2786.1,4858.33,175.33,100.25,4766.76,0.29,0.35,0.2,0.45,67760.69,9900.67,0.1461122960819909,74.87531289680445,High
Pizza,26661,Classic Pizza Kitchen,Full-service,South Auckland,1.05,42.96,1800,600,25776.0,420,240,540,18043.2,10310.4,23198.4,0.365962669,0.532778966,0.28,14,4.13,2230.2,2610.04,-3225.07,-1842.9,118.83,0.5,0.35,0.2,0.45,77328.0,-2339.1000000000004,-0.030249068901303543,65.52093908052454,High
Pizza,26446,Urban Pizza Kitchen,Full-service,West Auckland,1.04,37.32,1324,364,13584.48,336,192,432,12539.52,7165.44,16122.24,0.366639859,0.52360003,0.28,14,4.13,1784.16,1491.03,-2134.73,-1219.84,-14.58,0.38,0.35,0.2,0.45,49411.68,-1878.12,-0.03800963658794843,50.1262806799184,Medium
Pizza,26273,Urban Pizza Diner,Cafe,North Shore,1.03,31.9,1628,457,14578.3,410,234,527,13079.0,7464.6,16811.3,0.217616391,0.397422545,0.31,7,2.07,1090.89,5612.08,980.42,559.55,5380.81,0.39,0.35,0.2,0.45,51933.2,12532.86,0.24132655026071956,62.4835356591126,Medium
Pizza,26098,Classic Pizza Grill,Full-service,CBD,0.99,42.03,1375,439,18451.17,328,187,421,13785.84,7859.61,17694.63,0.373272623,0.517080234,0.33,13,3.84,1616.64,2023.12,-3037.75,-1731.89,323.53,0.47,0.35,0.2,0.45,57791.25,-2422.9900000000007,-0.04192658923279909,29.45149601148993,Low
Pizza,25574,Lucky Pizza Kitchen,Cafe,South Auckland,1.05,42.64,974,194,8272.16,273,156,351,11640.72,6651.84,14966.64,0.220691327,0.351094516,0.27,11,3.25,1140.75,3542.26,1841.73,1052.42,5268.18,0.25,0.35,0.2,0.45,41531.36,11704.59,0.2818253483632609,77.5496226777635,High
Pizza,26436,Lucky Pizza Diner,Cafe,West Auckland,1.04,39.72,629,133,5282.76,174,99,223,6911.28,3932.28,8857.56,0.254427243,0.357616775,0.32,18,5.31,1184.13,2049.48,469.66,267.22,2252.21,0.27,0.35,0.2,0.45,24983.88,5038.57,0.20167283864635915,61.000955806293646,Medium
Pizza,26546,Top Pizza Tavern,QSR,North Shore,1.03,39.02,1525,254,9911.08,445,254,572,17363.9,9911.08,22319.44,0.245379131,0.369287445,0.29,8,2.36,1349.92,3819.07,1655.36,944.86,7250.51,0.2,0.35,0.2,0.45,59505.5,13669.8,0.22972330288796833,66.7394575884431,High
Pizza,26426,Top Pizza House,QSR,South Auckland,1.05,37.63,1638,378,14224.14,441,252,567,16594.83,9482.76,21336.21,0.227269723,0.43024826,0.28,17,5.02,2846.34,4871.51,1036.88,592.5,4460.93,0.3,0.35,0.2,0.45,61637.94,10961.82,0.17784208881737448,73.24191605431987,High
Pizza,26347,Classic Pizza Kitchen,QSR,North Shore,1.03,39.53,1330,274,10831.22,370,211,475,14626.1,8340.83,18776.75,0.231074647,0.390396465,0.3,12,3.54,1681.5,4099.93,1148.57,655.0,5426.04,0.26,0.35,0.2,0.45,52574.9,11329.54,0.2154933247614356,64.16280890377263,High
Pizza,25551,Classic Pizza Tavern,Cafe,South Auckland,1.05,36.52,1788,492,17967.84,454,259,583,16580.08,9458.68,21291.16,0.233950318,0.372183836,0.3,3,0.89,518.87,7076.92,1556.3,887.85,7866.99,0.38,0.35,0.2,0.45,65297.759999999995,17388.059999999998,0.26628876702661775,79.8260310288648,High
Pizza,26373,Lucky Pizza Kitchen,Cafe,CBD,0.99,30.09,1083,237,7131.33,296,169,381,8906.64,5085.21,11464.29,0.252854062,0.350219597,0.3,14,4.13,1573.53,2830.61,863.29,492.89,2976.95,0.28,0.35,0.2,0.45,32587.47,7163.74,0.21983111913873643,33.73019112570926,Low
Pizza,25271,Lucky Pizza House,Ghost Kitchen,South Auckland,1.05,38.09,1560,45,1714.05,530,303,682,20187.7,11541.27,25977.38,0.265133102,0.255467749,0.29,6,1.77,1207.14,821.71,3823.53,2185.91,11246.39,0.03,0.35,0.2,0.45,59420.40000000001,18077.54,0.30423120679093374,81.32658689955844,High
Pizza,25095,Urban Pizza Cafe,Cafe,CBD,0.99,38.96,1150,244,9506.24,317,181,408,12350.32,7051.76,15895.68,0.219332031,0.447013896,0.3,18,5.31,2166.48,3171.8,415.64,237.32,3137.18,0.27,0.35,0.2,0.45,44804.0,6961.9400000000005,0.155386572627444,37.725867437604336,Low
Pizza,25946,Urban Pizza Bistro,QSR,West Auckland,1.04,45.29,1315,295,13360.55,357,204,459,16168.53,9239.16,20788.11,0.27559602,0.386526605,0.29,16,4.72,2166.48,4514.23,774.11,442.35,4857.35,0.29,0.35,0.2,0.45,59556.350000000006,10588.04,0.17778188220063856,71.41899113034664,High
Pizza,25649,Classic Pizza Kitchen,QSR,South Auckland,1.05,39.19,724,162,6348.78,197,112,253,7720.43,4389.28,9915.07,0.213539249,0.405171946,0.31,8,2.36,597.08,2420.72,550.38,312.91,3183.43,0.29,0.35,0.2,0.45,28373.559999999998,6467.44,0.2279389685326762,68.31613814646813,High
Pizza,25934,Urban Pizza Grill,Cafe,North Shore,1.03,45.2,1890,390,17628.0,525,300,675,23730.0,13560.0,30510.0,0.203595287,0.379665743,0.33,11,3.25,2193.75,7346.27,2058.32,1176.18,10520.96,0.26,0.35,0.2,0.45,85428.0,21101.73,0.247011869644613,77.0693529779405,High
Pizza,26476,Lucky Pizza Corner,Full-service,CBD,0.99,31.94,1747,590,18844.6,405,231,521,12935.7,7378.14,16640.74,0.351937074,0.474660008,0.33,12,3.54,1844.34,3267.71,-2025.69,-1155.4,1041.21,0.51,0.35,0.2,0.45,55799.18000000001,1127.83,0.02021230419515125,28.8820327308524,Low
Pizza,26599,Lucky Pizza Cafe,Full-service,CBD,0.99,35.67,2087,627,22365.09,511,292,657,18227.37,10415.64,23435.19,0.355992888,0.526625352,0.3,12,3.54,2325.78,2625.25,-3328.65,-1902.09,425.08,0.43,0.35,0.2,0.45,74443.29,-2180.41,-0.02928954375874575,32.34291670422611,Low
Pizza,25317,King Pizza Cafe,Full-service,West Auckland,1.04,34.87,1919,528,18411.36,487,278,626,16981.69,9693.86,21828.62,0.379930014,0.527670208,0.3,6,1.77,1108.02,1701.21,-3525.4,-2012.45,908.94,0.38,0.35,0.2,0.45,66915.53,-2927.7000000000003,-0.04375217531714985,53.90868966269712,Medium
Pizza,25062,Urban Pizza Diner,QSR,North Shore,1.03,35.16,1061,184,6469.44,307,175,395,10794.12,6153.0,13888.2,0.23208346,0.375091242,0.27,17,5.02,1982.9,2541.36,1325.79,755.74,3472.74,0.21,0.35,0.2,0.45,37304.76,8095.63,0.21701332484111946,57.669021312379556,Medium
Pizza,26598,Urban Pizza House,QSR,West Auckland,1.04,43.02,1189,245,10539.9,330,189,425,14196.6,8130.78,18283.5,0.207849491,0.381716514,0.29,5,1.48,629.0,4325.93,1709.75,979.22,6875.17,0.26,0.35,0.2,0.45,51150.78,13890.07,0.2715514797623809,74.45248510630573,High
Pizza,26642,Lucky Pizza Bistro,Full-service,North Shore,1.03,31.93,2228,722,23053.46,527,301,678,16827.11,9610.93,21648.54,0.380396652,0.472655459,0.27,10,2.95,2000.1,3387.66,-2070.61,-1182.65,1181.11,0.48,0.35,0.2,0.45,71140.04000000001,1315.5099999999995,0.018491836664696833,53.831404707377025,Medium
Pizza,26495,King Pizza Diner,QSR,South Auckland,1.05,43.36,816,152,6590.72,232,133,299,10059.52,5766.88,12964.64,0.244136251,0.372446544,0.29,6,1.77,529.23,2527.0,939.73,538.73,4441.64,0.23,0.35,0.2,0.45,35381.76,8447.1,0.23874165671803776,73.60070370717861,High
Pizza,25335,Classic Pizza House,QSR,CBD,0.99,33.29,1294,283,9421.07,354,202,455,11784.66,6724.58,15146.95,0.245935179,0.392003785,0.33,18,5.31,2416.05,3411.0,377.83,215.6,3068.07,0.28,0.35,0.2,0.45,43077.259999999995,7072.5,0.16418175157844303,34.96045554663049,Low
Pizza,26184,Urban Pizza House,Full-service,South Auckland,1.05,43.67,1837,628,27424.76,423,242,544,18472.41,10568.14,23756.48,0.397812515,0.542134725,0.29,15,4.43,2409.92,1646.93,-4247.68,-2430.11,-983.28,0.52,0.35,0.2,0.45,80221.79,-6014.14,-0.07496890807347979,63.51019307223794,Medium
Pizza,26484,King Pizza Diner,Full-service,West Auckland,1.04,37.47,1106,321,12027.87,275,157,353,10304.25,5882.79,13226.91,0.391800411,0.495386693,0.33,4,1.18,416.54,1356.9,-2237.95,-1277.67,1075.63,0.41,0.35,0.2,0.45,41441.82000000001,-1083.0899999999997,-0.026135193869381207,48.755413721022315,Medium
Pizza,26283,King Pizza Eatery,Cafe,CBD,0.99,33.83,1058,274,9269.42,274,157,353,9269.42,5311.31,11941.99,0.26670686,0.398674989,0.3,4,1.18,416.54,3101.72,320.89,183.87,3579.47,0.35,0.35,0.2,0.45,35792.14,7185.949999999999,0.20076893977281043,35.3994578362703,Low
Pizza,26673,King Pizza Kitchen,QSR,North Shore,1.03,31.05,1897,391,12140.55,527,301,678,16363.35,9346.05,21051.9,0.21674624,0.377016343,0.33,16,4.72,3200.16,4931.95,1247.5,712.52,5351.91,0.26,0.35,0.2,0.45,58901.85,12243.88,0.20786919256356123,62.33678805463734,Medium
Pizza,25948,King Pizza Eatery,Cafe,West Auckland,1.04,46.27,2074,514,23782.78,546,312,702,25263.42,14436.24,32481.54,0.214185018,0.367701809,0.29,6,1.77,1242.54,9943.89,3236.58,1849.47,12338.42,0.33,0.35,0.2,0.45,95963.98,27368.36,0.28519409053271866,87.50200286042245,High
Pizza,26568,Top Pizza Grill,Ghost Kitchen,West Auckland,1.04,35.23,1119,63,2219.49,370,211,475,13035.1,7433.53,16734.25,0.283086202,0.206905945,0.33,5,1.48,703.0,1131.96,2346.42,1338.09,7831.6,0.06,0.35,0.2,0.45,39422.369999999995,12648.07,0.32083484579947885,70.33301601792591,High
Pizza,26691,Classic Pizza Bistro,Cafe,South Auckland,1.05,43.57,1042,258,11241.06,274,157,353,11938.18,6840.49,15380.21,0.276894396,0.436961538,0.3,17,5.02,1772.06,3216.56,-165.41,-94.78,2628.9,0.33,0.35,0.2,0.45,45399.939999999995,5585.27,0.1230237308683668,68.37213887515927,High
Pizza,25491,Classic Pizza Tavern,Ghost Kitchen,South Auckland,1.05,39.37,517,19,748.03,174,100,224,6850.38,3937.0,8818.88,0.292274128,0.23113932,0.28,9,2.66,595.84,356.5,1346.69,773.96,3607.12,0.04,0.35,0.2,0.45,20354.29,6084.27,0.29891831156969856,71.06759188370302,High
Pizza,26085,King Pizza Eatery,Full-service,West Auckland,1.04,42.38,1695,484,20511.92,424,242,545,17969.12,10255.96,23097.1,0.365433915,0.508302149,0.31,11,3.25,1771.25,2589.92,-3301.58,-1884.39,1145.08,0.4,0.35,0.2,0.45,71834.09999999999,-1450.9700000000003,-0.020198902749529825,59.59133036987567,Medium
Pizza,26129,Urban Pizza Grill,QSR,West Auckland,1.04,36.23,859,182,6593.86,237,135,305,8586.51,4891.05,11050.15,0.209692816,0.398816181,0.33,6,1.77,539.85,2581.44,527.99,300.76,3786.18,0.27,0.35,0.2,0.45,31121.57,7196.370000000001,0.23123415688861457,62.41623528539728,Medium
Pizza,26451,King Pizza Grill,Cafe,CBD,0.99,41.53,874,196,8139.88,237,136,305,9842.61,5648.08,12666.65,0.22142045,0.376416661,0.3,10,2.95,899.75,3273.56,1005.55,577.02,4194.31,0.29,0.35,0.2,0.45,36297.22,9050.439999999999,0.24934251163036725,43.35247633751187,Low
Pizza,25954,Lucky Pizza Cafe,QSR,CBD,0.99,30.41,880,170,5169.7,248,142,320,7541.68,4318.22,9731.2,0.205783533,0.407764682,0.32,5,1.48,473.6,1997.84,501.16,286.95,3287.04,0.24,0.35,0.2,0.45,26760.800000000003,6072.99,0.22693604077606047,32.34255899489284,Low
Pizza,25310,Classic Pizza Eatery,Cafe,North Shore,1.03,37.34,859,188,7019.92,235,134,302,8774.9,5003.56,11276.68,0.249307421,0.364222071,0.29,17,5.02,1516.04,2712.99,846.52,482.7,2842.06,0.28,0.35,0.2,0.45,32075.06,6884.2699999999995,0.2146299960155959,57.25271173685987,Medium
Pizza,25810,Classic Pizza Grill,Full-service,CBD,0.99,30.33,1639,468,14194.44,410,234,527,12435.3,7097.22,15983.91,0.373194336,0.454851466,0.32,17,5.02,2645.54,2440.79,-1840.99,-1050.71,102.96,0.4,0.35,0.2,0.45,49710.869999999995,-347.9500000000001,-0.00699947516508965,24.525437460099234,Low
Pizza,25794,Lucky Pizza House,Cafe,West Auckland,1.04,36.95,817,237,8757.15,203,116,261,7500.85,4286.2,9643.95,0.2565739,0.387745711,0.32,18,5.31,1385.91,3114.75,267.63,152.93,2044.25,0.41,0.35,0.2,0.45,30188.15,5579.5599999999995,0.18482616523370923,59.46706638496746,Medium
Pizza,26657,Lucky Pizza Bistro,QSR,West Auckland,1.04,33.18,1575,335,11115.3,434,248,558,14400.12,8228.64,18514.44,0.264807687,0.357675141,0.29,13,3.84,2142.72,4196.22,1260.26,720.15,4846.8,0.27,0.35,0.2,0.45,52258.5,11023.43,0.21094042117550255,65.97899424652675,High
Pizza,25708,Lucky Pizza Tavern,Cafe,North Shore,1.03,38.2,1716,490,18718.0,429,245,552,16387.8,9359.0,21086.4,0.273293681,0.407523798,0.3,7,2.07,1142.64,5974.46,314.36,179.53,5587.77,0.4,0.35,0.2,0.45,65551.20000000001,12056.119999999999,0.18391913496625534,64.96421848083959,High
Pizza,25385,Urban Pizza Diner,Cafe,South Auckland,1.05,40.49,722,162,6559.38,196,112,252,7936.04,4534.88,10203.48,0.212264662,0.436031638,0.32,6,1.77,446.04,2306.96,251.6,143.77,3142.56,0.29,0.35,0.2,0.45,29233.78,5844.889999999999,0.1999361697324123,67.52728123833182,High
Pizza,25867,Classic Pizza House,QSR,North Shore,1.03,43.94,770,168,7381.92,211,120,271,9271.34,5272.8,11907.74,0.235598985,0.42356792,0.31,16,4.72,1279.12,2516.0,285.86,162.58,2779.43,0.28,0.35,0.2,0.45,33833.8,5743.87,0.1697672150334872,58.96916559888853,Medium
Pizza,25423,Classic Pizza Corner,Cafe,South Auckland,1.05,35.31,1929,580,20479.8,472,270,607,16666.32,9533.7,21433.17,0.256918876,0.368768269,0.31,9,2.66,1614.62,7665.85,1071.86,613.14,6408.09,0.43,0.35,0.2,0.45,68112.98999999999,15758.94,0.23136467801516278,77.92066080104362,High
Pizza,26524,Lucky Pizza Bistro,Cafe,South Auckland,1.05,45.79,1801,436,19964.44,478,273,614,21887.62,12500.67,28115.06,0.200578124,0.390207907,0.31,11,3.25,1995.5,8169.73,2171.56,1240.24,9509.58,0.32,0.35,0.2,0.45,82467.79,21091.11,0.2557496690526083,87.22644520360804,High
Pizza,26529,Classic Pizza Cafe,Full-service,South Auckland,1.05,44.3,1393,488,21618.4,317,181,407,14043.1,8018.3,18030.1,0.384137318,0.500554658,0.3,16,4.72,1921.04,2492.77,-2593.65,-1480.92,157.98,0.54,0.35,0.2,0.45,61709.9,-1423.8200000000002,-0.023072797071458553,62.863506950304114,Medium
Pizza,25707,King Pizza Diner,Cafe,South Auckland,1.05,37.73,1202,318,11998.14,309,177,398,11658.57,6678.21,15016.54,0.217949771,0.365999466,0.29,11,3.25,1293.5,4991.84,1469.57,841.79,4954.14,0.36,0.35,0.2,0.45,45351.46,12257.34,0.27027442997425,74.95372627147577,High
Pizza,25304,Classic Pizza Bistro,Full-service,West Auckland,1.04,41.88,2154,708,29651.04,506,289,651,21191.28,12103.32,27263.88,0.372427905,0.459272995,0.31,16,4.72,3072.72,4990.24,-3002.82,-1715.05,1515.77,0.49,0.35,0.2,0.45,90209.52,1788.1399999999996,0.019822076428297142,66.69831328663301,High
Pizza,26450,Top Pizza Bistro,QSR,North Shore,1.03,40.75,1759,293,11939.75,513,293,660,20904.75,11939.75,26895.0,0.209840251,0.408375806,0.33,13,3.84,2534.4,4558.4,1082.53,618.29,7733.68,0.2,0.35,0.2,0.45,71679.25,13992.9,0.19521549123351598,68.37180439774686,High
Pizza,26427,Lucky Pizza Tavern,Cafe,CBD,0.99,31.35,1591,486,15236.1,387,221,497,12132.45,6928.35,15580.95,0.267180956,0.405959353,0.27,17,5.02,2494.94,4980.07,689.85,393.94,2597.84,0.44,0.35,0.2,0.45,49877.850000000006,8661.7,0.1736582470976596,37.06299391795414,Low
Pizza,26651,Urban Pizza Grill,QSR,North Shore,1.03,43.8,1694,380,16644.0,460,263,591,20148.0,11519.4,25885.8,0.220182145,0.447627211,0.29,9,2.66,1572.06,5528.98,850.06,486.01,7026.96,0.29,0.35,0.2,0.45,74197.2,13892.009999999998,0.18723091976516631,69.77170050302261,High
Pizza,26557,Lucky Pizza Tavern,Full-service,South Auckland,1.05,43.14,969,305,13157.7,232,133,299,10008.48,5737.62,12898.86,0.383657122,0.455078477,0.29,5,1.48,442.52,2121.87,-1288.45,-738.64,1637.61,0.46,0.35,0.2,0.45,41802.66,1732.3899999999999,0.04144209961758414,61.73805300275102,Medium
Pizza,25553,King Pizza Eatery,Cafe,CBD,0.99,38.19,1435,438,16727.22,349,199,449,13328.31,7599.81,17147.31,0.223992471,0.391132963,0.31,7,2.07,929.43,6437.88,997.95,569.03,5670.13,0.44,0.35,0.2,0.45,54802.649999999994,13674.99,0.24953154637595082,46.410222186276904,Medium
Thai,25001,Lotus Grill,QSR,South Auckland,1.05,33.75,580,71,2396.25,254,153,102,8572.5,5163.75,3442.5,0.275752294,0.379911925,0.28,6,1.77,180.54,825.11,551.52,332.21,1004.84,0.14,0.5,0.3,0.2,19575.0,2713.6800000000003,0.13862988505747129,56.10363376739359,Medium
Thai,25608,Red Corner,Full-service,West Auckland,1.04,43.86,1689,369,16184.34,660,396,264,28947.6,17368.56,11579.04,0.381053507,0.492331564,0.31,13,3.84,1013.76,2049.18,-5308.56,-3185.13,452.32,0.28,0.5,0.3,0.2,74079.54000000001,-5992.1900000000005,-0.08088859623048415,56.713761192171155,Medium
Thai,25285,Sakura Corner,QSR,South Auckland,1.05,39.77,748,55,2187.35,346,208,139,13760.42,8272.16,5528.03,0.26003234,0.441909208,0.33,10,2.95,410.05,651.96,-439.53,-264.23,1237.63,0.08,0.5,0.3,0.2,29747.96,1185.8300000000002,0.039862565365826774,56.401944737128304,Medium
Thai,26659,Lotus Grill,QSR,North Shore,1.03,34.64,1424,152,5265.28,636,382,254,22031.04,13232.48,8798.56,0.224418778,0.382366169,0.28,3,0.89,226.06,2070.39,2494.25,1498.12,3233.67,0.12,0.5,0.3,0.2,49327.36,9296.43,0.18846396806964735,59.12819985757827,Medium
Thai,26582,Lotus Eatery,QSR,CBD,0.99,32.56,1565,167,5437.52,699,419,280,22759.44,13642.64,9116.8,0.218178118,0.431010805,0.3,14,4.13,1156.4,1907.54,1156.43,693.2,2041.87,0.12,0.5,0.3,0.2,50956.399999999994,5799.04,0.11380395789341477,33.798490720643805,Low
Thai,25127,Golden Cafe,QSR,South Auckland,1.05,37.01,534,61,2257.61,236,142,95,8734.36,5255.42,3515.95,0.209436131,0.421511781,0.27,17,5.02,476.9,833.18,865.16,520.56,820.67,0.13,0.5,0.3,0.2,19763.34,3039.5699999999997,0.1537983964248958,59.44384077891169,Medium
Thai,25896,Golden Eatery,Full-service,North Shore,1.03,35.01,1493,308,10783.08,592,356,237,20725.92,12463.56,8297.37,0.389836397,0.512049131,0.32,10,2.95,699.15,1057.98,-4598.78,-2765.48,114.94,0.26,0.5,0.3,0.2,52269.93,-6191.34,-0.11844936467295825,39.504867664727044,Low
Thai,25493,Golden House,Cafe,West Auckland,1.04,40.37,1328,152,6136.24,588,353,235,23737.56,14250.61,9486.95,0.221122461,0.43931963,0.33,7,2.07,486.45,2083.61,226.88,136.21,2734.92,0.13,0.5,0.3,0.2,53611.36,5181.620000000001,0.0966515305711327,61.860658247029356,Medium
Thai,26342,Lotus Eatery,Cafe,West Auckland,1.04,39.73,791,71,2820.83,360,216,144,14302.8,8581.68,5721.12,0.206660069,0.405520726,0.29,18,5.31,764.64,1093.97,1399.09,839.45,1454.12,0.1,0.5,0.3,0.2,31426.429999999997,4786.63,0.1523122416386462,59.394174063999195,Medium
Thai,25696,Dragon Eatery,Cafe,South Auckland,1.05,42.49,715,59,2506.91,328,197,131,13936.72,8370.53,5566.19,0.200809259,0.41955643,0.31,10,2.95,386.45,951.71,970.47,582.88,1726.67,0.09,0.5,0.3,0.2,30380.349999999995,4231.73,0.13929168031309713,65.08945556083904,High
Thai,25900,Golden Kitchen,Full-service,CBD,0.99,42.08,1095,204,8584.32,446,267,178,18767.68,11235.36,7490.24,0.392105522,0.485890759,0.33,16,4.72,840.16,1047.32,-3903.61,-2336.91,73.68,0.23,0.5,0.3,0.2,46077.6,-5119.5199999999995,-0.11110648124034238,21.881918572147136,Low
Thai,25012,Golden Grill,Cafe,West Auckland,1.04,36.18,1017,132,4775.76,442,266,177,15991.56,9623.88,6403.86,0.247586197,0.374162013,0.31,14,4.13,731.01,1806.44,1091.45,656.85,1691.26,0.15,0.5,0.3,0.2,36795.06,5246.0,0.14257348676697362,58.068947517008326,Medium
Thai,26468,Sakura Kitchen,QSR,South Auckland,1.05,39.72,831,75,2979.0,378,227,151,15014.16,9016.44,5997.72,0.218265656,0.394720011,0.32,3,0.89,134.39,1152.92,1006.16,604.23,2186.81,0.1,0.5,0.3,0.2,33007.32,4950.12,0.14997037020879006,64.64979818075872,High
Thai,26470,Golden Tavern,Cafe,South Auckland,1.05,46.77,1623,147,6875.19,738,443,295,34516.26,20719.11,13797.15,0.262257993,0.43405226,0.28,6,1.77,522.15,2087.92,817.68,490.83,3667.9,0.1,0.5,0.3,0.2,75907.71,7064.33,0.09306472293789392,75.23550226399391,High
Thai,26227,Lotus Eatery,Cafe,South Auckland,1.05,40.07,1191,127,5088.89,532,319,213,21317.24,12782.33,8534.91,0.261373642,0.353416023,0.3,16,4.72,1005.36,1960.29,1816.45,1089.19,2282.38,0.12,0.5,0.3,0.2,47723.369999999995,7148.31,0.14978636253055896,68.7359064468366,High
Thai,25096,Lotus Eatery,QSR,CBD,0.99,32.0,849,104,3328.0,372,224,149,11904.0,7168.0,4768.0,0.202812079,0.438259884,0.27,17,5.02,747.98,1194.51,1058.6,637.44,963.39,0.14,0.5,0.3,0.2,27168.0,3853.9399999999996,0.1418558598351001,27.65328276103215,Low
Thai,25987,Red House,QSR,West Auckland,1.04,43.24,1668,178,7696.72,745,447,298,32213.8,19328.28,12885.52,0.274228022,0.413060047,0.32,6,1.77,527.46,2406.86,-234.78,-140.87,3502.0,0.12,0.5,0.3,0.2,72124.31999999999,5533.21,0.07671767304010631,66.57315199166233,High
Thai,26028,Golden Eatery,Cafe,North Shore,1.03,43.28,1299,128,5539.84,586,351,234,25362.08,15191.28,10127.52,0.273229771,0.404283563,0.27,18,5.31,1242.54,1786.52,1331.17,797.34,2023.45,0.11,0.5,0.3,0.2,56220.72,5938.4800000000005,0.10562796065222929,59.66214555294464,Medium
Thai,26353,Dragon Bistro,QSR,CBD,0.99,31.56,1493,171,5396.76,661,397,264,20861.16,12529.32,8331.84,0.239739823,0.39163482,0.28,7,2.07,546.48,1989.38,1848.83,1110.42,2524.85,0.13,0.5,0.3,0.2,47119.08,7473.48,0.15860835992553335,35.1963067895268,Low
Thai,26152,Lotus Bistro,Cafe,West Auckland,1.04,34.57,1037,127,4390.39,455,273,182,15729.35,9437.61,6291.74,0.220947811,0.352360816,0.28,4,1.18,214.76,1873.34,2307.36,1384.42,2469.87,0.14,0.5,0.3,0.2,35849.090000000004,8034.99,0.2241337227806898,62.38793361784308,Medium
Thai,25142,Dragon Grill,Cafe,South Auckland,1.05,44.04,1062,96,4227.84,483,290,193,21271.32,12771.6,8499.72,0.225175304,0.418327892,0.31,17,5.02,968.86,1507.21,989.05,593.84,2061.26,0.1,0.5,0.3,0.2,46770.48,5151.360000000001,0.11014126859506253,68.119768939895,High
Thai,25386,Lotus Eatery,Ghost Kitchen,South Auckland,1.05,43.93,1351,111,4876.23,620,372,248,27236.6,16341.96,10894.64,0.284841953,0.206779945,0.31,5,1.48,367.04,2478.97,5403.15,3241.89,5171.56,0.09,0.5,0.3,0.2,59349.42999999999,16295.57,0.27456994953447744,82.14731150185538,High
Thai,25751,Lotus Eatery,QSR,CBD,0.99,40.45,1566,142,5743.9,712,427,285,28800.4,17272.15,11528.25,0.220950177,0.388419489,0.3,10,2.95,840.75,2243.74,2610.19,1565.38,3662.53,0.1,0.5,0.3,0.2,63344.700000000004,10081.84,0.15915838262711796,43.649606460660515,Low
Thai,25589,Sakura Diner,Ghost Kitchen,South Auckland,1.05,38.03,555,26,988.78,264,159,106,10039.92,6046.77,4031.18,0.276379965,0.220443526,0.28,18,5.31,562.86,497.53,2240.67,1349.5,1465.54,0.05,0.5,0.3,0.2,21106.65,5553.24,0.2631038085153257,67.90394593090886,High
Thai,26439,Sakura Kitchen,Full-service,CBD,0.99,36.1,782,151,5451.1,316,189,126,11407.6,6822.9,4548.6,0.379704359,0.460465877,0.33,17,5.02,632.52,871.25,-1941.23,-1161.05,94.48,0.24,0.5,0.3,0.2,28230.199999999997,-2136.5499999999997,-0.07568313366536546,15.822506289662789,Low
Thai,26118,Golden House,Ghost Kitchen,CBD,0.99,36.93,1620,147,5428.71,736,442,295,27180.48,16323.06,10894.35,0.291367353,0.311181535,0.32,4,1.18,348.1,2157.65,2105.16,1264.24,3981.87,0.1,0.5,0.3,0.2,59826.6,9508.919999999998,0.15894134047396974,41.17708683673914,Low
Thai,26077,Lotus Kitchen,QSR,CBD,0.99,32.96,1060,78,2570.88,491,295,196,16183.36,9723.2,6460.16,0.235267942,0.422363195,0.32,5,1.48,290.08,880.19,362.0,217.5,1921.68,0.08,0.5,0.3,0.2,34937.600000000006,3381.37,0.09678312190877449,27.66923637373595,Low
Thai,25796,Lotus Corner,Cafe,West Auckland,1.04,45.01,1228,141,6346.41,544,326,217,24485.44,14673.26,9767.17,0.220988511,0.352993194,0.31,14,4.13,896.21,2703.69,2840.76,1702.37,3264.78,0.13,0.5,0.3,0.2,55272.28,10511.6,0.19017851262875352,71.0953085647066,High
Thai,25029,Golden House,QSR,CBD,0.99,40.81,833,61,2489.41,386,232,154,15752.66,9467.92,6284.74,0.20658743,0.364191686,0.32,8,2.36,363.44,1068.51,1720.52,1034.09,2334.1,0.08,0.5,0.3,0.2,33994.729999999996,6157.219999999999,0.1811227799132395,37.70638834781171,Low
Thai,25758,Sakura Diner,Ghost Kitchen,North Shore,1.03,40.82,1476,70,2857.4,703,422,281,28696.46,17226.04,11470.42,0.288680646,0.222105606,0.32,4,1.18,331.58,1397.88,4855.84,2914.88,5279.91,0.05,0.5,0.3,0.2,60250.32,14448.51,0.2398080209366523,68.44991146130252,High
Thai,26122,Dragon Kitchen,QSR,CBD,0.99,44.53,1266,115,5120.95,576,345,230,25649.28,15362.85,10241.9,0.279058709,0.415310595,0.28,18,5.31,1221.3,1565.12,657.41,393.76,1908.94,0.1,0.5,0.3,0.2,56374.98,4525.23,0.08027018368787003,38.6814117281455,Low
Thai,25800,Sakura Diner,QSR,CBD,0.99,31.14,453,37,1152.18,208,125,83,6477.12,3892.5,2584.62,0.267548406,0.414790036,0.31,5,1.48,122.84,366.0,49.62,29.82,698.19,0.09,0.5,0.3,0.2,14106.419999999998,1143.63,0.0810715971876635,18.64280598979487,Low
Thai,25073,Dragon Bistro,Full-service,CBD,0.99,40.23,649,103,4143.69,273,164,109,10982.79,6597.72,4385.07,0.385292206,0.516773814,0.31,13,3.84,418.56,405.81,-2329.08,-1399.15,10.89,0.19,0.5,0.3,0.2,26109.27,-3311.53,-0.1268334963022712,14.52695445824643,Low
Thai,26044,Sakura Bistro,Cafe,North Shore,1.03,44.34,1678,138,6118.92,770,462,308,34141.8,20485.08,13656.72,0.267806369,0.421381369,0.28,4,1.18,363.44,1901.84,1051.99,631.19,3881.24,0.09,0.5,0.3,0.2,74402.52,7466.26,0.1003495580526036,64.21625329694945,High
Thai,26408,Lotus Bistro,Ghost Kitchen,South Auckland,1.05,38.88,511,24,933.12,244,146,97,9486.72,5676.48,3771.36,0.285626433,0.265033819,0.3,7,2.07,200.79,419.29,1416.74,847.72,1493.83,0.05,0.5,0.3,0.2,19867.68,4177.58,0.21027014729450041,64.61274816234786,High
Thai,26006,Lotus House,Cafe,South Auckland,1.05,39.79,1547,153,6087.87,697,418,279,27733.63,16632.22,11101.41,0.257934818,0.431698936,0.32,13,3.84,1071.36,1889.47,-267.18,-160.23,2374.14,0.11,0.5,0.3,0.2,61555.130000000005,3836.2,0.06232136947805974,66.35992935307974,High
Thai,26493,Sakura Tavern,Ghost Kitchen,North Shore,1.03,42.72,487,23,982.56,232,139,93,9911.04,5938.08,3972.96,0.27915413,0.263758044,0.32,15,4.43,411.99,449.12,1358.68,814.04,1404.0,0.05,0.5,0.3,0.2,20804.64,4025.84,0.1935068330910797,56.53339216037172,Medium
Thai,26655,Golden Diner,QSR,CBD,0.99,35.42,994,90,3187.8,452,271,181,16009.84,9598.82,6411.02,0.273310076,0.433302527,0.31,17,5.02,908.62,935.26,-265.97,-159.46,972.29,0.1,0.5,0.3,0.2,35207.479999999996,1482.12,0.042096736261726206,25.405945047186922,Low
Thai,25039,Lotus Grill,QSR,South Auckland,1.05,42.7,1079,115,4910.5,482,289,193,20581.4,12340.3,8241.1,0.269678716,0.384321288,0.3,7,2.07,399.51,1699.03,946.74,567.65,2451.91,0.12,0.5,0.3,0.2,46073.299999999996,5665.33,0.12296340830806564,68.01009192846273,High
Thai,25768,Sakura Eatery,Cafe,CBD,0.99,36.71,842,69,2532.99,386,232,155,14170.06,8516.72,5690.05,0.215933951,0.444786934,0.28,4,1.18,182.9,859.39,839.99,504.86,1747.62,0.09,0.5,0.3,0.2,30909.819999999996,3951.86,0.12785127833161114,30.68732134255506,Low
Thai,25041,Red Corner,QSR,CBD,0.99,31.52,863,99,3120.48,382,229,153,12040.64,7218.08,4822.56,0.223921237,0.385218956,0.31,13,3.84,587.52,1219.67,973.6,583.65,1297.42,0.13,0.5,0.3,0.2,27201.76,4074.34,0.1497822199740017,27.92192744634811,Low
Thai,26255,Lotus Cafe,QSR,CBD,0.99,31.26,1502,124,3876.24,689,413,276,21538.14,12910.38,8627.76,0.203652286,0.429619634,0.33,8,2.36,651.36,1421.53,791.05,474.17,2512.68,0.09,0.5,0.3,0.2,46952.52,5199.43,0.11073803919363648,31.80933684278934,Low
Thai,26538,Lotus Kitchen,QSR,CBD,0.99,33.85,543,70,2369.5,236,142,95,7988.6,4806.7,3215.75,0.242535119,0.426368784,0.3,6,1.77,168.15,784.53,248.41,149.47,896.57,0.15,0.5,0.3,0.2,18380.55,2078.98,0.11310760559395666,24.08052174436485,Low
Thai,26052,Golden Grill,Full-service,CBD,0.99,35.37,982,202,7144.74,390,234,156,13794.3,8276.58,5517.72,0.355087155,0.521680673,0.27,18,5.31,828.36,880.46,-2024.56,-1214.74,-148.4,0.26,0.5,0.3,0.2,34733.340000000004,-2507.2400000000002,-0.07218539881278334,17.539902739643328,Low
Thai,25651,Sakura House,Full-service,South Auckland,1.05,37.9,1714,385,14591.5,664,399,266,25165.6,15122.1,10081.4,0.378311447,0.536643758,0.3,16,4.72,1255.52,1240.93,-5409.48,-3250.57,-398.15,0.29,0.5,0.3,0.2,64960.6,-7817.269999999999,-0.12033863603476568,54.19452138380305,Medium
Thai,25908,Lotus Bistro,Ghost Kitchen,North Shore,1.03,38.79,1502,71,2754.09,716,429,286,27773.64,16640.91,11093.94,0.294298621,0.278156667,0.27,6,1.77,506.22,1177.5,4375.59,2621.69,4236.94,0.05,0.5,0.3,0.2,58262.58,12411.720000000001,0.213030730873916,65.1748409253322,High
Thai,26300,Sakura Bistro,Cafe,West Auckland,1.04,42.78,672,72,3080.16,300,180,120,12834.0,7700.4,5133.6,0.210961751,0.360864102,0.29,10,2.95,354.0,1318.84,1773.33,1064.0,1844.07,0.12,0.5,0.3,0.2,28748.159999999996,6000.24,0.20871735791090631,64.5608438965937,High
Thai,25412,Red Diner,Full-service,CBD,0.99,31.91,1132,188,5999.08,472,283,189,15061.52,9030.53,6030.99,0.360180454,0.494264544,0.32,14,4.13,780.57,873.2,-2627.41,-1575.33,97.27,0.2,0.5,0.3,0.2,36122.119999999995,-3232.27,-0.0894817358449615,14.981423045198557,Low
Thai,25291,Lotus Diner,QSR,South Auckland,1.05,36.1,521,55,1985.5,233,140,93,8411.3,5054.0,3357.3,0.233243496,0.365065243,0.31,10,2.95,274.35,797.56,771.24,463.41,1074.25,0.12,0.5,0.3,0.2,18808.1,3106.46,0.16516607206469555,59.289595046234425,Medium
Thai,25912,Dragon Eatery,QSR,South Auckland,1.05,33.69,535,48,1617.12,244,146,97,8220.36,4918.74,3267.93,0.214890445,0.44524494,0.31,13,3.84,372.48,549.6,245.5,146.9,738.17,0.1,0.5,0.3,0.2,18024.149999999998,1680.17,0.09321771068261196,52.51901214212643,Medium
Thai,26060,Dragon Grill,Full-service,West Auckland,1.04,34.19,617,111,3795.09,253,152,101,8650.07,5196.88,3453.19,0.372022026,0.478175588,0.32,17,5.02,507.02,568.51,-1472.22,-884.5,10.28,0.22,0.5,0.3,0.2,21095.23,-1777.93,-0.08428113843745719,36.86018269129085,Low
Thai,25901,Red Corner,Ghost Kitchen,North Shore,1.03,42.86,899,66,2828.76,416,250,167,17829.76,10715.0,7157.62,0.273968831,0.243197441,0.29,5,1.48,247.16,1365.82,3438.18,2066.21,3208.78,0.08,0.5,0.3,0.2,38531.14,10078.99,0.261580373692551,65.58428364811117,High
Thai,25093,Lotus House,Cafe,CBD,0.99,31.34,1447,119,3729.46,664,398,266,20809.76,12473.32,8336.44,0.254196327,0.394487719,0.31,3,0.89,236.74,1310.22,859.78,515.35,2691.98,0.09,0.5,0.3,0.2,45348.979999999996,5377.33,0.11857664714840335,31.825875036121275,Low
Thai,25782,Lotus House,Full-service,South Auckland,1.05,43.51,1123,163,7092.13,480,288,192,20884.8,12530.88,8353.92,0.358453106,0.468209247,0.27,14,4.13,792.96,1229.33,-2018.77,-1211.26,655.09,0.17,0.5,0.3,0.2,48861.729999999996,-1345.6100000000001,-0.02753913952698769,59.03514248737268,Medium
Thai,26187,Sakura Corner,Cafe,CBD,0.99,30.55,1005,99,3024.45,453,272,181,13839.15,8309.6,5529.55,0.273210553,0.42441024,0.32,10,2.95,533.95,914.53,-243.86,-146.42,1138.07,0.11,0.5,0.3,0.2,30702.749999999996,1662.32,0.05414238138277516,22.144559165314597,Low
Thai,25918,Sakura Corner,Cafe,CBD,0.99,32.66,1288,148,4833.68,570,342,228,18616.2,11169.72,7446.48,0.23218317,0.359768125,0.27,18,5.31,1210.68,1972.38,2569.94,1541.97,1827.85,0.13,0.5,0.3,0.2,42066.08,7912.139999999999,0.18808836002784188,35.96532331549258,Low
Thai,26310,Red Grill,QSR,West Auckland,1.04,37.74,675,55,2075.7,310,186,124,11699.4,7019.64,4679.76,0.252736609,0.430498164,0.28,5,1.48,183.52,657.51,430.13,258.08,1298.87,0.09,0.5,0.3,0.2,25474.5,2644.5899999999997,0.10381322498969557,53.19274345605031,Medium
Thai,26432,Dragon Corner,QSR,West Auckland,1.04,40.99,767,100,4099.0,334,200,133,13690.66,8198.0,5451.67,0.233901023,0.430628993,0.31,3,0.89,118.37,1375.09,348.7,208.8,1710.5,0.15,0.5,0.3,0.2,31439.33,3643.09,0.11587683325312594,57.77094265553342,Medium
Thai,26325,Red Tavern,Ghost Kitchen,North Shore,1.03,41.86,594,28,1172.08,283,170,113,11846.38,7116.2,4730.18,0.270292205,0.250429149,0.3,13,3.84,433.92,561.75,2123.8,1275.78,1833.15,0.05,0.5,0.3,0.2,24864.84,5794.48,0.23303910260431998,59.58474919368868,Medium
Thai,25342,Red Eatery,QSR,South Auckland,1.05,40.95,1693,167,6838.65,763,458,305,31244.85,18755.1,12489.75,0.276096989,0.361911601,0.31,4,1.18,359.9,2475.53,1624.46,975.1,4161.28,0.11,0.5,0.3,0.2,69328.35,9236.369999999999,0.13322645065114053,73.67290044406508,High
Thai,26394,Red House,Cafe,West Auckland,1.04,42.65,742,73,3113.45,334,201,134,14245.1,8572.65,5715.1,0.206470161,0.375823995,0.31,6,1.77,237.18,1300.51,1534.28,923.32,2150.05,0.11,0.5,0.3,0.2,31646.299999999996,5908.16,0.18669354711293265,63.70421095631398,High
Thai,25426,Golden Tavern,Full-service,South Auckland,1.05,33.36,1187,229,7639.44,479,287,192,15979.44,9574.32,6405.12,0.383104582,0.474600999,0.27,3,0.89,170.88,1087.05,-2040.66,-1222.69,740.53,0.24,0.5,0.3,0.2,39598.32,-1435.7700000000002,-0.036258356415120645,50.39311157745055,Medium
Thai,25116,Lotus House,QSR,CBD,0.99,38.65,961,87,3362.55,437,262,175,16890.05,10126.3,6763.75,0.247790213,0.351301837,0.29,4,1.18,206.5,1348.07,1873.24,1123.09,2505.14,0.1,0.5,0.3,0.2,37142.649999999994,6849.539999999999,0.18441172075767345,37.420298473290224,Low
Thai,26600,Golden Cafe,QSR,South Auckland,1.05,39.99,1260,114,4558.86,573,344,229,22914.27,13756.56,9157.71,0.215532009,0.354517742,0.28,16,4.72,1080.88,1960.08,3436.0,2062.8,2856.48,0.1,0.5,0.3,0.2,50387.4,10315.36,0.2047210215252226,73.09458193190254,High
Thai,26478,Sakura House,Ghost Kitchen,CBD,0.99,39.09,1005,91,3557.19,457,274,183,17864.13,10710.66,7153.47,0.291196894,0.243826453,0.31,13,3.84,702.72,1654.01,2768.52,1659.9,2623.48,0.1,0.5,0.3,0.2,39285.45,8705.91,0.22160647262536132,40.76779512692582,Low
Thai,26522,Red Eatery,QSR,CBD,0.99,31.74,916,67,2126.58,424,255,170,13457.76,8093.7,5395.8,0.230271822,0.397118115,0.3,18,5.31,902.7,792.39,977.17,587.68,1107.83,0.08,0.5,0.3,0.2,29073.84,3465.0699999999997,0.11918171111899906,26.609394605786246,Low
Thai,26239,Red Tavern,Ghost Kitchen,North Shore,1.03,36.32,708,52,1888.64,328,197,131,11912.96,7155.04,4757.92,0.287703668,0.282979662,0.32,12,3.54,463.74,810.82,1302.29,782.17,1578.91,0.08,0.5,0.3,0.2,25714.559999999998,4474.1900000000005,0.17399442183727823,52.04594394540071,Medium
Thai,25606,Sakura Cafe,Full-service,CBD,0.99,34.87,1181,299,10426.13,441,265,176,15377.67,9240.55,6137.12,0.394711548,0.51791803,0.31,15,4.43,779.68,910.94,-3423.52,-2057.22,-243.48,0.34,0.5,0.3,0.2,41181.47,-4813.279999999999,-0.11687975198554104,16.199022864195445,Low
Thai,26174,Golden Grill,Ghost Kitchen,CBD,0.99,38.21,1168,44,1681.24,562,337,225,21474.02,12876.77,8597.25,0.268919455,0.332449845,0.29,5,1.48,333.0,670.19,2332.74,1398.81,3094.13,0.04,0.5,0.3,0.2,44629.28,7495.87,0.16795856890364352,38.117346894343626,Low
Thai,26647,Dragon Grill,Full-service,South Auckland,1.05,38.63,1685,257,9927.91,714,428,286,27581.82,16533.64,11048.18,0.392217968,0.525533311,0.28,10,2.95,843.7,816.56,-5454.34,-3269.55,65.0,0.18,0.5,0.3,0.2,65091.549999999996,-7842.330000000001,-0.12048153715804895,54.50685735076466,Medium
Thai,25313,Lotus Diner,Full-service,CBD,0.99,36.98,1561,387,14311.26,587,352,235,21707.26,13016.96,8690.3,0.350269815,0.548850115,0.33,5,1.48,347.8,1443.72,-4973.57,-2982.44,528.88,0.33,0.5,0.3,0.2,57725.78,-5983.409999999999,-0.10365230231622681,22.913072333100875,Low
Thai,26081,Lotus Grill,Cafe,North Shore,1.03,30.92,865,71,2195.32,397,238,159,12275.24,7358.96,4916.28,0.261253973,0.383562794,0.3,17,5.02,798.18,779.74,677.39,406.09,948.0,0.09,0.5,0.3,0.2,26745.8,2811.2200000000003,0.10510883951872818,44.41839175546713,Low
Thai,25921,Red Bistro,Full-service,CBD,0.99,33.68,1135,219,7375.92,458,275,183,15425.44,9262.0,6163.44,0.358628504,0.451201858,0.31,10,2.95,539.85,1402.68,-1848.44,-1109.87,632.25,0.24,0.5,0.3,0.2,38226.8,-923.3799999999999,-0.024155304655372665,20.93491099324335,Low
Thai,25842,Lotus Tavern,Full-service,West Auckland,1.04,38.56,1900,438,16889.28,731,439,292,28187.36,16927.84,11259.52,0.389111205,0.543804642,0.3,7,2.07,604.44,1133.0,-6565.28,-3942.76,150.9,0.3,0.5,0.3,0.2,73264.0,-9224.140000000001,-0.125902762611924,51.34948505773167,Medium
Thai,25236,Golden Grill,Cafe,CBD,0.99,39.5,1086,116,4582.0,485,291,194,19157.5,11494.5,7663.0,0.234972756,0.369798992,0.3,6,1.77,343.38,1810.94,1824.34,1094.6,2685.25,0.12,0.5,0.3,0.2,42897.0,7415.129999999999,0.17285894118469822,38.6919072736034,Low
Thai,26423,Lotus House,Cafe,CBD,0.99,36.86,1349,133,4902.38,608,365,243,22410.88,13453.9,8956.98,0.25602814,0.353140121,0.28,12,3.54,860.22,1916.01,2483.84,1491.12,2640.45,0.11,0.5,0.3,0.2,49724.14,8531.42,0.1715750136653947,39.10905917139543,Low
Thai,25198,Dragon Cafe,Full-service,North Shore,1.03,40.46,1850,370,14970.2,740,444,296,29940.4,17964.24,11976.16,0.386763495,0.459050244,0.29,7,2.07,612.72,2308.2,-4066.32,-2439.79,1233.84,0.25,0.5,0.3,0.2,74851.00000000001,-2964.0699999999997,-0.03959960454770142,53.26841382796287,Medium
Thai,26639,Golden Bistro,QSR,CBD,0.99,37.71,1618,147,5543.37,736,441,294,27754.56,16630.11,11086.74,0.267845282,0.380784003,0.28,15,4.43,1302.42,1947.78,1980.86,1186.9,2593.14,0.1,0.5,0.3,0.2,61014.78,7708.68,0.12634119142935532,39.63136863924054,Low
Thai,25685,Sakura Corner,Ghost Kitchen,South Auckland,1.05,31.57,1355,111,3504.27,622,373,249,19636.54,11775.61,7860.93,0.268727283,0.329294815,0.27,16,4.72,1175.28,1408.64,2591.59,1554.12,1984.64,0.09,0.5,0.3,0.2,42777.35,7538.990000000001,0.17623789224905237,64.93649165019151,High
Thai,25808,Golden Tavern,Cafe,North Shore,1.03,34.21,1169,134,4584.14,518,310,207,17720.78,10605.1,7081.47,0.225179228,0.410976772,0.29,11,3.25,672.75,1667.91,1308.57,783.12,1903.8,0.13,0.5,0.3,0.2,39991.49,5663.4,0.1416151286186136,52.91340063228729,Medium
Thai,25214,Lotus Tavern,Full-service,North Shore,1.03,37.89,1320,304,11518.56,508,305,203,19248.12,11556.45,7691.67,0.380722508,0.533049142,0.31,4,1.18,239.54,993.23,-4307.18,-2586.01,423.7,0.3,0.5,0.3,0.2,50014.8,-5476.260000000001,-0.10949279013412032,40.76022768335593,Low
Thai,25135,Sakura Cafe,Cafe,West Auckland,1.04,36.18,1261,114,4124.52,574,344,229,20767.32,12445.92,8285.22,0.269087497,0.398620194,0.32,17,5.02,1149.58,1370.55,255.28,152.99,1603.53,0.1,0.5,0.3,0.2,45622.98,3382.35,0.07413698096880124,56.03385580858116,Medium
Thai,25203,Golden Kitchen,Cafe,North Shore,1.03,44.67,452,37,1652.79,208,124,83,9291.36,5539.08,3707.61,0.208990757,0.391666815,0.3,7,2.07,171.81,660.03,923.03,550.27,1308.8,0.09,0.5,0.3,0.2,20190.840000000004,3442.13,0.17047978192091065,56.29059078839161,Medium
Thai,25338,Dragon Bistro,Full-service,North Shore,1.03,46.08,1209,293,13501.44,458,275,183,21104.64,12672.0,8432.64,0.361146417,0.466962074,0.32,3,0.89,162.87,2320.78,-3125.78,-1876.83,1286.63,0.32,0.5,0.3,0.2,55710.72,-1395.1999999999998,-0.025043654075912136,52.320812461403044,Medium
Thai,26038,Red Kitchen,Cafe,CBD,0.99,42.85,1675,205,8784.25,735,441,294,31494.75,18896.85,12597.9,0.234117302,0.386677668,0.29,13,3.84,1128.96,3331.03,2809.49,1685.69,3648.23,0.14,0.5,0.3,0.2,71773.75,11474.44,0.15986959020533273,46.91151272628938,Medium
Thai,25341,Golden Diner,Cafe,West Auckland,1.04,46.74,1656,136,6356.64,760,456,304,35522.4,21313.44,14208.96,0.2489923,0.362152524,0.32,6,1.77,538.08,2471.81,2445.9,1467.54,4987.15,0.09,0.5,0.3,0.2,77401.44,11372.4,0.14692749902327398,74.1852483733197,High
Thai,26402,Golden Bistro,QSR,West Auckland,1.04,33.08,1596,131,4333.48,732,440,293,24214.56,14555.2,9692.44,0.204263631,0.401772221,0.32,14,4.13,1210.09,1707.24,1791.01,1076.56,2608.38,0.09,0.5,0.3,0.2,52795.68000000001,7183.19,0.13605639703854555,61.071357510842006,Medium
Thai,25209,Lotus Cafe,QSR,West Auckland,1.04,40.15,756,62,2489.3,347,208,139,13932.05,8351.2,5580.85,0.244963589,0.359863575,0.31,13,3.84,533.76,983.7,1186.63,711.3,1671.64,0.09,0.5,0.3,0.2,30353.4,4553.27,0.15000856576199043,59.2310707111202,Medium
Thai,25951,Sakura Grill,Cafe,CBD,0.99,32.74,1350,165,5402.1,592,356,237,19382.08,11655.44,7759.38,0.279972081,0.352566043,0.32,17,5.02,1189.74,1985.07,919.91,553.19,1661.54,0.14,0.5,0.3,0.2,44199.0,5119.71,0.11583316364623635,31.822033826873025,Low
Thai,25588,Sakura Bistro,Full-service,CBD,0.99,31.28,1317,319,9978.32,499,299,200,15608.72,9352.72,6256.0,0.375164251,0.501828225,0.32,15,4.43,886.0,1227.41,-3074.8,-1842.42,-116.46,0.32,0.5,0.3,0.2,41195.76,-3806.2700000000004,-0.0923947027558176,16.194865096103516,Low
Thai,25723,Lotus Diner,Full-service,West Auckland,1.04,35.54,1278,247,8778.38,516,309,206,18338.64,10981.86,7321.24,0.380787803,0.522619983,0.28,15,4.43,912.58,847.92,-3363.45,-2014.16,-205.41,0.24,0.5,0.3,0.2,45420.119999999995,-4735.099999999999,-0.10425115565524706,43.64897772207614,Low
Thai,25293,Dragon House,QSR,North Shore,1.03,34.17,1171,116,3963.72,528,316,211,18041.76,10797.72,7209.87,0.249835726,0.395018262,0.29,9,2.66,561.26,1407.7,1175.35,703.43,1999.3,0.11,0.5,0.3,0.2,40013.07,5285.78,0.13210133588849843,52.25937722692494,Medium
Thai,26575,Red Cafe,QSR,North Shore,1.03,40.54,713,87,3526.98,313,188,125,12689.02,7621.52,5067.5,0.227850398,0.35729608,0.28,11,3.25,406.25,1463.18,1711.16,1027.79,1696.02,0.14,0.5,0.3,0.2,28905.02,5898.15,0.20405279083010494,57.752587469138994,Medium
Thai,25915,Dragon Corner,QSR,West Auckland,1.04,35.71,661,54,1928.34,304,182,121,10855.84,6499.22,4320.91,0.259329587,0.445680566,0.29,17,5.02,607.42,568.84,54.17,32.43,667.2,0.09,0.5,0.3,0.2,23604.31,1322.6399999999999,0.056033834498869055,48.08132255654819,Medium
Thai,25565,Red Bistro,Full-service,CBD,0.99,40.18,629,113,4540.34,258,155,103,10366.44,6227.9,4138.54,0.384402006,0.475210898,0.3,13,3.84,395.52,637.41,-1654.62,-994.05,185.48,0.22,0.5,0.3,0.2,25273.22,-1825.7799999999997,-0.0722416850721831,17.949524672332334,Low
Thai,25594,Golden Grill,QSR,South Auckland,1.05,31.8,801,79,2512.2,361,217,144,11479.8,6900.6,4579.2,0.243598114,0.448296407,0.32,12,3.54,509.76,774.02,-136.55,-82.08,901.12,0.11,0.5,0.3,0.2,25471.8,1456.51,0.05718127497860379,51.27243272461237,Medium
Thai,25311,Dragon Cafe,Cafe,West Auckland,1.04,42.59,1247,133,5664.47,557,334,223,23722.63,14225.06,9497.57,0.235793831,0.44291937,0.33,5,1.48,330.04,1819.92,-206.7,-123.95,2721.4,0.12,0.5,0.3,0.2,53109.73,4210.67,0.07928245916520381,61.74589241675137,Medium
Thai,26413,Dragon Cafe,Full-service,North Shore,1.03,35.9,1185,229,8221.1,478,287,191,17160.2,10303.3,6856.9,0.390984164,0.477837196,0.33,5,1.48,282.68,1078.43,-3411.81,-2048.52,616.8,0.24,0.5,0.3,0.2,42541.50000000001,-3765.0999999999995,-0.08850416651975128,39.03809630613164,Low
Thai,26485,Red Grill,Ghost Kitchen,CBD,0.99,31.58,1534,100,3158.0,717,430,287,22642.86,13579.4,9063.46,0.250799027,0.218265328,0.33,7,2.07,594.09,1676.69,4549.76,2728.59,4218.02,0.07,0.5,0.3,0.2,48443.72,13173.060000000001,0.27192502970457266,43.277433200971124,Low
Thai,25870,Lotus House,Cafe,CBD,0.99,33.31,694,74,2464.94,310,186,124,10326.1,6195.66,4130.44,0.266672137,0.393121137,0.3,12,3.54,438.96,838.59,415.18,249.11,966.24,0.12,0.5,0.3,0.2,23117.14,2469.12,0.10680906029033004,24.784716781528875,Low
Thai,25101,Sakura Corner,Cafe,South Auckland,1.05,35.34,516,63,2226.42,226,136,91,7986.84,4806.24,3215.94,0.251578906,0.360658101,0.31,11,3.25,295.75,863.32,621.08,373.75,951.27,0.14,0.5,0.3,0.2,18235.44,2809.42,0.15406373523205363,57.83548368250088,Medium
Thai,26327,Golden Corner,Cafe,West Auckland,1.04,38.9,1433,118,4590.2,658,394,263,25596.2,15326.6,10230.7,0.204770706,0.396094514,0.3,18,5.31,1396.53,1832.11,2537.47,1519.4,2686.9,0.09,0.5,0.3,0.2,55743.7,8575.88,0.15384482910176395,65.55566359570986,High
Thai,25978,Lotus Kitchen,QSR,South Auckland,1.05,38.31,792,84,3218.04,354,212,142,13561.74,8121.72,5440.02,0.211391043,0.430094911,0.3,10,2.95,418.9,1153.71,793.55,475.23,1531.42,0.12,0.5,0.3,0.2,30341.52,3953.91,0.13031351099087982,61.70186372398984,Medium
Thai,26290,Dragon Corner,Cafe,South Auckland,1.05,43.61,1194,98,4273.78,548,329,219,23898.28,14347.69,9550.59,0.274733711,0.351069266,0.32,4,1.18,258.42,1599.24,1295.22,777.6,3315.38,0.09,0.5,0.3,0.2,52070.34,6987.4400000000005,0.13419232522775923,70.76207928088185,High
Thai,26396,Lotus House,Full-service,CBD,0.99,30.74,1746,433,13310.42,656,394,263,20165.44,12111.56,8084.62,0.38678893,0.527872555,0.32,11,3.25,854.75,1135.89,-4732.05,-2842.12,-164.82,0.33,0.5,0.3,0.2,53672.04,-6603.099999999999,-0.12302681247070169,18.192779062020865,Low
Thai,26071,Golden Corner,Full-service,North Shore,1.03,40.31,1451,335,13503.85,558,335,223,22492.98,13503.85,8989.13,0.385566012,0.4718486,0.31,17,5.02,1119.46,1925.45,-3765.65,-2260.74,162.26,0.3,0.5,0.3,0.2,58489.81,-3938.6799999999994,-0.06733959299919079,47.06235942974671,Medium
Thai,25848,Dragon Diner,QSR,West Auckland,1.04,43.98,704,58,2550.84,323,194,129,14205.54,8532.12,5673.42,0.260760235,0.382037406,0.31,15,4.43,571.47,911.17,670.53,402.74,1455.09,0.09,0.5,0.3,0.2,30961.92,3439.5299999999997,0.11108904098970607,59.35562089632557,Medium
Thai,25151,Sakura House,Full-service,CBD,0.99,43.54,754,178,7750.12,288,173,115,12539.52,7532.42,5007.1,0.382122565,0.497377487,0.31,12,3.54,407.1,933.89,-2376.24,-1427.39,196.26,0.31,0.5,0.3,0.2,32829.159999999996,-2673.4799999999996,-0.08143613787254989,21.538787845018327,Low
Thai,25970,Red Grill,Cafe,West Auckland,1.04,44.75,1487,182,8144.5,652,392,261,29177.0,17542.0,11679.75,0.254748365,0.358959943,0.29,13,3.84,1002.24,3146.15,2809.5,1689.15,3509.55,0.14,0.5,0.3,0.2,66543.25,11154.349999999999,0.16762556683059512,72.08489940829423,High
Thai,26281,Dragon Grill,QSR,South Auckland,1.05,41.14,1111,127,5224.78,492,295,197,20240.88,12136.3,8104.58,0.278928129,0.411105664,0.28,16,4.72,929.84,1619.51,606.54,363.68,1582.31,0.13,0.5,0.3,0.2,45706.54,4172.04,0.09127884105863186,64.87206969898314,High
Thai,25302,Lotus Diner,QSR,West Auckland,1.04,38.7,643,47,1818.9,298,179,119,11532.6,6927.3,4605.3,0.260166934,0.372408486,0.33,11,3.25,386.75,668.31,431.6,259.25,1305.35,0.08,0.5,0.3,0.2,24884.1,2664.5099999999998,0.1070768080822694,53.90066836143356,Medium
Thai,26314,Red Corner,QSR,West Auckland,1.04,35.07,1689,194,6803.58,748,448,299,26232.36,15711.36,10485.93,0.266547036,0.411295226,0.27,15,4.43,1324.57,2191.83,1368.22,819.47,2053.55,0.13,0.5,0.3,0.2,59233.23,6433.070000000001,0.1086057606515802,61.91525959203674,Medium
Thai,26260,Sakura Corner,Cafe,South Auckland,1.05,34.44,1205,119,4098.36,543,326,217,18700.92,11227.44,7473.48,0.269214967,0.356105331,0.31,18,5.31,1152.27,1535.57,1209.57,726.19,1647.89,0.11,0.5,0.3,0.2,41500.2,5119.22,0.12335410431756957,62.261159904634525,Medium
Thai,25922,Sakura Grill,QSR,West Auckland,1.04,45.65,809,93,4245.45,358,215,143,16342.7,9814.75,6527.95,0.246918834,0.365987624,0.31,17,5.02,717.86,1643.39,1259.92,756.65,1809.07,0.13,0.5,0.3,0.2,36930.85,5469.030000000001,0.14808838680940192,64.391330475481,High
Thai,25647,Sakura Kitchen,Full-service,West Auckland,1.04,36.37,1227,245,8910.65,491,295,196,17857.67,10729.15,7128.52,0.395507183,0.525198789,0.28,6,1.77,346.92,706.56,-3584.14,-2153.4,218.33,0.25,0.5,0.3,0.2,44625.990000000005,-4812.65,-0.10784410609153991,43.58290800653704,Low
Thai,26412,Lotus Bistro,Ghost Kitchen,North Shore,1.03,45.81,487,31,1420.11,228,137,91,10444.68,6275.97,4168.71,0.256343027,0.218021783,0.3,17,5.02,456.82,746.46,2356.69,1416.08,1734.4,0.07,0.5,0.3,0.2,22309.47,6253.629999999999,0.28031279990066993,65.03711847041687,High
Thai,26275,Dragon Bistro,Ghost Kitchen,North Shore,1.03,44.2,956,62,2740.4,447,268,179,19757.4,11845.6,7911.8,0.288360495,0.223345706,0.3,17,5.02,898.58,1338.12,3720.2,2230.45,2964.7,0.07,0.5,0.3,0.2,42255.200000000004,10253.47,0.2426558151422783,66.0635773025638,High
Thai,26454,Dragon Corner,QSR,South Auckland,1.05,44.72,758,62,2772.64,348,209,139,15562.56,9346.48,6216.08,0.240116412,0.410383798,0.32,5,1.48,205.72,969.04,459.09,275.72,1966.8,0.09,0.5,0.3,0.2,33897.76,3670.6499999999996,0.10828591623753309,65.37292953559275,High
Thai,25699,Golden Corner,Cafe,North Shore,1.03,36.98,1084,124,4585.52,480,288,192,17750.4,10650.24,7100.16,0.27414902,0.380040636,0.28,5,1.48,284.16,1585.72,1168.16,700.9,2171.15,0.13,0.5,0.3,0.2,40086.32000000001,5625.93,0.1403453846599039,54.31371799181398,Medium
Thai,26388,Lotus Grill,Full-service,West Auckland,1.04,33.91,1284,186,6307.26,549,329,220,18616.59,11156.39,7460.2,0.362043739,0.52447024,0.28,15,4.43,974.6,715.79,-3099.92,-1857.69,-127.97,0.17,0.5,0.3,0.2,43540.439999999995,-4369.79,-0.10036164081024447,42.572262953441594,Low
